Data,Ano,Mes,Dia,Mes_Nome,Mes_Nome_Completo,Ano_Mes,Ano_Mes_Label,Dia_Semana,Dia_Semana_Abrev,Dia_Semana_Num,Semana_ISO,Semana_Inicio,Semana_Label,Loja,Canal,Valor
2025-01-02,2025,1,2,Jan,Janeiro,2025-01,Jan/2025,Quinta,Qui,4,1,2024-12-30,30/12 - 05/01/2025,CARINAS,CASA,5355.81
2025-01-02,2025,1,2,Jan,Janeiro,2025-01,Jan/2025,Quinta,Qui,4,1,2024-12-30,30/12 - 05/01/2025,CARINAS,DELIVERY,547.7
2025-01-02,2025,1,2,Jan,Janeiro,2025-01,Jan/2025,Quinta,Qui,4,1,2024-12-30,30/12 - 05/01/2025,CHÁCARA,CASA,3082.29
2025-01-02,2025,1,2,Jan,Janeiro,2025-01,Jan/2025,Quinta,Qui,4,1,2024-12-30,30/12 - 05/01/2025,LAPA,CASA,1650.2
2025-01-02,2025,1,2,Jan,Janeiro,2025-01,Jan/2025,Quinta,Qui,4,1,2024-12-30,30/12 - 05/01/2025,LAPA,DELIVERY,209.8
2025-01-02,2025,1,2,Jan,Janeiro,2025-01,Jan/2025,Quinta,Qui,4,1,2024-12-30,30/12 - 05/01/2025,PAVÃO,CASA,273.97
2025-01-02,2025,1,2,Jan,Janeiro,2025-01,Jan/2025,Quinta,Qui,4,1,2024-12-30,30/12 - 05/01/2025,PAVÃO,DELIVERY,258.38
2025-01-02,2025,1,2,Jan,Janeiro,2025-01,Jan/2025,Quinta,Qui,4,1,2024-12-30,30/12 - 05/01/2025,PERDIZES,CASA,1457.31
2025-01-02,2025,1,2,Jan,Janeiro,2025-01,Jan/2025,Quinta,Qui,4,1,2024-12-30,30/12 - 05/01/2025,PERDIZES,DELIVERY,509.6
2025-01-02,2025,1,2,Jan,Janeiro,2025-01,Jan/2025,Quinta,Qui,4,1,2024-12-30,30/12 - 05/01/2025,SANTANA,CASA,3163.78
2025-01-02,2025,1,2,Jan,Janeiro,2025-01,Jan/2025,Quinta,Qui,4,1,2024-12-30,30/12 - 05/01/2025,SANTANA,DELIVERY,396.4
2025-01-02,2025,1,2,Jan,Janeiro,2025-01,Jan/2025,Quinta,Qui,4,1,2024-12-30,30/12 - 05/01/2025,SANTO ANDRÉ,CASA,448.69
2025-01-02,2025,1,2,Jan,Janeiro,2025-01,Jan/2025,Quinta,Qui,4,1,2024-12-30,30/12 - 05/01/2025,TATUAPÉ,CASA,8917.33
2025-01-02,2025,1,2,Jan,Janeiro,2025-01,Jan/2025,Quinta,Qui,4,1,2024-12-30,30/12 - 05/01/2025,TATUAPÉ,DELIVERY,359.02
2025-01-02,2025,1,2,Jan,Janeiro,2025-01,Jan/2025,Quinta,Qui,4,1,2024-12-30,30/12 - 05/01/2025,VILA MADALENA,CASA,13612.37
2025-01-02,2025,1,2,Jan,Janeiro,2025-01,Jan/2025,Quinta,Qui,4,1,2024-12-30,30/12 - 05/01/2025,VILA MADALENA,DELIVERY,231.1
2025-01-02,2025,1,2,Jan,Janeiro,2025-01,Jan/2025,Quinta,Qui,4,1,2024-12-30,30/12 - 05/01/2025,VILA MARIANA,CASA,9415.16
2025-01-02,2025,1,2,Jan,Janeiro,2025-01,Jan/2025,Quinta,Qui,4,1,2024-12-30,30/12 - 05/01/2025,VILA MARIANA,DELIVERY,860.5
2025-01-03,2025,1,3,Jan,Janeiro,2025-01,Jan/2025,Sexta,Sex,5,1,2024-12-30,30/12 - 05/01/2025,CARINAS,CASA,13423.71
2025-01-03,2025,1,3,Jan,Janeiro,2025-01,Jan/2025,Sexta,Sex,5,1,2024-12-30,30/12 - 05/01/2025,CARINAS,DELIVERY,703.4
2025-01-03,2025,1,3,Jan,Janeiro,2025-01,Jan/2025,Sexta,Sex,5,1,2024-12-30,30/12 - 05/01/2025,CHÁCARA,CASA,1189.55
2025-01-03,2025,1,3,Jan,Janeiro,2025-01,Jan/2025,Sexta,Sex,5,1,2024-12-30,30/12 - 05/01/2025,LAPA,CASA,2586.5
2025-01-03,2025,1,3,Jan,Janeiro,2025-01,Jan/2025,Sexta,Sex,5,1,2024-12-30,30/12 - 05/01/2025,LAPA,DELIVERY,470.8
2025-01-03,2025,1,3,Jan,Janeiro,2025-01,Jan/2025,Sexta,Sex,5,1,2024-12-30,30/12 - 05/01/2025,PAVÃO,CASA,4537.84
2025-01-03,2025,1,3,Jan,Janeiro,2025-01,Jan/2025,Sexta,Sex,5,1,2024-12-30,30/12 - 05/01/2025,PAVÃO,DELIVERY,976.62
2025-01-03,2025,1,3,Jan,Janeiro,2025-01,Jan/2025,Sexta,Sex,5,1,2024-12-30,30/12 - 05/01/2025,PERDIZES,CASA,5360.65
2025-01-03,2025,1,3,Jan,Janeiro,2025-01,Jan/2025,Sexta,Sex,5,1,2024-12-30,30/12 - 05/01/2025,SANTANA,CASA,7404.07
2025-01-03,2025,1,3,Jan,Janeiro,2025-01,Jan/2025,Sexta,Sex,5,1,2024-12-30,30/12 - 05/01/2025,SANTANA,DELIVERY,1021.0
2025-01-03,2025,1,3,Jan,Janeiro,2025-01,Jan/2025,Sexta,Sex,5,1,2024-12-30,30/12 - 05/01/2025,SANTO ANDRÉ,CASA,14515.87
2025-01-03,2025,1,3,Jan,Janeiro,2025-01,Jan/2025,Sexta,Sex,5,1,2024-12-30,30/12 - 05/01/2025,SANTO ANDRÉ,DELIVERY,115.5
2025-01-03,2025,1,3,Jan,Janeiro,2025-01,Jan/2025,Sexta,Sex,5,1,2024-12-30,30/12 - 05/01/2025,TATUAPÉ,CASA,6273.57
2025-01-03,2025,1,3,Jan,Janeiro,2025-01,Jan/2025,Sexta,Sex,5,1,2024-12-30,30/12 - 05/01/2025,TATUAPÉ,DELIVERY,862.53
2025-01-03,2025,1,3,Jan,Janeiro,2025-01,Jan/2025,Sexta,Sex,5,1,2024-12-30,30/12 - 05/01/2025,VILA MADALENA,CASA,4686.86
2025-01-03,2025,1,3,Jan,Janeiro,2025-01,Jan/2025,Sexta,Sex,5,1,2024-12-30,30/12 - 05/01/2025,VILA MADALENA,DELIVERY,288.3
2025-01-03,2025,1,3,Jan,Janeiro,2025-01,Jan/2025,Sexta,Sex,5,1,2024-12-30,30/12 - 05/01/2025,VILA MARIANA,CASA,8138.95
2025-01-03,2025,1,3,Jan,Janeiro,2025-01,Jan/2025,Sexta,Sex,5,1,2024-12-30,30/12 - 05/01/2025,VILA MARIANA,DELIVERY,1471.5
2025-01-04,2025,1,4,Jan,Janeiro,2025-01,Jan/2025,Sábado,Sáb,6,1,2024-12-30,30/12 - 05/01/2025,CARINAS,CASA,63843.89
2025-01-04,2025,1,4,Jan,Janeiro,2025-01,Jan/2025,Sábado,Sáb,6,1,2024-12-30,30/12 - 05/01/2025,CARINAS,DELIVERY,1748.9
2025-01-04,2025,1,4,Jan,Janeiro,2025-01,Jan/2025,Sábado,Sáb,6,1,2024-12-30,30/12 - 05/01/2025,CHÁCARA,CASA,14673.34
2025-01-04,2025,1,4,Jan,Janeiro,2025-01,Jan/2025,Sábado,Sáb,6,1,2024-12-30,30/12 - 05/01/2025,LAPA,CASA,31533.5
2025-01-04,2025,1,4,Jan,Janeiro,2025-01,Jan/2025,Sábado,Sáb,6,1,2024-12-30,30/12 - 05/01/2025,LAPA,DELIVERY,2089.5
2025-01-04,2025,1,4,Jan,Janeiro,2025-01,Jan/2025,Sábado,Sáb,6,1,2024-12-30,30/12 - 05/01/2025,PAVÃO,CASA,17258.31
2025-01-04,2025,1,4,Jan,Janeiro,2025-01,Jan/2025,Sábado,Sáb,6,1,2024-12-30,30/12 - 05/01/2025,PAVÃO,DELIVERY,2304.47
2025-01-04,2025,1,4,Jan,Janeiro,2025-01,Jan/2025,Sábado,Sáb,6,1,2024-12-30,30/12 - 05/01/2025,PERDIZES,CASA,12032.34
2025-01-04,2025,1,4,Jan,Janeiro,2025-01,Jan/2025,Sábado,Sáb,6,1,2024-12-30,30/12 - 05/01/2025,SANTANA,CASA,46577.98
2025-01-04,2025,1,4,Jan,Janeiro,2025-01,Jan/2025,Sábado,Sáb,6,1,2024-12-30,30/12 - 05/01/2025,SANTANA,DELIVERY,3096.8
2025-01-04,2025,1,4,Jan,Janeiro,2025-01,Jan/2025,Sábado,Sáb,6,1,2024-12-30,30/12 - 05/01/2025,SANTO ANDRÉ,CASA,53432.17
2025-01-04,2025,1,4,Jan,Janeiro,2025-01,Jan/2025,Sábado,Sáb,6,1,2024-12-30,30/12 - 05/01/2025,SANTO ANDRÉ,DELIVERY,937.2
2025-01-04,2025,1,4,Jan,Janeiro,2025-01,Jan/2025,Sábado,Sáb,6,1,2024-12-30,30/12 - 05/01/2025,TATUAPÉ,CASA,41364.21
2025-01-04,2025,1,4,Jan,Janeiro,2025-01,Jan/2025,Sábado,Sáb,6,1,2024-12-30,30/12 - 05/01/2025,TATUAPÉ,DELIVERY,3022.05
2025-01-04,2025,1,4,Jan,Janeiro,2025-01,Jan/2025,Sábado,Sáb,6,1,2024-12-30,30/12 - 05/01/2025,VILA MADALENA,CASA,33170.64
2025-01-04,2025,1,4,Jan,Janeiro,2025-01,Jan/2025,Sábado,Sáb,6,1,2024-12-30,30/12 - 05/01/2025,VILA MARIANA,CASA,39723.62
2025-01-04,2025,1,4,Jan,Janeiro,2025-01,Jan/2025,Sábado,Sáb,6,1,2024-12-30,30/12 - 05/01/2025,VILA MARIANA,DELIVERY,1960.0
2025-01-05,2025,1,5,Jan,Janeiro,2025-01,Jan/2025,Domingo,Dom,7,1,2024-12-30,30/12 - 05/01/2025,CARINAS,CASA,37188.81
2025-01-05,2025,1,5,Jan,Janeiro,2025-01,Jan/2025,Domingo,Dom,7,1,2024-12-30,30/12 - 05/01/2025,CARINAS,DELIVERY,3338.2
2025-01-05,2025,1,5,Jan,Janeiro,2025-01,Jan/2025,Domingo,Dom,7,1,2024-12-30,30/12 - 05/01/2025,CHÁCARA,CASA,10211.87
2025-01-05,2025,1,5,Jan,Janeiro,2025-01,Jan/2025,Domingo,Dom,7,1,2024-12-30,30/12 - 05/01/2025,CHÁCARA,DELIVERY,4464.0
2025-01-05,2025,1,5,Jan,Janeiro,2025-01,Jan/2025,Domingo,Dom,7,1,2024-12-30,30/12 - 05/01/2025,LAPA,CASA,13841.38
2025-01-05,2025,1,5,Jan,Janeiro,2025-01,Jan/2025,Domingo,Dom,7,1,2024-12-30,30/12 - 05/01/2025,LAPA,DELIVERY,2865.9
2025-01-05,2025,1,5,Jan,Janeiro,2025-01,Jan/2025,Domingo,Dom,7,1,2024-12-30,30/12 - 05/01/2025,PAVÃO,CASA,8753.21
2025-01-05,2025,1,5,Jan,Janeiro,2025-01,Jan/2025,Domingo,Dom,7,1,2024-12-30,30/12 - 05/01/2025,PAVÃO,DELIVERY,2187.8
2025-01-05,2025,1,5,Jan,Janeiro,2025-01,Jan/2025,Domingo,Dom,7,1,2024-12-30,30/12 - 05/01/2025,PERDIZES,CASA,28688.31
2025-01-05,2025,1,5,Jan,Janeiro,2025-01,Jan/2025,Domingo,Dom,7,1,2024-12-30,30/12 - 05/01/2025,PERDIZES,DELIVERY,1165.7
2025-01-05,2025,1,5,Jan,Janeiro,2025-01,Jan/2025,Domingo,Dom,7,1,2024-12-30,30/12 - 05/01/2025,SANTANA,CASA,27583.21
2025-01-05,2025,1,5,Jan,Janeiro,2025-01,Jan/2025,Domingo,Dom,7,1,2024-12-30,30/12 - 05/01/2025,SANTANA,DELIVERY,3991.0
2025-01-05,2025,1,5,Jan,Janeiro,2025-01,Jan/2025,Domingo,Dom,7,1,2024-12-30,30/12 - 05/01/2025,SANTO ANDRÉ,CASA,21498.36
2025-01-05,2025,1,5,Jan,Janeiro,2025-01,Jan/2025,Domingo,Dom,7,1,2024-12-30,30/12 - 05/01/2025,SANTO ANDRÉ,DELIVERY,1025.5
2025-01-05,2025,1,5,Jan,Janeiro,2025-01,Jan/2025,Domingo,Dom,7,1,2024-12-30,30/12 - 05/01/2025,TATUAPÉ,CASA,17604.91
2025-01-05,2025,1,5,Jan,Janeiro,2025-01,Jan/2025,Domingo,Dom,7,1,2024-12-30,30/12 - 05/01/2025,TATUAPÉ,DELIVERY,3259.91
2025-01-05,2025,1,5,Jan,Janeiro,2025-01,Jan/2025,Domingo,Dom,7,1,2024-12-30,30/12 - 05/01/2025,VILA MADALENA,CASA,12034.64
2025-01-05,2025,1,5,Jan,Janeiro,2025-01,Jan/2025,Domingo,Dom,7,1,2024-12-30,30/12 - 05/01/2025,VILA MARIANA,CASA,25403.75
2025-01-05,2025,1,5,Jan,Janeiro,2025-01,Jan/2025,Domingo,Dom,7,1,2024-12-30,30/12 - 05/01/2025,VILA MARIANA,DELIVERY,201.1
2025-01-07,2025,1,7,Jan,Janeiro,2025-01,Jan/2025,Terça,Ter,2,2,2025-01-06,06/01 - 12/01/2025,CARINAS,CASA,11807.18
2025-01-07,2025,1,7,Jan,Janeiro,2025-01,Jan/2025,Terça,Ter,2,2,2025-01-06,06/01 - 12/01/2025,CARINAS,DELIVERY,783.0
2025-01-07,2025,1,7,Jan,Janeiro,2025-01,Jan/2025,Terça,Ter,2,2,2025-01-06,06/01 - 12/01/2025,CHÁCARA,CASA,2046.65
2025-01-07,2025,1,7,Jan,Janeiro,2025-01,Jan/2025,Terça,Ter,2,2,2025-01-06,06/01 - 12/01/2025,CHÁCARA,DELIVERY,1342.7
2025-01-07,2025,1,7,Jan,Janeiro,2025-01,Jan/2025,Terça,Ter,2,2,2025-01-06,06/01 - 12/01/2025,LAPA,CASA,6477.18
2025-01-07,2025,1,7,Jan,Janeiro,2025-01,Jan/2025,Terça,Ter,2,2,2025-01-06,06/01 - 12/01/2025,LAPA,DELIVERY,529.1
2025-01-07,2025,1,7,Jan,Janeiro,2025-01,Jan/2025,Terça,Ter,2,2,2025-01-06,06/01 - 12/01/2025,PAVÃO,CASA,2252.81
2025-01-07,2025,1,7,Jan,Janeiro,2025-01,Jan/2025,Terça,Ter,2,2,2025-01-06,06/01 - 12/01/2025,PAVÃO,DELIVERY,1171.69
2025-01-07,2025,1,7,Jan,Janeiro,2025-01,Jan/2025,Terça,Ter,2,2,2025-01-06,06/01 - 12/01/2025,PERDIZES,CASA,6747.52
2025-01-07,2025,1,7,Jan,Janeiro,2025-01,Jan/2025,Terça,Ter,2,2,2025-01-06,06/01 - 12/01/2025,PERDIZES,DELIVERY,783.1
2025-01-07,2025,1,7,Jan,Janeiro,2025-01,Jan/2025,Terça,Ter,2,2,2025-01-06,06/01 - 12/01/2025,SANTANA,CASA,9421.67
2025-01-07,2025,1,7,Jan,Janeiro,2025-01,Jan/2025,Terça,Ter,2,2,2025-01-06,06/01 - 12/01/2025,SANTANA,DELIVERY,743.5
2025-01-07,2025,1,7,Jan,Janeiro,2025-01,Jan/2025,Terça,Ter,2,2,2025-01-06,06/01 - 12/01/2025,TATUAPÉ,CASA,11552.35
2025-01-07,2025,1,7,Jan,Janeiro,2025-01,Jan/2025,Terça,Ter,2,2,2025-01-06,06/01 - 12/01/2025,TATUAPÉ,DELIVERY,924.33
2025-01-07,2025,1,7,Jan,Janeiro,2025-01,Jan/2025,Terça,Ter,2,2,2025-01-06,06/01 - 12/01/2025,VILA MADALENA,CASA,8125.44
2025-01-07,2025,1,7,Jan,Janeiro,2025-01,Jan/2025,Terça,Ter,2,2,2025-01-06,06/01 - 12/01/2025,VILA MARIANA,CASA,6436.97
2025-01-07,2025,1,7,Jan,Janeiro,2025-01,Jan/2025,Terça,Ter,2,2,2025-01-06,06/01 - 12/01/2025,VILA MARIANA,DELIVERY,1159.0
2025-01-08,2025,1,8,Jan,Janeiro,2025-01,Jan/2025,Quarta,Qua,3,2,2025-01-06,06/01 - 12/01/2025,CARINAS,CASA,8121.58
2025-01-08,2025,1,8,Jan,Janeiro,2025-01,Jan/2025,Quarta,Qua,3,2,2025-01-06,06/01 - 12/01/2025,CARINAS,DELIVERY,765.8
2025-01-08,2025,1,8,Jan,Janeiro,2025-01,Jan/2025,Quarta,Qua,3,2,2025-01-06,06/01 - 12/01/2025,CHÁCARA,CASA,2927.47
2025-01-08,2025,1,8,Jan,Janeiro,2025-01,Jan/2025,Quarta,Qua,3,2,2025-01-06,06/01 - 12/01/2025,CHÁCARA,DELIVERY,584.8
2025-01-08,2025,1,8,Jan,Janeiro,2025-01,Jan/2025,Quarta,Qua,3,2,2025-01-06,06/01 - 12/01/2025,LAPA,CASA,1411.37
2025-01-08,2025,1,8,Jan,Janeiro,2025-01,Jan/2025,Quarta,Qua,3,2,2025-01-06,06/01 - 12/01/2025,LAPA,DELIVERY,324.9
2025-01-08,2025,1,8,Jan,Janeiro,2025-01,Jan/2025,Quarta,Qua,3,2,2025-01-06,06/01 - 12/01/2025,PAVÃO,CASA,2937.07
2025-01-08,2025,1,8,Jan,Janeiro,2025-01,Jan/2025,Quarta,Qua,3,2,2025-01-06,06/01 - 12/01/2025,PAVÃO,DELIVERY,1765.88
2025-01-08,2025,1,8,Jan,Janeiro,2025-01,Jan/2025,Quarta,Qua,3,2,2025-01-06,06/01 - 12/01/2025,PERDIZES,CASA,6184.83
2025-01-08,2025,1,8,Jan,Janeiro,2025-01,Jan/2025,Quarta,Qua,3,2,2025-01-06,06/01 - 12/01/2025,PERDIZES,DELIVERY,3511.4
2025-01-08,2025,1,8,Jan,Janeiro,2025-01,Jan/2025,Quarta,Qua,3,2,2025-01-06,06/01 - 12/01/2025,SANTANA,CASA,6090.32
2025-01-08,2025,1,8,Jan,Janeiro,2025-01,Jan/2025,Quarta,Qua,3,2,2025-01-06,06/01 - 12/01/2025,SANTANA,DELIVERY,1120.8
2025-01-08,2025,1,8,Jan,Janeiro,2025-01,Jan/2025,Quarta,Qua,3,2,2025-01-06,06/01 - 12/01/2025,SANTO ANDRÉ,CASA,7596.83
2025-01-08,2025,1,8,Jan,Janeiro,2025-01,Jan/2025,Quarta,Qua,3,2,2025-01-06,06/01 - 12/01/2025,SANTO ANDRÉ,DELIVERY,228.3
2025-01-08,2025,1,8,Jan,Janeiro,2025-01,Jan/2025,Quarta,Qua,3,2,2025-01-06,06/01 - 12/01/2025,TATUAPÉ,CASA,17159.28
2025-01-08,2025,1,8,Jan,Janeiro,2025-01,Jan/2025,Quarta,Qua,3,2,2025-01-06,06/01 - 12/01/2025,TATUAPÉ,DELIVERY,932.52
2025-01-08,2025,1,8,Jan,Janeiro,2025-01,Jan/2025,Quarta,Qua,3,2,2025-01-06,06/01 - 12/01/2025,VILA MADALENA,CASA,5005.33
2025-01-08,2025,1,8,Jan,Janeiro,2025-01,Jan/2025,Quarta,Qua,3,2,2025-01-06,06/01 - 12/01/2025,VILA MARIANA,CASA,11707.62
2025-01-08,2025,1,8,Jan,Janeiro,2025-01,Jan/2025,Quarta,Qua,3,2,2025-01-06,06/01 - 12/01/2025,VILA MARIANA,DELIVERY,1106.5
2025-01-09,2025,1,9,Jan,Janeiro,2025-01,Jan/2025,Quinta,Qui,4,2,2025-01-06,06/01 - 12/01/2025,CARINAS,CASA,18580.22
2025-01-09,2025,1,9,Jan,Janeiro,2025-01,Jan/2025,Quinta,Qui,4,2,2025-01-06,06/01 - 12/01/2025,CARINAS,DELIVERY,860.7
2025-01-09,2025,1,9,Jan,Janeiro,2025-01,Jan/2025,Quinta,Qui,4,2,2025-01-06,06/01 - 12/01/2025,CHÁCARA,CASA,9822.14
2025-01-09,2025,1,9,Jan,Janeiro,2025-01,Jan/2025,Quinta,Qui,4,2,2025-01-06,06/01 - 12/01/2025,CHÁCARA,DELIVERY,230.1
2025-01-09,2025,1,9,Jan,Janeiro,2025-01,Jan/2025,Quinta,Qui,4,2,2025-01-06,06/01 - 12/01/2025,LAPA,CASA,7580.07
2025-01-09,2025,1,9,Jan,Janeiro,2025-01,Jan/2025,Quinta,Qui,4,2,2025-01-06,06/01 - 12/01/2025,LAPA,DELIVERY,334.4
2025-01-09,2025,1,9,Jan,Janeiro,2025-01,Jan/2025,Quinta,Qui,4,2,2025-01-06,06/01 - 12/01/2025,PAVÃO,CASA,26166.61
2025-01-09,2025,1,9,Jan,Janeiro,2025-01,Jan/2025,Quinta,Qui,4,2,2025-01-06,06/01 - 12/01/2025,PAVÃO,DELIVERY,868.55
2025-01-09,2025,1,9,Jan,Janeiro,2025-01,Jan/2025,Quinta,Qui,4,2,2025-01-06,06/01 - 12/01/2025,PERDIZES,CASA,23544.62
2025-01-09,2025,1,9,Jan,Janeiro,2025-01,Jan/2025,Quinta,Qui,4,2,2025-01-06,06/01 - 12/01/2025,PERDIZES,DELIVERY,1208.1
2025-01-09,2025,1,9,Jan,Janeiro,2025-01,Jan/2025,Quinta,Qui,4,2,2025-01-06,06/01 - 12/01/2025,SANTANA,CASA,7296.71
2025-01-09,2025,1,9,Jan,Janeiro,2025-01,Jan/2025,Quinta,Qui,4,2,2025-01-06,06/01 - 12/01/2025,SANTANA,DELIVERY,189.6
2025-01-09,2025,1,9,Jan,Janeiro,2025-01,Jan/2025,Quinta,Qui,4,2,2025-01-06,06/01 - 12/01/2025,SANTO ANDRÉ,CASA,5119.47
2025-01-09,2025,1,9,Jan,Janeiro,2025-01,Jan/2025,Quinta,Qui,4,2,2025-01-06,06/01 - 12/01/2025,SANTO ANDRÉ,DELIVERY,404.3
2025-01-09,2025,1,9,Jan,Janeiro,2025-01,Jan/2025,Quinta,Qui,4,2,2025-01-06,06/01 - 12/01/2025,TATUAPÉ,CASA,16807.65
2025-01-09,2025,1,9,Jan,Janeiro,2025-01,Jan/2025,Quinta,Qui,4,2,2025-01-06,06/01 - 12/01/2025,TATUAPÉ,DELIVERY,851.44
2025-01-09,2025,1,9,Jan,Janeiro,2025-01,Jan/2025,Quinta,Qui,4,2,2025-01-06,06/01 - 12/01/2025,VILA MADALENA,CASA,35013.04
2025-01-09,2025,1,9,Jan,Janeiro,2025-01,Jan/2025,Quinta,Qui,4,2,2025-01-06,06/01 - 12/01/2025,VILA MARIANA,CASA,11344.46
2025-01-09,2025,1,9,Jan,Janeiro,2025-01,Jan/2025,Quinta,Qui,4,2,2025-01-06,06/01 - 12/01/2025,VILA MARIANA,DELIVERY,626.6
2025-01-10,2025,1,10,Jan,Janeiro,2025-01,Jan/2025,Sexta,Sex,5,2,2025-01-06,06/01 - 12/01/2025,CARINAS,CASA,35714.71
2025-01-10,2025,1,10,Jan,Janeiro,2025-01,Jan/2025,Sexta,Sex,5,2,2025-01-06,06/01 - 12/01/2025,CARINAS,DELIVERY,1042.2
2025-01-10,2025,1,10,Jan,Janeiro,2025-01,Jan/2025,Sexta,Sex,5,2,2025-01-06,06/01 - 12/01/2025,CHÁCARA,CASA,10322.02
2025-01-10,2025,1,10,Jan,Janeiro,2025-01,Jan/2025,Sexta,Sex,5,2,2025-01-06,06/01 - 12/01/2025,CHÁCARA,DELIVERY,601.1
2025-01-10,2025,1,10,Jan,Janeiro,2025-01,Jan/2025,Sexta,Sex,5,2,2025-01-06,06/01 - 12/01/2025,LAPA,CASA,16719.8
2025-01-10,2025,1,10,Jan,Janeiro,2025-01,Jan/2025,Sexta,Sex,5,2,2025-01-06,06/01 - 12/01/2025,LAPA,DELIVERY,1121.0
2025-01-10,2025,1,10,Jan,Janeiro,2025-01,Jan/2025,Sexta,Sex,5,2,2025-01-06,06/01 - 12/01/2025,PAVÃO,CASA,8912.02
2025-01-10,2025,1,10,Jan,Janeiro,2025-01,Jan/2025,Sexta,Sex,5,2,2025-01-06,06/01 - 12/01/2025,PAVÃO,DELIVERY,1267.93
2025-01-10,2025,1,10,Jan,Janeiro,2025-01,Jan/2025,Sexta,Sex,5,2,2025-01-06,06/01 - 12/01/2025,PERDIZES,CASA,9024.06
2025-01-10,2025,1,10,Jan,Janeiro,2025-01,Jan/2025,Sexta,Sex,5,2,2025-01-06,06/01 - 12/01/2025,PERDIZES,DELIVERY,1461.2
2025-01-10,2025,1,10,Jan,Janeiro,2025-01,Jan/2025,Sexta,Sex,5,2,2025-01-06,06/01 - 12/01/2025,SANTANA,CASA,38251.34
2025-01-10,2025,1,10,Jan,Janeiro,2025-01,Jan/2025,Sexta,Sex,5,2,2025-01-06,06/01 - 12/01/2025,SANTANA,DELIVERY,528.7
2025-01-10,2025,1,10,Jan,Janeiro,2025-01,Jan/2025,Sexta,Sex,5,2,2025-01-06,06/01 - 12/01/2025,SANTO ANDRÉ,CASA,90317.0
2025-01-10,2025,1,10,Jan,Janeiro,2025-01,Jan/2025,Sexta,Sex,5,2,2025-01-06,06/01 - 12/01/2025,SANTO ANDRÉ,DELIVERY,246.0
2025-01-10,2025,1,10,Jan,Janeiro,2025-01,Jan/2025,Sexta,Sex,5,2,2025-01-06,06/01 - 12/01/2025,TATUAPÉ,CASA,18264.56
2025-01-10,2025,1,10,Jan,Janeiro,2025-01,Jan/2025,Sexta,Sex,5,2,2025-01-06,06/01 - 12/01/2025,TATUAPÉ,DELIVERY,955.95
2025-01-10,2025,1,10,Jan,Janeiro,2025-01,Jan/2025,Sexta,Sex,5,2,2025-01-06,06/01 - 12/01/2025,VILA MADALENA,CASA,13996.92
2025-01-10,2025,1,10,Jan,Janeiro,2025-01,Jan/2025,Sexta,Sex,5,2,2025-01-06,06/01 - 12/01/2025,VILA MADALENA,DELIVERY,400.7
2025-01-10,2025,1,10,Jan,Janeiro,2025-01,Jan/2025,Sexta,Sex,5,2,2025-01-06,06/01 - 12/01/2025,VILA MARIANA,CASA,20212.04
2025-01-10,2025,1,10,Jan,Janeiro,2025-01,Jan/2025,Sexta,Sex,5,2,2025-01-06,06/01 - 12/01/2025,VILA MARIANA,DELIVERY,800.7
2025-01-11,2025,1,11,Jan,Janeiro,2025-01,Jan/2025,Sábado,Sáb,6,2,2025-01-06,06/01 - 12/01/2025,CARINAS,CASA,196952.96
2025-01-11,2025,1,11,Jan,Janeiro,2025-01,Jan/2025,Sábado,Sáb,6,2,2025-01-06,06/01 - 12/01/2025,CARINAS,DELIVERY,2223.7
2025-01-11,2025,1,11,Jan,Janeiro,2025-01,Jan/2025,Sábado,Sáb,6,2,2025-01-06,06/01 - 12/01/2025,CHÁCARA,CASA,28668.33
2025-01-11,2025,1,11,Jan,Janeiro,2025-01,Jan/2025,Sábado,Sáb,6,2,2025-01-06,06/01 - 12/01/2025,CHÁCARA,DELIVERY,3113.1
2025-01-11,2025,1,11,Jan,Janeiro,2025-01,Jan/2025,Sábado,Sáb,6,2,2025-01-06,06/01 - 12/01/2025,LAPA,CASA,46110.89
2025-01-11,2025,1,11,Jan,Janeiro,2025-01,Jan/2025,Sábado,Sáb,6,2,2025-01-06,06/01 - 12/01/2025,LAPA,DELIVERY,2550.9
2025-01-11,2025,1,11,Jan,Janeiro,2025-01,Jan/2025,Sábado,Sáb,6,2,2025-01-06,06/01 - 12/01/2025,PAVÃO,CASA,42743.58
2025-01-11,2025,1,11,Jan,Janeiro,2025-01,Jan/2025,Sábado,Sáb,6,2,2025-01-06,06/01 - 12/01/2025,PAVÃO,DELIVERY,1102.54
2025-01-11,2025,1,11,Jan,Janeiro,2025-01,Jan/2025,Sábado,Sáb,6,2,2025-01-06,06/01 - 12/01/2025,PERDIZES,CASA,46749.55
2025-01-11,2025,1,11,Jan,Janeiro,2025-01,Jan/2025,Sábado,Sáb,6,2,2025-01-06,06/01 - 12/01/2025,PERDIZES,DELIVERY,1197.3
2025-01-11,2025,1,11,Jan,Janeiro,2025-01,Jan/2025,Sábado,Sáb,6,2,2025-01-06,06/01 - 12/01/2025,SANTANA,CASA,152637.71
2025-01-11,2025,1,11,Jan,Janeiro,2025-01,Jan/2025,Sábado,Sáb,6,2,2025-01-06,06/01 - 12/01/2025,SANTANA,DELIVERY,2004.2
2025-01-11,2025,1,11,Jan,Janeiro,2025-01,Jan/2025,Sábado,Sáb,6,2,2025-01-06,06/01 - 12/01/2025,SANTO ANDRÉ,CASA,172592.15
2025-01-11,2025,1,11,Jan,Janeiro,2025-01,Jan/2025,Sábado,Sáb,6,2,2025-01-06,06/01 - 12/01/2025,SANTO ANDRÉ,DELIVERY,1225.7
2025-01-11,2025,1,11,Jan,Janeiro,2025-01,Jan/2025,Sábado,Sáb,6,2,2025-01-06,06/01 - 12/01/2025,TATUAPÉ,CASA,114016.57
2025-01-11,2025,1,11,Jan,Janeiro,2025-01,Jan/2025,Sábado,Sáb,6,2,2025-01-06,06/01 - 12/01/2025,TATUAPÉ,DELIVERY,3540.58
2025-01-11,2025,1,11,Jan,Janeiro,2025-01,Jan/2025,Sábado,Sáb,6,2,2025-01-06,06/01 - 12/01/2025,VILA MADALENA,CASA,65875.16
2025-01-11,2025,1,11,Jan,Janeiro,2025-01,Jan/2025,Sábado,Sáb,6,2,2025-01-06,06/01 - 12/01/2025,VILA MADALENA,DELIVERY,976.7
2025-01-11,2025,1,11,Jan,Janeiro,2025-01,Jan/2025,Sábado,Sáb,6,2,2025-01-06,06/01 - 12/01/2025,VILA MARIANA,CASA,39513.37
2025-01-11,2025,1,11,Jan,Janeiro,2025-01,Jan/2025,Sábado,Sáb,6,2,2025-01-06,06/01 - 12/01/2025,VILA MARIANA,DELIVERY,3120.6
2025-01-12,2025,1,12,Jan,Janeiro,2025-01,Jan/2025,Domingo,Dom,7,2,2025-01-06,06/01 - 12/01/2025,CARINAS,CASA,43833.96
2025-01-12,2025,1,12,Jan,Janeiro,2025-01,Jan/2025,Domingo,Dom,7,2,2025-01-06,06/01 - 12/01/2025,CARINAS,DELIVERY,696.0
2025-01-12,2025,1,12,Jan,Janeiro,2025-01,Jan/2025,Domingo,Dom,7,2,2025-01-06,06/01 - 12/01/2025,CHÁCARA,CASA,21860.39
2025-01-12,2025,1,12,Jan,Janeiro,2025-01,Jan/2025,Domingo,Dom,7,2,2025-01-06,06/01 - 12/01/2025,CHÁCARA,DELIVERY,1216.5
2025-01-12,2025,1,12,Jan,Janeiro,2025-01,Jan/2025,Domingo,Dom,7,2,2025-01-06,06/01 - 12/01/2025,LAPA,CASA,21676.47
2025-01-12,2025,1,12,Jan,Janeiro,2025-01,Jan/2025,Domingo,Dom,7,2,2025-01-06,06/01 - 12/01/2025,LAPA,DELIVERY,2915.2
2025-01-12,2025,1,12,Jan,Janeiro,2025-01,Jan/2025,Domingo,Dom,7,2,2025-01-06,06/01 - 12/01/2025,PAVÃO,CASA,16054.35
2025-01-12,2025,1,12,Jan,Janeiro,2025-01,Jan/2025,Domingo,Dom,7,2,2025-01-06,06/01 - 12/01/2025,PAVÃO,DELIVERY,2704.53
2025-01-12,2025,1,12,Jan,Janeiro,2025-01,Jan/2025,Domingo,Dom,7,2,2025-01-06,06/01 - 12/01/2025,PERDIZES,CASA,19751.2
2025-01-12,2025,1,12,Jan,Janeiro,2025-01,Jan/2025,Domingo,Dom,7,2,2025-01-06,06/01 - 12/01/2025,PERDIZES,DELIVERY,2026.1
2025-01-12,2025,1,12,Jan,Janeiro,2025-01,Jan/2025,Domingo,Dom,7,2,2025-01-06,06/01 - 12/01/2025,SANTANA,CASA,42074.2
2025-01-12,2025,1,12,Jan,Janeiro,2025-01,Jan/2025,Domingo,Dom,7,2,2025-01-06,06/01 - 12/01/2025,SANTANA,DELIVERY,4257.0
2025-01-12,2025,1,12,Jan,Janeiro,2025-01,Jan/2025,Domingo,Dom,7,2,2025-01-06,06/01 - 12/01/2025,SANTO ANDRÉ,CASA,33578.26
2025-01-12,2025,1,12,Jan,Janeiro,2025-01,Jan/2025,Domingo,Dom,7,2,2025-01-06,06/01 - 12/01/2025,SANTO ANDRÉ,DELIVERY,1277.7
2025-01-12,2025,1,12,Jan,Janeiro,2025-01,Jan/2025,Domingo,Dom,7,2,2025-01-06,06/01 - 12/01/2025,TATUAPÉ,CASA,32483.18
2025-01-12,2025,1,12,Jan,Janeiro,2025-01,Jan/2025,Domingo,Dom,7,2,2025-01-06,06/01 - 12/01/2025,TATUAPÉ,DELIVERY,3015.88
2025-01-12,2025,1,12,Jan,Janeiro,2025-01,Jan/2025,Domingo,Dom,7,2,2025-01-06,06/01 - 12/01/2025,VILA MADALENA,CASA,16002.62
2025-01-12,2025,1,12,Jan,Janeiro,2025-01,Jan/2025,Domingo,Dom,7,2,2025-01-06,06/01 - 12/01/2025,VILA MADALENA,DELIVERY,946.8
2025-01-12,2025,1,12,Jan,Janeiro,2025-01,Jan/2025,Domingo,Dom,7,2,2025-01-06,06/01 - 12/01/2025,VILA MARIANA,CASA,35041.63
2025-01-12,2025,1,12,Jan,Janeiro,2025-01,Jan/2025,Domingo,Dom,7,2,2025-01-06,06/01 - 12/01/2025,VILA MARIANA,DELIVERY,2489.4
2025-01-13,2025,1,13,Jan,Janeiro,2025-01,Jan/2025,Segunda,Seg,1,3,2025-01-13,13/01 - 19/01/2025,SANTO ANDRÉ,CASA,54397.53
2025-01-14,2025,1,14,Jan,Janeiro,2025-01,Jan/2025,Terça,Ter,2,3,2025-01-13,13/01 - 19/01/2025,CARINAS,CASA,33780.42
2025-01-14,2025,1,14,Jan,Janeiro,2025-01,Jan/2025,Terça,Ter,2,3,2025-01-13,13/01 - 19/01/2025,CARINAS,DELIVERY,1563.22
2025-01-14,2025,1,14,Jan,Janeiro,2025-01,Jan/2025,Terça,Ter,2,3,2025-01-13,13/01 - 19/01/2025,CHÁCARA,CASA,2900.18
2025-01-14,2025,1,14,Jan,Janeiro,2025-01,Jan/2025,Terça,Ter,2,3,2025-01-13,13/01 - 19/01/2025,CHÁCARA,DELIVERY,280.2
2025-01-14,2025,1,14,Jan,Janeiro,2025-01,Jan/2025,Terça,Ter,2,3,2025-01-13,13/01 - 19/01/2025,LAPA,CASA,7430.17
2025-01-14,2025,1,14,Jan,Janeiro,2025-01,Jan/2025,Terça,Ter,2,3,2025-01-13,13/01 - 19/01/2025,LAPA,DELIVERY,492.6
2025-01-14,2025,1,14,Jan,Janeiro,2025-01,Jan/2025,Terça,Ter,2,3,2025-01-13,13/01 - 19/01/2025,PAVÃO,CASA,969.72
2025-01-14,2025,1,14,Jan,Janeiro,2025-01,Jan/2025,Terça,Ter,2,3,2025-01-13,13/01 - 19/01/2025,PAVÃO,DELIVERY,952.33
2025-01-14,2025,1,14,Jan,Janeiro,2025-01,Jan/2025,Terça,Ter,2,3,2025-01-13,13/01 - 19/01/2025,PERDIZES,CASA,2941.07
2025-01-14,2025,1,14,Jan,Janeiro,2025-01,Jan/2025,Terça,Ter,2,3,2025-01-13,13/01 - 19/01/2025,PERDIZES,DELIVERY,958.3
2025-01-14,2025,1,14,Jan,Janeiro,2025-01,Jan/2025,Terça,Ter,2,3,2025-01-13,13/01 - 19/01/2025,SANTANA,CASA,15880.13
2025-01-14,2025,1,14,Jan,Janeiro,2025-01,Jan/2025,Terça,Ter,2,3,2025-01-13,13/01 - 19/01/2025,SANTANA,DELIVERY,429.1
2025-01-14,2025,1,14,Jan,Janeiro,2025-01,Jan/2025,Terça,Ter,2,3,2025-01-13,13/01 - 19/01/2025,TATUAPÉ,CASA,35930.85
2025-01-14,2025,1,14,Jan,Janeiro,2025-01,Jan/2025,Terça,Ter,2,3,2025-01-13,13/01 - 19/01/2025,TATUAPÉ,DELIVERY,881.62
2025-01-14,2025,1,14,Jan,Janeiro,2025-01,Jan/2025,Terça,Ter,2,3,2025-01-13,13/01 - 19/01/2025,VILA MADALENA,CASA,6896.3
2025-01-14,2025,1,14,Jan,Janeiro,2025-01,Jan/2025,Terça,Ter,2,3,2025-01-13,13/01 - 19/01/2025,VILA MADALENA,DELIVERY,462.6
2025-01-14,2025,1,14,Jan,Janeiro,2025-01,Jan/2025,Terça,Ter,2,3,2025-01-13,13/01 - 19/01/2025,VILA MARIANA,CASA,12255.76
2025-01-14,2025,1,14,Jan,Janeiro,2025-01,Jan/2025,Terça,Ter,2,3,2025-01-13,13/01 - 19/01/2025,VILA MARIANA,DELIVERY,498.2
2025-01-15,2025,1,15,Jan,Janeiro,2025-01,Jan/2025,Quarta,Qua,3,3,2025-01-13,13/01 - 19/01/2025,CARINAS,CASA,9148.27
2025-01-15,2025,1,15,Jan,Janeiro,2025-01,Jan/2025,Quarta,Qua,3,3,2025-01-13,13/01 - 19/01/2025,CARINAS,DELIVERY,1090.5
2025-01-15,2025,1,15,Jan,Janeiro,2025-01,Jan/2025,Quarta,Qua,3,3,2025-01-13,13/01 - 19/01/2025,CHÁCARA,CASA,22394.14
2025-01-15,2025,1,15,Jan,Janeiro,2025-01,Jan/2025,Quarta,Qua,3,3,2025-01-13,13/01 - 19/01/2025,CHÁCARA,DELIVERY,286.2
2025-01-15,2025,1,15,Jan,Janeiro,2025-01,Jan/2025,Quarta,Qua,3,3,2025-01-13,13/01 - 19/01/2025,LAPA,CASA,85414.15
2025-01-15,2025,1,15,Jan,Janeiro,2025-01,Jan/2025,Quarta,Qua,3,3,2025-01-13,13/01 - 19/01/2025,LAPA,DELIVERY,856.4
2025-01-15,2025,1,15,Jan,Janeiro,2025-01,Jan/2025,Quarta,Qua,3,3,2025-01-13,13/01 - 19/01/2025,PAVÃO,CASA,3169.33
2025-01-15,2025,1,15,Jan,Janeiro,2025-01,Jan/2025,Quarta,Qua,3,3,2025-01-13,13/01 - 19/01/2025,PAVÃO,DELIVERY,1410.38
2025-01-15,2025,1,15,Jan,Janeiro,2025-01,Jan/2025,Quarta,Qua,3,3,2025-01-13,13/01 - 19/01/2025,PERDIZES,CASA,15133.81
2025-01-15,2025,1,15,Jan,Janeiro,2025-01,Jan/2025,Quarta,Qua,3,3,2025-01-13,13/01 - 19/01/2025,PERDIZES,DELIVERY,650.4
2025-01-15,2025,1,15,Jan,Janeiro,2025-01,Jan/2025,Quarta,Qua,3,3,2025-01-13,13/01 - 19/01/2025,SANTANA,CASA,6148.49
2025-01-15,2025,1,15,Jan,Janeiro,2025-01,Jan/2025,Quarta,Qua,3,3,2025-01-13,13/01 - 19/01/2025,SANTANA,DELIVERY,1142.6
2025-01-15,2025,1,15,Jan,Janeiro,2025-01,Jan/2025,Quarta,Qua,3,3,2025-01-13,13/01 - 19/01/2025,SANTO ANDRÉ,CASA,8338.6
2025-01-15,2025,1,15,Jan,Janeiro,2025-01,Jan/2025,Quarta,Qua,3,3,2025-01-13,13/01 - 19/01/2025,TATUAPÉ,CASA,7220.78
2025-01-15,2025,1,15,Jan,Janeiro,2025-01,Jan/2025,Quarta,Qua,3,3,2025-01-13,13/01 - 19/01/2025,TATUAPÉ,DELIVERY,546.07
2025-01-15,2025,1,15,Jan,Janeiro,2025-01,Jan/2025,Quarta,Qua,3,3,2025-01-13,13/01 - 19/01/2025,VILA MADALENA,CASA,13383.76
2025-01-15,2025,1,15,Jan,Janeiro,2025-01,Jan/2025,Quarta,Qua,3,3,2025-01-13,13/01 - 19/01/2025,VILA MADALENA,DELIVERY,297.2
2025-01-15,2025,1,15,Jan,Janeiro,2025-01,Jan/2025,Quarta,Qua,3,3,2025-01-13,13/01 - 19/01/2025,VILA MARIANA,CASA,18609.08
2025-01-15,2025,1,15,Jan,Janeiro,2025-01,Jan/2025,Quarta,Qua,3,3,2025-01-13,13/01 - 19/01/2025,VILA MARIANA,DELIVERY,809.6
2025-01-16,2025,1,16,Jan,Janeiro,2025-01,Jan/2025,Quinta,Qui,4,3,2025-01-13,13/01 - 19/01/2025,CARINAS,CASA,176537.13
2025-01-16,2025,1,16,Jan,Janeiro,2025-01,Jan/2025,Quinta,Qui,4,3,2025-01-13,13/01 - 19/01/2025,CARINAS,DELIVERY,386.3
2025-01-16,2025,1,16,Jan,Janeiro,2025-01,Jan/2025,Quinta,Qui,4,3,2025-01-13,13/01 - 19/01/2025,CHÁCARA,CASA,7650.45
2025-01-16,2025,1,16,Jan,Janeiro,2025-01,Jan/2025,Quinta,Qui,4,3,2025-01-13,13/01 - 19/01/2025,CHÁCARA,DELIVERY,358.9
2025-01-16,2025,1,16,Jan,Janeiro,2025-01,Jan/2025,Quinta,Qui,4,3,2025-01-13,13/01 - 19/01/2025,LAPA,CASA,7882.65
2025-01-16,2025,1,16,Jan,Janeiro,2025-01,Jan/2025,Quinta,Qui,4,3,2025-01-13,13/01 - 19/01/2025,LAPA,DELIVERY,315.8
2025-01-16,2025,1,16,Jan,Janeiro,2025-01,Jan/2025,Quinta,Qui,4,3,2025-01-13,13/01 - 19/01/2025,PAVÃO,CASA,16306.02
2025-01-16,2025,1,16,Jan,Janeiro,2025-01,Jan/2025,Quinta,Qui,4,3,2025-01-13,13/01 - 19/01/2025,PAVÃO,DELIVERY,835.33
2025-01-16,2025,1,16,Jan,Janeiro,2025-01,Jan/2025,Quinta,Qui,4,3,2025-01-13,13/01 - 19/01/2025,PERDIZES,CASA,8649.17
2025-01-16,2025,1,16,Jan,Janeiro,2025-01,Jan/2025,Quinta,Qui,4,3,2025-01-13,13/01 - 19/01/2025,PERDIZES,DELIVERY,307.5
2025-01-16,2025,1,16,Jan,Janeiro,2025-01,Jan/2025,Quinta,Qui,4,3,2025-01-13,13/01 - 19/01/2025,SANTANA,CASA,5134.82
2025-01-16,2025,1,16,Jan,Janeiro,2025-01,Jan/2025,Quinta,Qui,4,3,2025-01-13,13/01 - 19/01/2025,SANTANA,DELIVERY,385.2
2025-01-16,2025,1,16,Jan,Janeiro,2025-01,Jan/2025,Quinta,Qui,4,3,2025-01-13,13/01 - 19/01/2025,SANTO ANDRÉ,CASA,25661.95
2025-01-16,2025,1,16,Jan,Janeiro,2025-01,Jan/2025,Quinta,Qui,4,3,2025-01-13,13/01 - 19/01/2025,SANTO ANDRÉ,DELIVERY,450.9
2025-01-16,2025,1,16,Jan,Janeiro,2025-01,Jan/2025,Quinta,Qui,4,3,2025-01-13,13/01 - 19/01/2025,TATUAPÉ,CASA,15592.17
2025-01-16,2025,1,16,Jan,Janeiro,2025-01,Jan/2025,Quinta,Qui,4,3,2025-01-13,13/01 - 19/01/2025,TATUAPÉ,DELIVERY,1016.82
2025-01-16,2025,1,16,Jan,Janeiro,2025-01,Jan/2025,Quinta,Qui,4,3,2025-01-13,13/01 - 19/01/2025,VILA MADALENA,CASA,23344.65
2025-01-16,2025,1,16,Jan,Janeiro,2025-01,Jan/2025,Quinta,Qui,4,3,2025-01-13,13/01 - 19/01/2025,VILA MADALENA,DELIVERY,733.1
2025-01-16,2025,1,16,Jan,Janeiro,2025-01,Jan/2025,Quinta,Qui,4,3,2025-01-13,13/01 - 19/01/2025,VILA MARIANA,CASA,9609.85
2025-01-16,2025,1,16,Jan,Janeiro,2025-01,Jan/2025,Quinta,Qui,4,3,2025-01-13,13/01 - 19/01/2025,VILA MARIANA,DELIVERY,2102.5
2025-01-17,2025,1,17,Jan,Janeiro,2025-01,Jan/2025,Sexta,Sex,5,3,2025-01-13,13/01 - 19/01/2025,CARINAS,CASA,32540.26
2025-01-17,2025,1,17,Jan,Janeiro,2025-01,Jan/2025,Sexta,Sex,5,3,2025-01-13,13/01 - 19/01/2025,CARINAS,DELIVERY,698.4
2025-01-17,2025,1,17,Jan,Janeiro,2025-01,Jan/2025,Sexta,Sex,5,3,2025-01-13,13/01 - 19/01/2025,CHÁCARA,CASA,6039.3
2025-01-17,2025,1,17,Jan,Janeiro,2025-01,Jan/2025,Sexta,Sex,5,3,2025-01-13,13/01 - 19/01/2025,CHÁCARA,DELIVERY,212.9
2025-01-17,2025,1,17,Jan,Janeiro,2025-01,Jan/2025,Sexta,Sex,5,3,2025-01-13,13/01 - 19/01/2025,LAPA,CASA,14387.37
2025-01-17,2025,1,17,Jan,Janeiro,2025-01,Jan/2025,Sexta,Sex,5,3,2025-01-13,13/01 - 19/01/2025,LAPA,DELIVERY,944.8
2025-01-17,2025,1,17,Jan,Janeiro,2025-01,Jan/2025,Sexta,Sex,5,3,2025-01-13,13/01 - 19/01/2025,PAVÃO,CASA,12885.72
2025-01-17,2025,1,17,Jan,Janeiro,2025-01,Jan/2025,Sexta,Sex,5,3,2025-01-13,13/01 - 19/01/2025,PAVÃO,DELIVERY,1853.93
2025-01-17,2025,1,17,Jan,Janeiro,2025-01,Jan/2025,Sexta,Sex,5,3,2025-01-13,13/01 - 19/01/2025,PERDIZES,CASA,41128.58
2025-01-17,2025,1,17,Jan,Janeiro,2025-01,Jan/2025,Sexta,Sex,5,3,2025-01-13,13/01 - 19/01/2025,PERDIZES,DELIVERY,1864.4
2025-01-17,2025,1,17,Jan,Janeiro,2025-01,Jan/2025,Sexta,Sex,5,3,2025-01-13,13/01 - 19/01/2025,SANTANA,CASA,19694.27
2025-01-17,2025,1,17,Jan,Janeiro,2025-01,Jan/2025,Sexta,Sex,5,3,2025-01-13,13/01 - 19/01/2025,SANTANA,DELIVERY,1160.9
2025-01-17,2025,1,17,Jan,Janeiro,2025-01,Jan/2025,Sexta,Sex,5,3,2025-01-13,13/01 - 19/01/2025,SANTO ANDRÉ,CASA,233978.43
2025-01-17,2025,1,17,Jan,Janeiro,2025-01,Jan/2025,Sexta,Sex,5,3,2025-01-13,13/01 - 19/01/2025,SANTO ANDRÉ,DELIVERY,376.2
2025-01-17,2025,1,17,Jan,Janeiro,2025-01,Jan/2025,Sexta,Sex,5,3,2025-01-13,13/01 - 19/01/2025,TATUAPÉ,CASA,23495.79
2025-01-17,2025,1,17,Jan,Janeiro,2025-01,Jan/2025,Sexta,Sex,5,3,2025-01-13,13/01 - 19/01/2025,TATUAPÉ,DELIVERY,1390.93
2025-01-17,2025,1,17,Jan,Janeiro,2025-01,Jan/2025,Sexta,Sex,5,3,2025-01-13,13/01 - 19/01/2025,VILA MADALENA,CASA,10422.7
2025-01-17,2025,1,17,Jan,Janeiro,2025-01,Jan/2025,Sexta,Sex,5,3,2025-01-13,13/01 - 19/01/2025,VILA MADALENA,DELIVERY,256.5
2025-01-17,2025,1,17,Jan,Janeiro,2025-01,Jan/2025,Sexta,Sex,5,3,2025-01-13,13/01 - 19/01/2025,VILA MARIANA,CASA,23801.7
2025-01-17,2025,1,17,Jan,Janeiro,2025-01,Jan/2025,Sexta,Sex,5,3,2025-01-13,13/01 - 19/01/2025,VILA MARIANA,DELIVERY,1541.5
2025-01-18,2025,1,18,Jan,Janeiro,2025-01,Jan/2025,Sábado,Sáb,6,3,2025-01-13,13/01 - 19/01/2025,CARINAS,CASA,197504.15
2025-01-18,2025,1,18,Jan,Janeiro,2025-01,Jan/2025,Sábado,Sáb,6,3,2025-01-13,13/01 - 19/01/2025,CARINAS,DELIVERY,2628.1
2025-01-18,2025,1,18,Jan,Janeiro,2025-01,Jan/2025,Sábado,Sáb,6,3,2025-01-13,13/01 - 19/01/2025,CHÁCARA,CASA,29029.11
2025-01-18,2025,1,18,Jan,Janeiro,2025-01,Jan/2025,Sábado,Sáb,6,3,2025-01-13,13/01 - 19/01/2025,CHÁCARA,DELIVERY,2591.5
2025-01-18,2025,1,18,Jan,Janeiro,2025-01,Jan/2025,Sábado,Sáb,6,3,2025-01-13,13/01 - 19/01/2025,LAPA,CASA,80415.3
2025-01-18,2025,1,18,Jan,Janeiro,2025-01,Jan/2025,Sábado,Sáb,6,3,2025-01-13,13/01 - 19/01/2025,PAVÃO,CASA,46471.19
2025-01-18,2025,1,18,Jan,Janeiro,2025-01,Jan/2025,Sábado,Sáb,6,3,2025-01-13,13/01 - 19/01/2025,PAVÃO,DELIVERY,1494.97
2025-01-18,2025,1,18,Jan,Janeiro,2025-01,Jan/2025,Sábado,Sáb,6,3,2025-01-13,13/01 - 19/01/2025,PERDIZES,CASA,56990.23
2025-01-18,2025,1,18,Jan,Janeiro,2025-01,Jan/2025,Sábado,Sáb,6,3,2025-01-13,13/01 - 19/01/2025,PERDIZES,DELIVERY,2343.9
2025-01-18,2025,1,18,Jan,Janeiro,2025-01,Jan/2025,Sábado,Sáb,6,3,2025-01-13,13/01 - 19/01/2025,SANTANA,CASA,155594.37
2025-01-18,2025,1,18,Jan,Janeiro,2025-01,Jan/2025,Sábado,Sáb,6,3,2025-01-13,13/01 - 19/01/2025,SANTANA,DELIVERY,2538.9
2025-01-18,2025,1,18,Jan,Janeiro,2025-01,Jan/2025,Sábado,Sáb,6,3,2025-01-13,13/01 - 19/01/2025,SANTO ANDRÉ,CASA,210788.68
2025-01-18,2025,1,18,Jan,Janeiro,2025-01,Jan/2025,Sábado,Sáb,6,3,2025-01-13,13/01 - 19/01/2025,SANTO ANDRÉ,DELIVERY,1174.2
2025-01-18,2025,1,18,Jan,Janeiro,2025-01,Jan/2025,Sábado,Sáb,6,3,2025-01-13,13/01 - 19/01/2025,TATUAPÉ,CASA,111631.83
2025-01-18,2025,1,18,Jan,Janeiro,2025-01,Jan/2025,Sábado,Sáb,6,3,2025-01-13,13/01 - 19/01/2025,TATUAPÉ,DELIVERY,4195.73
2025-01-18,2025,1,18,Jan,Janeiro,2025-01,Jan/2025,Sábado,Sáb,6,3,2025-01-13,13/01 - 19/01/2025,VILA MADALENA,CASA,49738.5
2025-01-18,2025,1,18,Jan,Janeiro,2025-01,Jan/2025,Sábado,Sáb,6,3,2025-01-13,13/01 - 19/01/2025,VILA MADALENA,DELIVERY,1139.5
2025-01-18,2025,1,18,Jan,Janeiro,2025-01,Jan/2025,Sábado,Sáb,6,3,2025-01-13,13/01 - 19/01/2025,VILA MARIANA,CASA,46677.51
2025-01-18,2025,1,18,Jan,Janeiro,2025-01,Jan/2025,Sábado,Sáb,6,3,2025-01-13,13/01 - 19/01/2025,VILA MARIANA,DELIVERY,2695.6
2025-01-19,2025,1,19,Jan,Janeiro,2025-01,Jan/2025,Domingo,Dom,7,3,2025-01-13,13/01 - 19/01/2025,CARINAS,CASA,86426.69
2025-01-19,2025,1,19,Jan,Janeiro,2025-01,Jan/2025,Domingo,Dom,7,3,2025-01-13,13/01 - 19/01/2025,CARINAS,DELIVERY,2099.3
2025-01-19,2025,1,19,Jan,Janeiro,2025-01,Jan/2025,Domingo,Dom,7,3,2025-01-13,13/01 - 19/01/2025,CHÁCARA,CASA,4361.83
2025-01-19,2025,1,19,Jan,Janeiro,2025-01,Jan/2025,Domingo,Dom,7,3,2025-01-13,13/01 - 19/01/2025,CHÁCARA,DELIVERY,2187.9
2025-01-19,2025,1,19,Jan,Janeiro,2025-01,Jan/2025,Domingo,Dom,7,3,2025-01-13,13/01 - 19/01/2025,LAPA,CASA,14902.21
2025-01-19,2025,1,19,Jan,Janeiro,2025-01,Jan/2025,Domingo,Dom,7,3,2025-01-13,13/01 - 19/01/2025,LAPA,DELIVERY,2086.5
2025-01-19,2025,1,19,Jan,Janeiro,2025-01,Jan/2025,Domingo,Dom,7,3,2025-01-13,13/01 - 19/01/2025,PAVÃO,CASA,22292.02
2025-01-19,2025,1,19,Jan,Janeiro,2025-01,Jan/2025,Domingo,Dom,7,3,2025-01-13,13/01 - 19/01/2025,PAVÃO,DELIVERY,1797.13
2025-01-19,2025,1,19,Jan,Janeiro,2025-01,Jan/2025,Domingo,Dom,7,3,2025-01-13,13/01 - 19/01/2025,PERDIZES,CASA,27177.1
2025-01-19,2025,1,19,Jan,Janeiro,2025-01,Jan/2025,Domingo,Dom,7,3,2025-01-13,13/01 - 19/01/2025,PERDIZES,DELIVERY,1333.4
2025-01-19,2025,1,19,Jan,Janeiro,2025-01,Jan/2025,Domingo,Dom,7,3,2025-01-13,13/01 - 19/01/2025,SANTANA,CASA,44955.79
2025-01-19,2025,1,19,Jan,Janeiro,2025-01,Jan/2025,Domingo,Dom,7,3,2025-01-13,13/01 - 19/01/2025,SANTANA,DELIVERY,3170.1
2025-01-19,2025,1,19,Jan,Janeiro,2025-01,Jan/2025,Domingo,Dom,7,3,2025-01-13,13/01 - 19/01/2025,SANTO ANDRÉ,CASA,49332.39
2025-01-19,2025,1,19,Jan,Janeiro,2025-01,Jan/2025,Domingo,Dom,7,3,2025-01-13,13/01 - 19/01/2025,SANTO ANDRÉ,DELIVERY,720.7
2025-01-19,2025,1,19,Jan,Janeiro,2025-01,Jan/2025,Domingo,Dom,7,3,2025-01-13,13/01 - 19/01/2025,TATUAPÉ,CASA,44145.7
2025-01-19,2025,1,19,Jan,Janeiro,2025-01,Jan/2025,Domingo,Dom,7,3,2025-01-13,13/01 - 19/01/2025,TATUAPÉ,DELIVERY,2138.76
2025-01-19,2025,1,19,Jan,Janeiro,2025-01,Jan/2025,Domingo,Dom,7,3,2025-01-13,13/01 - 19/01/2025,VILA MADALENA,CASA,21761.84
2025-01-19,2025,1,19,Jan,Janeiro,2025-01,Jan/2025,Domingo,Dom,7,3,2025-01-13,13/01 - 19/01/2025,VILA MADALENA,DELIVERY,961.9
2025-01-19,2025,1,19,Jan,Janeiro,2025-01,Jan/2025,Domingo,Dom,7,3,2025-01-13,13/01 - 19/01/2025,VILA MARIANA,CASA,34048.07
2025-01-19,2025,1,19,Jan,Janeiro,2025-01,Jan/2025,Domingo,Dom,7,3,2025-01-13,13/01 - 19/01/2025,VILA MARIANA,DELIVERY,2915.0
2025-01-21,2025,1,21,Jan,Janeiro,2025-01,Jan/2025,Terça,Ter,2,4,2025-01-20,20/01 - 26/01/2025,CARINAS,CASA,14816.51
2025-01-21,2025,1,21,Jan,Janeiro,2025-01,Jan/2025,Terça,Ter,2,4,2025-01-20,20/01 - 26/01/2025,CARINAS,DELIVERY,365.6
2025-01-21,2025,1,21,Jan,Janeiro,2025-01,Jan/2025,Terça,Ter,2,4,2025-01-20,20/01 - 26/01/2025,CHÁCARA,CASA,3284.61
2025-01-21,2025,1,21,Jan,Janeiro,2025-01,Jan/2025,Terça,Ter,2,4,2025-01-20,20/01 - 26/01/2025,CHÁCARA,DELIVERY,925.8
2025-01-21,2025,1,21,Jan,Janeiro,2025-01,Jan/2025,Terça,Ter,2,4,2025-01-20,20/01 - 26/01/2025,LAPA,CASA,3511.04
2025-01-21,2025,1,21,Jan,Janeiro,2025-01,Jan/2025,Terça,Ter,2,4,2025-01-20,20/01 - 26/01/2025,LAPA,DELIVERY,3217.7
2025-01-21,2025,1,21,Jan,Janeiro,2025-01,Jan/2025,Terça,Ter,2,4,2025-01-20,20/01 - 26/01/2025,PAVÃO,CASA,2851.2
2025-01-21,2025,1,21,Jan,Janeiro,2025-01,Jan/2025,Terça,Ter,2,4,2025-01-20,20/01 - 26/01/2025,PAVÃO,DELIVERY,799.73
2025-01-21,2025,1,21,Jan,Janeiro,2025-01,Jan/2025,Terça,Ter,2,4,2025-01-20,20/01 - 26/01/2025,PERDIZES,CASA,15687.6
2025-01-21,2025,1,21,Jan,Janeiro,2025-01,Jan/2025,Terça,Ter,2,4,2025-01-20,20/01 - 26/01/2025,PERDIZES,DELIVERY,266.4
2025-01-21,2025,1,21,Jan,Janeiro,2025-01,Jan/2025,Terça,Ter,2,4,2025-01-20,20/01 - 26/01/2025,SANTANA,CASA,23178.19
2025-01-21,2025,1,21,Jan,Janeiro,2025-01,Jan/2025,Terça,Ter,2,4,2025-01-20,20/01 - 26/01/2025,SANTANA,DELIVERY,905.2
2025-01-21,2025,1,21,Jan,Janeiro,2025-01,Jan/2025,Terça,Ter,2,4,2025-01-20,20/01 - 26/01/2025,TATUAPÉ,CASA,8096.06
2025-01-21,2025,1,21,Jan,Janeiro,2025-01,Jan/2025,Terça,Ter,2,4,2025-01-20,20/01 - 26/01/2025,TATUAPÉ,DELIVERY,1654.81
2025-01-21,2025,1,21,Jan,Janeiro,2025-01,Jan/2025,Terça,Ter,2,4,2025-01-20,20/01 - 26/01/2025,VILA MADALENA,CASA,5822.2
2025-01-21,2025,1,21,Jan,Janeiro,2025-01,Jan/2025,Terça,Ter,2,4,2025-01-20,20/01 - 26/01/2025,VILA MADALENA,DELIVERY,240.0
2025-01-21,2025,1,21,Jan,Janeiro,2025-01,Jan/2025,Terça,Ter,2,4,2025-01-20,20/01 - 26/01/2025,VILA MARIANA,CASA,10240.73
2025-01-21,2025,1,21,Jan,Janeiro,2025-01,Jan/2025,Terça,Ter,2,4,2025-01-20,20/01 - 26/01/2025,VILA MARIANA,DELIVERY,1599.8
2025-01-22,2025,1,22,Jan,Janeiro,2025-01,Jan/2025,Quarta,Qua,3,4,2025-01-20,20/01 - 26/01/2025,CARINAS,CASA,10339.92
2025-01-22,2025,1,22,Jan,Janeiro,2025-01,Jan/2025,Quarta,Qua,3,4,2025-01-20,20/01 - 26/01/2025,CARINAS,DELIVERY,1425.2
2025-01-22,2025,1,22,Jan,Janeiro,2025-01,Jan/2025,Quarta,Qua,3,4,2025-01-20,20/01 - 26/01/2025,CHÁCARA,CASA,1557.73
2025-01-22,2025,1,22,Jan,Janeiro,2025-01,Jan/2025,Quarta,Qua,3,4,2025-01-20,20/01 - 26/01/2025,CHÁCARA,DELIVERY,867.5
2025-01-22,2025,1,22,Jan,Janeiro,2025-01,Jan/2025,Quarta,Qua,3,4,2025-01-20,20/01 - 26/01/2025,LAPA,CASA,6299.46
2025-01-22,2025,1,22,Jan,Janeiro,2025-01,Jan/2025,Quarta,Qua,3,4,2025-01-20,20/01 - 26/01/2025,LAPA,DELIVERY,464.9
2025-01-22,2025,1,22,Jan,Janeiro,2025-01,Jan/2025,Quarta,Qua,3,4,2025-01-20,20/01 - 26/01/2025,PAVÃO,CASA,9023.16
2025-01-22,2025,1,22,Jan,Janeiro,2025-01,Jan/2025,Quarta,Qua,3,4,2025-01-20,20/01 - 26/01/2025,PAVÃO,DELIVERY,1365.64
2025-01-22,2025,1,22,Jan,Janeiro,2025-01,Jan/2025,Quarta,Qua,3,4,2025-01-20,20/01 - 26/01/2025,PERDIZES,CASA,8657.4
2025-01-22,2025,1,22,Jan,Janeiro,2025-01,Jan/2025,Quarta,Qua,3,4,2025-01-20,20/01 - 26/01/2025,PERDIZES,DELIVERY,1175.8
2025-01-22,2025,1,22,Jan,Janeiro,2025-01,Jan/2025,Quarta,Qua,3,4,2025-01-20,20/01 - 26/01/2025,SANTANA,CASA,81757.84
2025-01-22,2025,1,22,Jan,Janeiro,2025-01,Jan/2025,Quarta,Qua,3,4,2025-01-20,20/01 - 26/01/2025,SANTANA,DELIVERY,638.6
2025-01-22,2025,1,22,Jan,Janeiro,2025-01,Jan/2025,Quarta,Qua,3,4,2025-01-20,20/01 - 26/01/2025,SANTO ANDRÉ,CASA,6932.23
2025-01-22,2025,1,22,Jan,Janeiro,2025-01,Jan/2025,Quarta,Qua,3,4,2025-01-20,20/01 - 26/01/2025,SANTO ANDRÉ,DELIVERY,554.8
2025-01-22,2025,1,22,Jan,Janeiro,2025-01,Jan/2025,Quarta,Qua,3,4,2025-01-20,20/01 - 26/01/2025,TATUAPÉ,CASA,13757.52
2025-01-22,2025,1,22,Jan,Janeiro,2025-01,Jan/2025,Quarta,Qua,3,4,2025-01-20,20/01 - 26/01/2025,TATUAPÉ,DELIVERY,767.64
2025-01-22,2025,1,22,Jan,Janeiro,2025-01,Jan/2025,Quarta,Qua,3,4,2025-01-20,20/01 - 26/01/2025,VILA MADALENA,CASA,4936.3
2025-01-22,2025,1,22,Jan,Janeiro,2025-01,Jan/2025,Quarta,Qua,3,4,2025-01-20,20/01 - 26/01/2025,VILA MADALENA,DELIVERY,697.7
2025-01-22,2025,1,22,Jan,Janeiro,2025-01,Jan/2025,Quarta,Qua,3,4,2025-01-20,20/01 - 26/01/2025,VILA MARIANA,CASA,14761.44
2025-01-22,2025,1,22,Jan,Janeiro,2025-01,Jan/2025,Quarta,Qua,3,4,2025-01-20,20/01 - 26/01/2025,VILA MARIANA,DELIVERY,1481.9
2025-01-23,2025,1,23,Jan,Janeiro,2025-01,Jan/2025,Quinta,Qui,4,4,2025-01-20,20/01 - 26/01/2025,CARINAS,CASA,18354.19
2025-01-23,2025,1,23,Jan,Janeiro,2025-01,Jan/2025,Quinta,Qui,4,4,2025-01-20,20/01 - 26/01/2025,CARINAS,DELIVERY,574.3
2025-01-23,2025,1,23,Jan,Janeiro,2025-01,Jan/2025,Quinta,Qui,4,4,2025-01-20,20/01 - 26/01/2025,CHÁCARA,CASA,6519.81
2025-01-23,2025,1,23,Jan,Janeiro,2025-01,Jan/2025,Quinta,Qui,4,4,2025-01-20,20/01 - 26/01/2025,CHÁCARA,DELIVERY,902.0
2025-01-23,2025,1,23,Jan,Janeiro,2025-01,Jan/2025,Quinta,Qui,4,4,2025-01-20,20/01 - 26/01/2025,LAPA,CASA,4565.7
2025-01-23,2025,1,23,Jan,Janeiro,2025-01,Jan/2025,Quinta,Qui,4,4,2025-01-20,20/01 - 26/01/2025,LAPA,DELIVERY,1051.7
2025-01-23,2025,1,23,Jan,Janeiro,2025-01,Jan/2025,Quinta,Qui,4,4,2025-01-20,20/01 - 26/01/2025,PAVÃO,CASA,5769.77
2025-01-23,2025,1,23,Jan,Janeiro,2025-01,Jan/2025,Quinta,Qui,4,4,2025-01-20,20/01 - 26/01/2025,PAVÃO,DELIVERY,590.08
2025-01-23,2025,1,23,Jan,Janeiro,2025-01,Jan/2025,Quinta,Qui,4,4,2025-01-20,20/01 - 26/01/2025,PERDIZES,CASA,20430.02
2025-01-23,2025,1,23,Jan,Janeiro,2025-01,Jan/2025,Quinta,Qui,4,4,2025-01-20,20/01 - 26/01/2025,PERDIZES,DELIVERY,1372.0
2025-01-23,2025,1,23,Jan,Janeiro,2025-01,Jan/2025,Quinta,Qui,4,4,2025-01-20,20/01 - 26/01/2025,SANTANA,CASA,6131.61
2025-01-23,2025,1,23,Jan,Janeiro,2025-01,Jan/2025,Quinta,Qui,4,4,2025-01-20,20/01 - 26/01/2025,SANTANA,DELIVERY,517.4
2025-01-23,2025,1,23,Jan,Janeiro,2025-01,Jan/2025,Quinta,Qui,4,4,2025-01-20,20/01 - 26/01/2025,SANTO ANDRÉ,CASA,20145.0
2025-01-23,2025,1,23,Jan,Janeiro,2025-01,Jan/2025,Quinta,Qui,4,4,2025-01-20,20/01 - 26/01/2025,SANTO ANDRÉ,DELIVERY,487.4
2025-01-23,2025,1,23,Jan,Janeiro,2025-01,Jan/2025,Quinta,Qui,4,4,2025-01-20,20/01 - 26/01/2025,TATUAPÉ,CASA,6093.8
2025-01-23,2025,1,23,Jan,Janeiro,2025-01,Jan/2025,Quinta,Qui,4,4,2025-01-20,20/01 - 26/01/2025,TATUAPÉ,DELIVERY,861.09
2025-01-23,2025,1,23,Jan,Janeiro,2025-01,Jan/2025,Quinta,Qui,4,4,2025-01-20,20/01 - 26/01/2025,VILA MADALENA,CASA,71109.03
2025-01-23,2025,1,23,Jan,Janeiro,2025-01,Jan/2025,Quinta,Qui,4,4,2025-01-20,20/01 - 26/01/2025,VILA MADALENA,DELIVERY,102.5
2025-01-23,2025,1,23,Jan,Janeiro,2025-01,Jan/2025,Quinta,Qui,4,4,2025-01-20,20/01 - 26/01/2025,VILA MARIANA,CASA,17148.86
2025-01-23,2025,1,23,Jan,Janeiro,2025-01,Jan/2025,Quinta,Qui,4,4,2025-01-20,20/01 - 26/01/2025,VILA MARIANA,DELIVERY,1253.5
2025-01-24,2025,1,24,Jan,Janeiro,2025-01,Jan/2025,Sexta,Sex,5,4,2025-01-20,20/01 - 26/01/2025,CARINAS,CASA,43087.08
2025-01-24,2025,1,24,Jan,Janeiro,2025-01,Jan/2025,Sexta,Sex,5,4,2025-01-20,20/01 - 26/01/2025,CARINAS,DELIVERY,1832.5
2025-01-24,2025,1,24,Jan,Janeiro,2025-01,Jan/2025,Sexta,Sex,5,4,2025-01-20,20/01 - 26/01/2025,CHÁCARA,CASA,5533.51
2025-01-24,2025,1,24,Jan,Janeiro,2025-01,Jan/2025,Sexta,Sex,5,4,2025-01-20,20/01 - 26/01/2025,CHÁCARA,DELIVERY,288.6
2025-01-24,2025,1,24,Jan,Janeiro,2025-01,Jan/2025,Sexta,Sex,5,4,2025-01-20,20/01 - 26/01/2025,LAPA,CASA,19075.62
2025-01-24,2025,1,24,Jan,Janeiro,2025-01,Jan/2025,Sexta,Sex,5,4,2025-01-20,20/01 - 26/01/2025,LAPA,DELIVERY,1940.1
2025-01-24,2025,1,24,Jan,Janeiro,2025-01,Jan/2025,Sexta,Sex,5,4,2025-01-20,20/01 - 26/01/2025,PAVÃO,CASA,4939.53
2025-01-24,2025,1,24,Jan,Janeiro,2025-01,Jan/2025,Sexta,Sex,5,4,2025-01-20,20/01 - 26/01/2025,PAVÃO,DELIVERY,961.61
2025-01-24,2025,1,24,Jan,Janeiro,2025-01,Jan/2025,Sexta,Sex,5,4,2025-01-20,20/01 - 26/01/2025,PERDIZES,CASA,11646.12
2025-01-24,2025,1,24,Jan,Janeiro,2025-01,Jan/2025,Sexta,Sex,5,4,2025-01-20,20/01 - 26/01/2025,PERDIZES,DELIVERY,730.1
2025-01-24,2025,1,24,Jan,Janeiro,2025-01,Jan/2025,Sexta,Sex,5,4,2025-01-20,20/01 - 26/01/2025,SANTANA,CASA,15213.11
2025-01-24,2025,1,24,Jan,Janeiro,2025-01,Jan/2025,Sexta,Sex,5,4,2025-01-20,20/01 - 26/01/2025,SANTO ANDRÉ,CASA,123762.26
2025-01-24,2025,1,24,Jan,Janeiro,2025-01,Jan/2025,Sexta,Sex,5,4,2025-01-20,20/01 - 26/01/2025,SANTO ANDRÉ,DELIVERY,479.4
2025-01-24,2025,1,24,Jan,Janeiro,2025-01,Jan/2025,Sexta,Sex,5,4,2025-01-20,20/01 - 26/01/2025,TATUAPÉ,CASA,16699.08
2025-01-24,2025,1,24,Jan,Janeiro,2025-01,Jan/2025,Sexta,Sex,5,4,2025-01-20,20/01 - 26/01/2025,TATUAPÉ,DELIVERY,1358.12
2025-01-24,2025,1,24,Jan,Janeiro,2025-01,Jan/2025,Sexta,Sex,5,4,2025-01-20,20/01 - 26/01/2025,VILA MADALENA,CASA,12148.61
2025-01-24,2025,1,24,Jan,Janeiro,2025-01,Jan/2025,Sexta,Sex,5,4,2025-01-20,20/01 - 26/01/2025,VILA MARIANA,CASA,20964.48
2025-01-24,2025,1,24,Jan,Janeiro,2025-01,Jan/2025,Sexta,Sex,5,4,2025-01-20,20/01 - 26/01/2025,VILA MARIANA,DELIVERY,1644.8
2025-01-25,2025,1,25,Jan,Janeiro,2025-01,Jan/2025,Sábado,Sáb,6,4,2025-01-20,20/01 - 26/01/2025,CARINAS,CASA,176128.87
2025-01-25,2025,1,25,Jan,Janeiro,2025-01,Jan/2025,Sábado,Sáb,6,4,2025-01-20,20/01 - 26/01/2025,CARINAS,DELIVERY,1374.6
2025-01-25,2025,1,25,Jan,Janeiro,2025-01,Jan/2025,Sábado,Sáb,6,4,2025-01-20,20/01 - 26/01/2025,CHÁCARA,CASA,26229.01
2025-01-25,2025,1,25,Jan,Janeiro,2025-01,Jan/2025,Sábado,Sáb,6,4,2025-01-20,20/01 - 26/01/2025,CHÁCARA,DELIVERY,2495.3
2025-01-25,2025,1,25,Jan,Janeiro,2025-01,Jan/2025,Sábado,Sáb,6,4,2025-01-20,20/01 - 26/01/2025,LAPA,CASA,55621.21
2025-01-25,2025,1,25,Jan,Janeiro,2025-01,Jan/2025,Sábado,Sáb,6,4,2025-01-20,20/01 - 26/01/2025,LAPA,DELIVERY,2491.7
2025-01-25,2025,1,25,Jan,Janeiro,2025-01,Jan/2025,Sábado,Sáb,6,4,2025-01-20,20/01 - 26/01/2025,PAVÃO,CASA,32432.51
2025-01-25,2025,1,25,Jan,Janeiro,2025-01,Jan/2025,Sábado,Sáb,6,4,2025-01-20,20/01 - 26/01/2025,PAVÃO,DELIVERY,2441.73
2025-01-25,2025,1,25,Jan,Janeiro,2025-01,Jan/2025,Sábado,Sáb,6,4,2025-01-20,20/01 - 26/01/2025,PERDIZES,CASA,105260.77
2025-01-25,2025,1,25,Jan,Janeiro,2025-01,Jan/2025,Sábado,Sáb,6,4,2025-01-20,20/01 - 26/01/2025,PERDIZES,DELIVERY,1570.0
2025-01-25,2025,1,25,Jan,Janeiro,2025-01,Jan/2025,Sábado,Sáb,6,4,2025-01-20,20/01 - 26/01/2025,SANTANA,CASA,165218.62
2025-01-25,2025,1,25,Jan,Janeiro,2025-01,Jan/2025,Sábado,Sáb,6,4,2025-01-20,20/01 - 26/01/2025,SANTO ANDRÉ,CASA,175766.9
2025-01-25,2025,1,25,Jan,Janeiro,2025-01,Jan/2025,Sábado,Sáb,6,4,2025-01-20,20/01 - 26/01/2025,SANTO ANDRÉ,DELIVERY,1116.5
2025-01-25,2025,1,25,Jan,Janeiro,2025-01,Jan/2025,Sábado,Sáb,6,4,2025-01-20,20/01 - 26/01/2025,TATUAPÉ,CASA,108178.08
2025-01-25,2025,1,25,Jan,Janeiro,2025-01,Jan/2025,Sábado,Sáb,6,4,2025-01-20,20/01 - 26/01/2025,TATUAPÉ,DELIVERY,4656.6
2025-01-25,2025,1,25,Jan,Janeiro,2025-01,Jan/2025,Sábado,Sáb,6,4,2025-01-20,20/01 - 26/01/2025,VILA MADALENA,CASA,52173.05
2025-01-25,2025,1,25,Jan,Janeiro,2025-01,Jan/2025,Sábado,Sáb,6,4,2025-01-20,20/01 - 26/01/2025,VILA MADALENA,DELIVERY,1565.3
2025-01-25,2025,1,25,Jan,Janeiro,2025-01,Jan/2025,Sábado,Sáb,6,4,2025-01-20,20/01 - 26/01/2025,VILA MARIANA,CASA,41319.47
2025-01-25,2025,1,25,Jan,Janeiro,2025-01,Jan/2025,Sábado,Sáb,6,4,2025-01-20,20/01 - 26/01/2025,VILA MARIANA,DELIVERY,3637.0
2025-01-26,2025,1,26,Jan,Janeiro,2025-01,Jan/2025,Domingo,Dom,7,4,2025-01-20,20/01 - 26/01/2025,CARINAS,CASA,59667.18
2025-01-26,2025,1,26,Jan,Janeiro,2025-01,Jan/2025,Domingo,Dom,7,4,2025-01-20,20/01 - 26/01/2025,CARINAS,DELIVERY,1228.7
2025-01-26,2025,1,26,Jan,Janeiro,2025-01,Jan/2025,Domingo,Dom,7,4,2025-01-20,20/01 - 26/01/2025,CHÁCARA,CASA,12783.42
2025-01-26,2025,1,26,Jan,Janeiro,2025-01,Jan/2025,Domingo,Dom,7,4,2025-01-20,20/01 - 26/01/2025,CHÁCARA,DELIVERY,1174.5
2025-01-26,2025,1,26,Jan,Janeiro,2025-01,Jan/2025,Domingo,Dom,7,4,2025-01-20,20/01 - 26/01/2025,LAPA,CASA,11576.28
2025-01-26,2025,1,26,Jan,Janeiro,2025-01,Jan/2025,Domingo,Dom,7,4,2025-01-20,20/01 - 26/01/2025,LAPA,DELIVERY,1610.8
2025-01-26,2025,1,26,Jan,Janeiro,2025-01,Jan/2025,Domingo,Dom,7,4,2025-01-20,20/01 - 26/01/2025,PAVÃO,CASA,10007.19
2025-01-26,2025,1,26,Jan,Janeiro,2025-01,Jan/2025,Domingo,Dom,7,4,2025-01-20,20/01 - 26/01/2025,PAVÃO,DELIVERY,2527.81
2025-01-26,2025,1,26,Jan,Janeiro,2025-01,Jan/2025,Domingo,Dom,7,4,2025-01-20,20/01 - 26/01/2025,PERDIZES,CASA,34815.95
2025-01-26,2025,1,26,Jan,Janeiro,2025-01,Jan/2025,Domingo,Dom,7,4,2025-01-20,20/01 - 26/01/2025,PERDIZES,DELIVERY,5249.2
2025-01-26,2025,1,26,Jan,Janeiro,2025-01,Jan/2025,Domingo,Dom,7,4,2025-01-20,20/01 - 26/01/2025,SANTANA,CASA,37127.12
2025-01-26,2025,1,26,Jan,Janeiro,2025-01,Jan/2025,Domingo,Dom,7,4,2025-01-20,20/01 - 26/01/2025,SANTANA,DELIVERY,5803.1
2025-01-26,2025,1,26,Jan,Janeiro,2025-01,Jan/2025,Domingo,Dom,7,4,2025-01-20,20/01 - 26/01/2025,SANTO ANDRÉ,CASA,61927.87
2025-01-26,2025,1,26,Jan,Janeiro,2025-01,Jan/2025,Domingo,Dom,7,4,2025-01-20,20/01 - 26/01/2025,SANTO ANDRÉ,DELIVERY,535.5
2025-01-26,2025,1,26,Jan,Janeiro,2025-01,Jan/2025,Domingo,Dom,7,4,2025-01-20,20/01 - 26/01/2025,TATUAPÉ,CASA,27848.91
2025-01-26,2025,1,26,Jan,Janeiro,2025-01,Jan/2025,Domingo,Dom,7,4,2025-01-20,20/01 - 26/01/2025,TATUAPÉ,DELIVERY,3089.97
2025-01-26,2025,1,26,Jan,Janeiro,2025-01,Jan/2025,Domingo,Dom,7,4,2025-01-20,20/01 - 26/01/2025,VILA MADALENA,CASA,17796.7
2025-01-26,2025,1,26,Jan,Janeiro,2025-01,Jan/2025,Domingo,Dom,7,4,2025-01-20,20/01 - 26/01/2025,VILA MADALENA,DELIVERY,2644.4
2025-01-26,2025,1,26,Jan,Janeiro,2025-01,Jan/2025,Domingo,Dom,7,4,2025-01-20,20/01 - 26/01/2025,VILA MARIANA,CASA,17671.76
2025-01-26,2025,1,26,Jan,Janeiro,2025-01,Jan/2025,Domingo,Dom,7,4,2025-01-20,20/01 - 26/01/2025,VILA MARIANA,DELIVERY,4253.6
2025-01-28,2025,1,28,Jan,Janeiro,2025-01,Jan/2025,Terça,Ter,2,5,2025-01-27,27/01 - 02/02/2025,CARINAS,CASA,21089.53
2025-01-28,2025,1,28,Jan,Janeiro,2025-01,Jan/2025,Terça,Ter,2,5,2025-01-27,27/01 - 02/02/2025,CARINAS,DELIVERY,549.5
2025-01-28,2025,1,28,Jan,Janeiro,2025-01,Jan/2025,Terça,Ter,2,5,2025-01-27,27/01 - 02/02/2025,CHÁCARA,CASA,3765.72
2025-01-28,2025,1,28,Jan,Janeiro,2025-01,Jan/2025,Terça,Ter,2,5,2025-01-27,27/01 - 02/02/2025,CHÁCARA,DELIVERY,421.6
2025-01-28,2025,1,28,Jan,Janeiro,2025-01,Jan/2025,Terça,Ter,2,5,2025-01-27,27/01 - 02/02/2025,LAPA,CASA,6014.39
2025-01-28,2025,1,28,Jan,Janeiro,2025-01,Jan/2025,Terça,Ter,2,5,2025-01-27,27/01 - 02/02/2025,LAPA,DELIVERY,354.3
2025-01-28,2025,1,28,Jan,Janeiro,2025-01,Jan/2025,Terça,Ter,2,5,2025-01-27,27/01 - 02/02/2025,PAVÃO,CASA,3100.19
2025-01-28,2025,1,28,Jan,Janeiro,2025-01,Jan/2025,Terça,Ter,2,5,2025-01-27,27/01 - 02/02/2025,PAVÃO,DELIVERY,1180.03
2025-01-28,2025,1,28,Jan,Janeiro,2025-01,Jan/2025,Terça,Ter,2,5,2025-01-27,27/01 - 02/02/2025,PERDIZES,CASA,2824.13
2025-01-28,2025,1,28,Jan,Janeiro,2025-01,Jan/2025,Terça,Ter,2,5,2025-01-27,27/01 - 02/02/2025,PERDIZES,DELIVERY,680.5
2025-01-28,2025,1,28,Jan,Janeiro,2025-01,Jan/2025,Terça,Ter,2,5,2025-01-27,27/01 - 02/02/2025,SANTANA,CASA,9286.39
2025-01-28,2025,1,28,Jan,Janeiro,2025-01,Jan/2025,Terça,Ter,2,5,2025-01-27,27/01 - 02/02/2025,SANTANA,DELIVERY,601.7
2025-01-28,2025,1,28,Jan,Janeiro,2025-01,Jan/2025,Terça,Ter,2,5,2025-01-27,27/01 - 02/02/2025,TATUAPÉ,CASA,8066.28
2025-01-28,2025,1,28,Jan,Janeiro,2025-01,Jan/2025,Terça,Ter,2,5,2025-01-27,27/01 - 02/02/2025,TATUAPÉ,DELIVERY,356.78
2025-01-28,2025,1,28,Jan,Janeiro,2025-01,Jan/2025,Terça,Ter,2,5,2025-01-27,27/01 - 02/02/2025,VILA MADALENA,CASA,2407.9
2025-01-28,2025,1,28,Jan,Janeiro,2025-01,Jan/2025,Terça,Ter,2,5,2025-01-27,27/01 - 02/02/2025,VILA MADALENA,DELIVERY,461.7
2025-01-28,2025,1,28,Jan,Janeiro,2025-01,Jan/2025,Terça,Ter,2,5,2025-01-27,27/01 - 02/02/2025,VILA MARIANA,CASA,8114.01
2025-01-28,2025,1,28,Jan,Janeiro,2025-01,Jan/2025,Terça,Ter,2,5,2025-01-27,27/01 - 02/02/2025,VILA MARIANA,DELIVERY,1612.2
2025-01-29,2025,1,29,Jan,Janeiro,2025-01,Jan/2025,Quarta,Qua,3,5,2025-01-27,27/01 - 02/02/2025,CARINAS,CASA,16170.13
2025-01-29,2025,1,29,Jan,Janeiro,2025-01,Jan/2025,Quarta,Qua,3,5,2025-01-27,27/01 - 02/02/2025,CARINAS,DELIVERY,433.1
2025-01-29,2025,1,29,Jan,Janeiro,2025-01,Jan/2025,Quarta,Qua,3,5,2025-01-27,27/01 - 02/02/2025,CHÁCARA,CASA,4344.58
2025-01-29,2025,1,29,Jan,Janeiro,2025-01,Jan/2025,Quarta,Qua,3,5,2025-01-27,27/01 - 02/02/2025,CHÁCARA,DELIVERY,128.1
2025-01-29,2025,1,29,Jan,Janeiro,2025-01,Jan/2025,Quarta,Qua,3,5,2025-01-27,27/01 - 02/02/2025,LAPA,CASA,5026.22
2025-01-29,2025,1,29,Jan,Janeiro,2025-01,Jan/2025,Quarta,Qua,3,5,2025-01-27,27/01 - 02/02/2025,LAPA,DELIVERY,632.5
2025-01-29,2025,1,29,Jan,Janeiro,2025-01,Jan/2025,Quarta,Qua,3,5,2025-01-27,27/01 - 02/02/2025,PAVÃO,CASA,7951.82
2025-01-29,2025,1,29,Jan,Janeiro,2025-01,Jan/2025,Quarta,Qua,3,5,2025-01-27,27/01 - 02/02/2025,PAVÃO,DELIVERY,996.24
2025-01-29,2025,1,29,Jan,Janeiro,2025-01,Jan/2025,Quarta,Qua,3,5,2025-01-27,27/01 - 02/02/2025,PERDIZES,CASA,3521.75
2025-01-29,2025,1,29,Jan,Janeiro,2025-01,Jan/2025,Quarta,Qua,3,5,2025-01-27,27/01 - 02/02/2025,PERDIZES,DELIVERY,879.2
2025-01-29,2025,1,29,Jan,Janeiro,2025-01,Jan/2025,Quarta,Qua,3,5,2025-01-27,27/01 - 02/02/2025,SANTANA,CASA,4220.78
2025-01-29,2025,1,29,Jan,Janeiro,2025-01,Jan/2025,Quarta,Qua,3,5,2025-01-27,27/01 - 02/02/2025,SANTANA,DELIVERY,435.6
2025-01-29,2025,1,29,Jan,Janeiro,2025-01,Jan/2025,Quarta,Qua,3,5,2025-01-27,27/01 - 02/02/2025,SANTO ANDRÉ,CASA,63253.29
2025-01-29,2025,1,29,Jan,Janeiro,2025-01,Jan/2025,Quarta,Qua,3,5,2025-01-27,27/01 - 02/02/2025,SANTO ANDRÉ,DELIVERY,289.2
2025-01-29,2025,1,29,Jan,Janeiro,2025-01,Jan/2025,Quarta,Qua,3,5,2025-01-27,27/01 - 02/02/2025,TATUAPÉ,CASA,12689.89
2025-01-29,2025,1,29,Jan,Janeiro,2025-01,Jan/2025,Quarta,Qua,3,5,2025-01-27,27/01 - 02/02/2025,TATUAPÉ,DELIVERY,720.66
2025-01-29,2025,1,29,Jan,Janeiro,2025-01,Jan/2025,Quarta,Qua,3,5,2025-01-27,27/01 - 02/02/2025,VILA MADALENA,CASA,5924.88
2025-01-29,2025,1,29,Jan,Janeiro,2025-01,Jan/2025,Quarta,Qua,3,5,2025-01-27,27/01 - 02/02/2025,VILA MADALENA,DELIVERY,252.0
2025-01-29,2025,1,29,Jan,Janeiro,2025-01,Jan/2025,Quarta,Qua,3,5,2025-01-27,27/01 - 02/02/2025,VILA MARIANA,CASA,6534.49
2025-01-29,2025,1,29,Jan,Janeiro,2025-01,Jan/2025,Quarta,Qua,3,5,2025-01-27,27/01 - 02/02/2025,VILA MARIANA,DELIVERY,1649.5
2025-01-30,2025,1,30,Jan,Janeiro,2025-01,Jan/2025,Quinta,Qui,4,5,2025-01-27,27/01 - 02/02/2025,CARINAS,CASA,8776.69
2025-01-30,2025,1,30,Jan,Janeiro,2025-01,Jan/2025,Quinta,Qui,4,5,2025-01-27,27/01 - 02/02/2025,CARINAS,DELIVERY,854.4
2025-01-30,2025,1,30,Jan,Janeiro,2025-01,Jan/2025,Quinta,Qui,4,5,2025-01-27,27/01 - 02/02/2025,CHÁCARA,CASA,13432.94
2025-01-30,2025,1,30,Jan,Janeiro,2025-01,Jan/2025,Quinta,Qui,4,5,2025-01-27,27/01 - 02/02/2025,CHÁCARA,DELIVERY,595.0
2025-01-30,2025,1,30,Jan,Janeiro,2025-01,Jan/2025,Quinta,Qui,4,5,2025-01-27,27/01 - 02/02/2025,LAPA,CASA,9095.35
2025-01-30,2025,1,30,Jan,Janeiro,2025-01,Jan/2025,Quinta,Qui,4,5,2025-01-27,27/01 - 02/02/2025,LAPA,DELIVERY,910.8
2025-01-30,2025,1,30,Jan,Janeiro,2025-01,Jan/2025,Quinta,Qui,4,5,2025-01-27,27/01 - 02/02/2025,PAVÃO,CASA,1331.15
2025-01-30,2025,1,30,Jan,Janeiro,2025-01,Jan/2025,Quinta,Qui,4,5,2025-01-27,27/01 - 02/02/2025,PAVÃO,DELIVERY,938.11
2025-01-30,2025,1,30,Jan,Janeiro,2025-01,Jan/2025,Quinta,Qui,4,5,2025-01-27,27/01 - 02/02/2025,PERDIZES,CASA,11130.78
2025-01-30,2025,1,30,Jan,Janeiro,2025-01,Jan/2025,Quinta,Qui,4,5,2025-01-27,27/01 - 02/02/2025,PERDIZES,DELIVERY,258.9
2025-01-30,2025,1,30,Jan,Janeiro,2025-01,Jan/2025,Quinta,Qui,4,5,2025-01-27,27/01 - 02/02/2025,SANTANA,CASA,5612.98
2025-01-30,2025,1,30,Jan,Janeiro,2025-01,Jan/2025,Quinta,Qui,4,5,2025-01-27,27/01 - 02/02/2025,SANTANA,DELIVERY,71.6
2025-01-30,2025,1,30,Jan,Janeiro,2025-01,Jan/2025,Quinta,Qui,4,5,2025-01-27,27/01 - 02/02/2025,SANTO ANDRÉ,CASA,21412.87
2025-01-30,2025,1,30,Jan,Janeiro,2025-01,Jan/2025,Quinta,Qui,4,5,2025-01-27,27/01 - 02/02/2025,SANTO ANDRÉ,DELIVERY,69.9
2025-01-30,2025,1,30,Jan,Janeiro,2025-01,Jan/2025,Quinta,Qui,4,5,2025-01-27,27/01 - 02/02/2025,TATUAPÉ,CASA,12034.01
2025-01-30,2025,1,30,Jan,Janeiro,2025-01,Jan/2025,Quinta,Qui,4,5,2025-01-27,27/01 - 02/02/2025,TATUAPÉ,DELIVERY,1134.85
2025-01-30,2025,1,30,Jan,Janeiro,2025-01,Jan/2025,Quinta,Qui,4,5,2025-01-27,27/01 - 02/02/2025,VILA MADALENA,CASA,24596.44
2025-01-30,2025,1,30,Jan,Janeiro,2025-01,Jan/2025,Quinta,Qui,4,5,2025-01-27,27/01 - 02/02/2025,VILA MADALENA,DELIVERY,949.2
2025-01-30,2025,1,30,Jan,Janeiro,2025-01,Jan/2025,Quinta,Qui,4,5,2025-01-27,27/01 - 02/02/2025,VILA MARIANA,CASA,9131.18
2025-01-30,2025,1,30,Jan,Janeiro,2025-01,Jan/2025,Quinta,Qui,4,5,2025-01-27,27/01 - 02/02/2025,VILA MARIANA,DELIVERY,1531.6
2025-01-31,2025,1,31,Jan,Janeiro,2025-01,Jan/2025,Sexta,Sex,5,5,2025-01-27,27/01 - 02/02/2025,CARINAS,CASA,50299.9
2025-01-31,2025,1,31,Jan,Janeiro,2025-01,Jan/2025,Sexta,Sex,5,5,2025-01-27,27/01 - 02/02/2025,CHÁCARA,CASA,10588.0
2025-01-31,2025,1,31,Jan,Janeiro,2025-01,Jan/2025,Sexta,Sex,5,5,2025-01-27,27/01 - 02/02/2025,CHÁCARA,DELIVERY,690.7
2025-01-31,2025,1,31,Jan,Janeiro,2025-01,Jan/2025,Sexta,Sex,5,5,2025-01-27,27/01 - 02/02/2025,LAPA,CASA,24415.69
2025-01-31,2025,1,31,Jan,Janeiro,2025-01,Jan/2025,Sexta,Sex,5,5,2025-01-27,27/01 - 02/02/2025,LAPA,DELIVERY,1289.7
2025-01-31,2025,1,31,Jan,Janeiro,2025-01,Jan/2025,Sexta,Sex,5,5,2025-01-27,27/01 - 02/02/2025,PAVÃO,CASA,9029.5
2025-01-31,2025,1,31,Jan,Janeiro,2025-01,Jan/2025,Sexta,Sex,5,5,2025-01-27,27/01 - 02/02/2025,PAVÃO,DELIVERY,980.32
2025-01-31,2025,1,31,Jan,Janeiro,2025-01,Jan/2025,Sexta,Sex,5,5,2025-01-27,27/01 - 02/02/2025,PERDIZES,CASA,15593.7
2025-01-31,2025,1,31,Jan,Janeiro,2025-01,Jan/2025,Sexta,Sex,5,5,2025-01-27,27/01 - 02/02/2025,PERDIZES,DELIVERY,616.3
2025-01-31,2025,1,31,Jan,Janeiro,2025-01,Jan/2025,Sexta,Sex,5,5,2025-01-27,27/01 - 02/02/2025,SANTANA,CASA,16395.82
2025-01-31,2025,1,31,Jan,Janeiro,2025-01,Jan/2025,Sexta,Sex,5,5,2025-01-27,27/01 - 02/02/2025,SANTANA,DELIVERY,748.8
2025-01-31,2025,1,31,Jan,Janeiro,2025-01,Jan/2025,Sexta,Sex,5,5,2025-01-27,27/01 - 02/02/2025,SANTO ANDRÉ,CASA,129375.68
2025-01-31,2025,1,31,Jan,Janeiro,2025-01,Jan/2025,Sexta,Sex,5,5,2025-01-27,27/01 - 02/02/2025,SANTO ANDRÉ,DELIVERY,730.3
2025-01-31,2025,1,31,Jan,Janeiro,2025-01,Jan/2025,Sexta,Sex,5,5,2025-01-27,27/01 - 02/02/2025,TATUAPÉ,CASA,24852.78
2025-01-31,2025,1,31,Jan,Janeiro,2025-01,Jan/2025,Sexta,Sex,5,5,2025-01-27,27/01 - 02/02/2025,TATUAPÉ,DELIVERY,1207.7
2025-01-31,2025,1,31,Jan,Janeiro,2025-01,Jan/2025,Sexta,Sex,5,5,2025-01-27,27/01 - 02/02/2025,VILA MADALENA,CASA,26392.99
2025-01-31,2025,1,31,Jan,Janeiro,2025-01,Jan/2025,Sexta,Sex,5,5,2025-01-27,27/01 - 02/02/2025,VILA MADALENA,DELIVERY,768.7
2025-01-31,2025,1,31,Jan,Janeiro,2025-01,Jan/2025,Sexta,Sex,5,5,2025-01-27,27/01 - 02/02/2025,VILA MARIANA,CASA,22066.74
2025-01-31,2025,1,31,Jan,Janeiro,2025-01,Jan/2025,Sexta,Sex,5,5,2025-01-27,27/01 - 02/02/2025,VILA MARIANA,DELIVERY,1847.2
2025-02-01,2025,2,1,Fev,Fevereiro,2025-02,Fev/2025,Sábado,Sáb,6,5,2025-01-27,27/01 - 02/02/2025,CARINAS,CASA,181888.57
2025-02-01,2025,2,1,Fev,Fevereiro,2025-02,Fev/2025,Sábado,Sáb,6,5,2025-01-27,27/01 - 02/02/2025,CHÁCARA,CASA,31035.93
2025-02-01,2025,2,1,Fev,Fevereiro,2025-02,Fev/2025,Sábado,Sáb,6,5,2025-01-27,27/01 - 02/02/2025,LAPA,CASA,54081.13
2025-02-01,2025,2,1,Fev,Fevereiro,2025-02,Fev/2025,Sábado,Sáb,6,5,2025-01-27,27/01 - 02/02/2025,PAVÃO,CASA,33397.38
2025-02-01,2025,2,1,Fev,Fevereiro,2025-02,Fev/2025,Sábado,Sáb,6,5,2025-01-27,27/01 - 02/02/2025,PERDIZES,CASA,51648.04
2025-02-01,2025,2,1,Fev,Fevereiro,2025-02,Fev/2025,Sábado,Sáb,6,5,2025-01-27,27/01 - 02/02/2025,SANTANA,CASA,126986.11
2025-02-01,2025,2,1,Fev,Fevereiro,2025-02,Fev/2025,Sábado,Sáb,6,5,2025-01-27,27/01 - 02/02/2025,SANTO ANDRÉ,CASA,149672.52
2025-02-01,2025,2,1,Fev,Fevereiro,2025-02,Fev/2025,Sábado,Sáb,6,5,2025-01-27,27/01 - 02/02/2025,TATUAPÉ,CASA,137545.35
2025-02-01,2025,2,1,Fev,Fevereiro,2025-02,Fev/2025,Sábado,Sáb,6,5,2025-01-27,27/01 - 02/02/2025,VILA MADALENA,CASA,41357.84
2025-02-01,2025,2,1,Fev,Fevereiro,2025-02,Fev/2025,Sábado,Sáb,6,5,2025-01-27,27/01 - 02/02/2025,VILA MARIANA,CASA,37279.53
2025-02-02,2025,2,2,Fev,Fevereiro,2025-02,Fev/2025,Domingo,Dom,7,5,2025-01-27,27/01 - 02/02/2025,CARINAS,CASA,127546.03
2025-02-02,2025,2,2,Fev,Fevereiro,2025-02,Fev/2025,Domingo,Dom,7,5,2025-01-27,27/01 - 02/02/2025,CHÁCARA,CASA,28187.06
2025-02-02,2025,2,2,Fev,Fevereiro,2025-02,Fev/2025,Domingo,Dom,7,5,2025-01-27,27/01 - 02/02/2025,LAPA,CASA,31556.51
2025-02-02,2025,2,2,Fev,Fevereiro,2025-02,Fev/2025,Domingo,Dom,7,5,2025-01-27,27/01 - 02/02/2025,PAVÃO,CASA,22446.18
2025-02-02,2025,2,2,Fev,Fevereiro,2025-02,Fev/2025,Domingo,Dom,7,5,2025-01-27,27/01 - 02/02/2025,PERDIZES,CASA,36108.86
2025-02-02,2025,2,2,Fev,Fevereiro,2025-02,Fev/2025,Domingo,Dom,7,5,2025-01-27,27/01 - 02/02/2025,SANTANA,CASA,78882.27
2025-02-02,2025,2,2,Fev,Fevereiro,2025-02,Fev/2025,Domingo,Dom,7,5,2025-01-27,27/01 - 02/02/2025,SANTO ANDRÉ,CASA,70625.2
2025-02-02,2025,2,2,Fev,Fevereiro,2025-02,Fev/2025,Domingo,Dom,7,5,2025-01-27,27/01 - 02/02/2025,TATUAPÉ,CASA,62246.6
2025-02-02,2025,2,2,Fev,Fevereiro,2025-02,Fev/2025,Domingo,Dom,7,5,2025-01-27,27/01 - 02/02/2025,VILA MADALENA,CASA,24892.2
2025-02-02,2025,2,2,Fev,Fevereiro,2025-02,Fev/2025,Domingo,Dom,7,5,2025-01-27,27/01 - 02/02/2025,VILA MARIANA,CASA,32261.35
2025-02-04,2025,2,4,Fev,Fevereiro,2025-02,Fev/2025,Terça,Ter,2,6,2025-02-03,03/02 - 09/02/2025,CARINAS,CASA,37418.85
2025-02-04,2025,2,4,Fev,Fevereiro,2025-02,Fev/2025,Terça,Ter,2,6,2025-02-03,03/02 - 09/02/2025,CHÁCARA,CASA,3896.26
2025-02-04,2025,2,4,Fev,Fevereiro,2025-02,Fev/2025,Terça,Ter,2,6,2025-02-03,03/02 - 09/02/2025,LAPA,CASA,9875.7
2025-02-04,2025,2,4,Fev,Fevereiro,2025-02,Fev/2025,Terça,Ter,2,6,2025-02-03,03/02 - 09/02/2025,PAVÃO,CASA,7406.98
2025-02-04,2025,2,4,Fev,Fevereiro,2025-02,Fev/2025,Terça,Ter,2,6,2025-02-03,03/02 - 09/02/2025,PERDIZES,CASA,8591.2
2025-02-04,2025,2,4,Fev,Fevereiro,2025-02,Fev/2025,Terça,Ter,2,6,2025-02-03,03/02 - 09/02/2025,SANTANA,CASA,10699.95
2025-02-04,2025,2,4,Fev,Fevereiro,2025-02,Fev/2025,Terça,Ter,2,6,2025-02-03,03/02 - 09/02/2025,TATUAPÉ,CASA,119259.82
2025-02-04,2025,2,4,Fev,Fevereiro,2025-02,Fev/2025,Terça,Ter,2,6,2025-02-03,03/02 - 09/02/2025,VILA MADALENA,CASA,4310.07
2025-02-04,2025,2,4,Fev,Fevereiro,2025-02,Fev/2025,Terça,Ter,2,6,2025-02-03,03/02 - 09/02/2025,VILA MARIANA,CASA,6967.49
2025-02-05,2025,2,5,Fev,Fevereiro,2025-02,Fev/2025,Quarta,Qua,3,6,2025-02-03,03/02 - 09/02/2025,CARINAS,CASA,29263.7
2025-02-05,2025,2,5,Fev,Fevereiro,2025-02,Fev/2025,Quarta,Qua,3,6,2025-02-03,03/02 - 09/02/2025,CHÁCARA,CASA,13861.18
2025-02-05,2025,2,5,Fev,Fevereiro,2025-02,Fev/2025,Quarta,Qua,3,6,2025-02-03,03/02 - 09/02/2025,LAPA,CASA,2144.72
2025-02-05,2025,2,5,Fev,Fevereiro,2025-02,Fev/2025,Quarta,Qua,3,6,2025-02-03,03/02 - 09/02/2025,PAVÃO,CASA,7907.28
2025-02-05,2025,2,5,Fev,Fevereiro,2025-02,Fev/2025,Quarta,Qua,3,6,2025-02-03,03/02 - 09/02/2025,PERDIZES,CASA,5786.25
2025-02-05,2025,2,5,Fev,Fevereiro,2025-02,Fev/2025,Quarta,Qua,3,6,2025-02-03,03/02 - 09/02/2025,SANTANA,CASA,10730.85
2025-02-05,2025,2,5,Fev,Fevereiro,2025-02,Fev/2025,Quarta,Qua,3,6,2025-02-03,03/02 - 09/02/2025,SANTO ANDRÉ,CASA,6413.95
2025-02-05,2025,2,5,Fev,Fevereiro,2025-02,Fev/2025,Quarta,Qua,3,6,2025-02-03,03/02 - 09/02/2025,TATUAPÉ,CASA,11135.26
2025-02-05,2025,2,5,Fev,Fevereiro,2025-02,Fev/2025,Quarta,Qua,3,6,2025-02-03,03/02 - 09/02/2025,VILA MADALENA,CASA,2750.87
2025-02-05,2025,2,5,Fev,Fevereiro,2025-02,Fev/2025,Quarta,Qua,3,6,2025-02-03,03/02 - 09/02/2025,VILA MARIANA,CASA,12079.72
2025-02-06,2025,2,6,Fev,Fevereiro,2025-02,Fev/2025,Quinta,Qui,4,6,2025-02-03,03/02 - 09/02/2025,CARINAS,CASA,38882.14
2025-02-06,2025,2,6,Fev,Fevereiro,2025-02,Fev/2025,Quinta,Qui,4,6,2025-02-03,03/02 - 09/02/2025,CHÁCARA,CASA,28833.81
2025-02-06,2025,2,6,Fev,Fevereiro,2025-02,Fev/2025,Quinta,Qui,4,6,2025-02-03,03/02 - 09/02/2025,LAPA,CASA,3940.73
2025-02-06,2025,2,6,Fev,Fevereiro,2025-02,Fev/2025,Quinta,Qui,4,6,2025-02-03,03/02 - 09/02/2025,PAVÃO,CASA,6054.76
2025-02-06,2025,2,6,Fev,Fevereiro,2025-02,Fev/2025,Quinta,Qui,4,6,2025-02-03,03/02 - 09/02/2025,PERDIZES,CASA,4969.51
2025-02-06,2025,2,6,Fev,Fevereiro,2025-02,Fev/2025,Quinta,Qui,4,6,2025-02-03,03/02 - 09/02/2025,SANTANA,CASA,11512.04
2025-02-06,2025,2,6,Fev,Fevereiro,2025-02,Fev/2025,Quinta,Qui,4,6,2025-02-03,03/02 - 09/02/2025,SANTO ANDRÉ,CASA,43095.38
2025-02-06,2025,2,6,Fev,Fevereiro,2025-02,Fev/2025,Quinta,Qui,4,6,2025-02-03,03/02 - 09/02/2025,TATUAPÉ,CASA,9334.78
2025-02-06,2025,2,6,Fev,Fevereiro,2025-02,Fev/2025,Quinta,Qui,4,6,2025-02-03,03/02 - 09/02/2025,VILA MADALENA,CASA,20072.31
2025-02-06,2025,2,6,Fev,Fevereiro,2025-02,Fev/2025,Quinta,Qui,4,6,2025-02-03,03/02 - 09/02/2025,VILA MARIANA,CASA,10991.34
2025-02-07,2025,2,7,Fev,Fevereiro,2025-02,Fev/2025,Sexta,Sex,5,6,2025-02-03,03/02 - 09/02/2025,CARINAS,CASA,54019.4
2025-02-07,2025,2,7,Fev,Fevereiro,2025-02,Fev/2025,Sexta,Sex,5,6,2025-02-03,03/02 - 09/02/2025,CHÁCARA,CASA,6491.2
2025-02-07,2025,2,7,Fev,Fevereiro,2025-02,Fev/2025,Sexta,Sex,5,6,2025-02-03,03/02 - 09/02/2025,LAPA,CASA,13640.56
2025-02-07,2025,2,7,Fev,Fevereiro,2025-02,Fev/2025,Sexta,Sex,5,6,2025-02-03,03/02 - 09/02/2025,PAVÃO,CASA,13764.17
2025-02-07,2025,2,7,Fev,Fevereiro,2025-02,Fev/2025,Sexta,Sex,5,6,2025-02-03,03/02 - 09/02/2025,PERDIZES,CASA,16735.66
2025-02-07,2025,2,7,Fev,Fevereiro,2025-02,Fev/2025,Sexta,Sex,5,6,2025-02-03,03/02 - 09/02/2025,SANTANA,CASA,20173.72
2025-02-07,2025,2,7,Fev,Fevereiro,2025-02,Fev/2025,Sexta,Sex,5,6,2025-02-03,03/02 - 09/02/2025,SANTO ANDRÉ,CASA,160854.47
2025-02-07,2025,2,7,Fev,Fevereiro,2025-02,Fev/2025,Sexta,Sex,5,6,2025-02-03,03/02 - 09/02/2025,TATUAPÉ,CASA,46721.9
2025-02-07,2025,2,7,Fev,Fevereiro,2025-02,Fev/2025,Sexta,Sex,5,6,2025-02-03,03/02 - 09/02/2025,VILA MADALENA,CASA,11685.92
2025-02-07,2025,2,7,Fev,Fevereiro,2025-02,Fev/2025,Sexta,Sex,5,6,2025-02-03,03/02 - 09/02/2025,VILA MARIANA,CASA,23765.92
2025-02-08,2025,2,8,Fev,Fevereiro,2025-02,Fev/2025,Sábado,Sáb,6,6,2025-02-03,03/02 - 09/02/2025,CARINAS,CASA,188183.81
2025-02-08,2025,2,8,Fev,Fevereiro,2025-02,Fev/2025,Sábado,Sáb,6,6,2025-02-03,03/02 - 09/02/2025,CHÁCARA,CASA,46154.79
2025-02-08,2025,2,8,Fev,Fevereiro,2025-02,Fev/2025,Sábado,Sáb,6,6,2025-02-03,03/02 - 09/02/2025,LAPA,CASA,63078.94
2025-02-08,2025,2,8,Fev,Fevereiro,2025-02,Fev/2025,Sábado,Sáb,6,6,2025-02-03,03/02 - 09/02/2025,PAVÃO,CASA,41372.25
2025-02-08,2025,2,8,Fev,Fevereiro,2025-02,Fev/2025,Sábado,Sáb,6,6,2025-02-03,03/02 - 09/02/2025,PERDIZES,CASA,57990.45
2025-02-08,2025,2,8,Fev,Fevereiro,2025-02,Fev/2025,Sábado,Sáb,6,6,2025-02-03,03/02 - 09/02/2025,SANTANA,CASA,168937.04
2025-02-08,2025,2,8,Fev,Fevereiro,2025-02,Fev/2025,Sábado,Sáb,6,6,2025-02-03,03/02 - 09/02/2025,SANTO ANDRÉ,CASA,182322.12
2025-02-08,2025,2,8,Fev,Fevereiro,2025-02,Fev/2025,Sábado,Sáb,6,6,2025-02-03,03/02 - 09/02/2025,TATUAPÉ,CASA,161931.1
2025-02-08,2025,2,8,Fev,Fevereiro,2025-02,Fev/2025,Sábado,Sáb,6,6,2025-02-03,03/02 - 09/02/2025,VILA MADALENA,CASA,50717.18
2025-02-08,2025,2,8,Fev,Fevereiro,2025-02,Fev/2025,Sábado,Sáb,6,6,2025-02-03,03/02 - 09/02/2025,VILA MARIANA,CASA,44631.72
2025-02-09,2025,2,9,Fev,Fevereiro,2025-02,Fev/2025,Domingo,Dom,7,6,2025-02-03,03/02 - 09/02/2025,CARINAS,CASA,65028.83
2025-02-09,2025,2,9,Fev,Fevereiro,2025-02,Fev/2025,Domingo,Dom,7,6,2025-02-03,03/02 - 09/02/2025,CHÁCARA,CASA,23115.89
2025-02-09,2025,2,9,Fev,Fevereiro,2025-02,Fev/2025,Domingo,Dom,7,6,2025-02-03,03/02 - 09/02/2025,LAPA,CASA,22116.14
2025-02-09,2025,2,9,Fev,Fevereiro,2025-02,Fev/2025,Domingo,Dom,7,6,2025-02-03,03/02 - 09/02/2025,PAVÃO,CASA,23591.82
2025-02-09,2025,2,9,Fev,Fevereiro,2025-02,Fev/2025,Domingo,Dom,7,6,2025-02-03,03/02 - 09/02/2025,PERDIZES,CASA,29296.24
2025-02-09,2025,2,9,Fev,Fevereiro,2025-02,Fev/2025,Domingo,Dom,7,6,2025-02-03,03/02 - 09/02/2025,SANTANA,CASA,50748.64
2025-02-09,2025,2,9,Fev,Fevereiro,2025-02,Fev/2025,Domingo,Dom,7,6,2025-02-03,03/02 - 09/02/2025,SANTO ANDRÉ,CASA,58956.06
2025-02-09,2025,2,9,Fev,Fevereiro,2025-02,Fev/2025,Domingo,Dom,7,6,2025-02-03,03/02 - 09/02/2025,TATUAPÉ,CASA,51483.66
2025-02-09,2025,2,9,Fev,Fevereiro,2025-02,Fev/2025,Domingo,Dom,7,6,2025-02-03,03/02 - 09/02/2025,VILA MADALENA,CASA,43649.66
2025-02-09,2025,2,9,Fev,Fevereiro,2025-02,Fev/2025,Domingo,Dom,7,6,2025-02-03,03/02 - 09/02/2025,VILA MARIANA,CASA,34744.66
2025-02-10,2025,2,10,Fev,Fevereiro,2025-02,Fev/2025,Segunda,Seg,1,7,2025-02-10,10/02 - 16/02/2025,LAPA,CASA,29149.3
2025-02-11,2025,2,11,Fev,Fevereiro,2025-02,Fev/2025,Terça,Ter,2,7,2025-02-10,10/02 - 16/02/2025,CARINAS,CASA,58374.55
2025-02-11,2025,2,11,Fev,Fevereiro,2025-02,Fev/2025,Terça,Ter,2,7,2025-02-10,10/02 - 16/02/2025,CHÁCARA,CASA,3212.73
2025-02-11,2025,2,11,Fev,Fevereiro,2025-02,Fev/2025,Terça,Ter,2,7,2025-02-10,10/02 - 16/02/2025,LAPA,CASA,8298.78
2025-02-11,2025,2,11,Fev,Fevereiro,2025-02,Fev/2025,Terça,Ter,2,7,2025-02-10,10/02 - 16/02/2025,PAVÃO,CASA,5807.76
2025-02-11,2025,2,11,Fev,Fevereiro,2025-02,Fev/2025,Terça,Ter,2,7,2025-02-10,10/02 - 16/02/2025,PERDIZES,CASA,9097.57
2025-02-11,2025,2,11,Fev,Fevereiro,2025-02,Fev/2025,Terça,Ter,2,7,2025-02-10,10/02 - 16/02/2025,SANTANA,CASA,23328.91
2025-02-11,2025,2,11,Fev,Fevereiro,2025-02,Fev/2025,Terça,Ter,2,7,2025-02-10,10/02 - 16/02/2025,TATUAPÉ,CASA,18477.99
2025-02-11,2025,2,11,Fev,Fevereiro,2025-02,Fev/2025,Terça,Ter,2,7,2025-02-10,10/02 - 16/02/2025,VILA MADALENA,CASA,1277.9
2025-02-11,2025,2,11,Fev,Fevereiro,2025-02,Fev/2025,Terça,Ter,2,7,2025-02-10,10/02 - 16/02/2025,VILA MARIANA,CASA,7938.99
2025-02-12,2025,2,12,Fev,Fevereiro,2025-02,Fev/2025,Quarta,Qua,3,7,2025-02-10,10/02 - 16/02/2025,CARINAS,CASA,16066.22
2025-02-12,2025,2,12,Fev,Fevereiro,2025-02,Fev/2025,Quarta,Qua,3,7,2025-02-10,10/02 - 16/02/2025,CHÁCARA,CASA,6178.42
2025-02-12,2025,2,12,Fev,Fevereiro,2025-02,Fev/2025,Quarta,Qua,3,7,2025-02-10,10/02 - 16/02/2025,LAPA,CASA,2249.57
2025-02-12,2025,2,12,Fev,Fevereiro,2025-02,Fev/2025,Quarta,Qua,3,7,2025-02-10,10/02 - 16/02/2025,PAVÃO,CASA,28631.59
2025-02-12,2025,2,12,Fev,Fevereiro,2025-02,Fev/2025,Quarta,Qua,3,7,2025-02-10,10/02 - 16/02/2025,PERDIZES,CASA,7856.62
2025-02-12,2025,2,12,Fev,Fevereiro,2025-02,Fev/2025,Quarta,Qua,3,7,2025-02-10,10/02 - 16/02/2025,SANTANA,CASA,6677.19
2025-02-12,2025,2,12,Fev,Fevereiro,2025-02,Fev/2025,Quarta,Qua,3,7,2025-02-10,10/02 - 16/02/2025,SANTO ANDRÉ,CASA,13571.0
2025-02-12,2025,2,12,Fev,Fevereiro,2025-02,Fev/2025,Quarta,Qua,3,7,2025-02-10,10/02 - 16/02/2025,VILA MADALENA,CASA,18708.7
2025-02-12,2025,2,12,Fev,Fevereiro,2025-02,Fev/2025,Quarta,Qua,3,7,2025-02-10,10/02 - 16/02/2025,VILA MARIANA,CASA,9538.88
2025-02-13,2025,2,13,Fev,Fevereiro,2025-02,Fev/2025,Quinta,Qui,4,7,2025-02-10,10/02 - 16/02/2025,CARINAS,CASA,10648.34
2025-02-13,2025,2,13,Fev,Fevereiro,2025-02,Fev/2025,Quinta,Qui,4,7,2025-02-10,10/02 - 16/02/2025,CHÁCARA,CASA,21267.25
2025-02-13,2025,2,13,Fev,Fevereiro,2025-02,Fev/2025,Quinta,Qui,4,7,2025-02-10,10/02 - 16/02/2025,LAPA,CASA,3855.47
2025-02-13,2025,2,13,Fev,Fevereiro,2025-02,Fev/2025,Quinta,Qui,4,7,2025-02-10,10/02 - 16/02/2025,PAVÃO,CASA,4843.36
2025-02-13,2025,2,13,Fev,Fevereiro,2025-02,Fev/2025,Quinta,Qui,4,7,2025-02-10,10/02 - 16/02/2025,PERDIZES,CASA,6301.12
2025-02-13,2025,2,13,Fev,Fevereiro,2025-02,Fev/2025,Quinta,Qui,4,7,2025-02-10,10/02 - 16/02/2025,SANTANA,CASA,7111.81
2025-02-13,2025,2,13,Fev,Fevereiro,2025-02,Fev/2025,Quinta,Qui,4,7,2025-02-10,10/02 - 16/02/2025,SANTO ANDRÉ,CASA,13096.35
2025-02-13,2025,2,13,Fev,Fevereiro,2025-02,Fev/2025,Quinta,Qui,4,7,2025-02-10,10/02 - 16/02/2025,TATUAPÉ,CASA,13726.1
2025-02-13,2025,2,13,Fev,Fevereiro,2025-02,Fev/2025,Quinta,Qui,4,7,2025-02-10,10/02 - 16/02/2025,VILA MADALENA,CASA,30481.98
2025-02-13,2025,2,13,Fev,Fevereiro,2025-02,Fev/2025,Quinta,Qui,4,7,2025-02-10,10/02 - 16/02/2025,VILA MARIANA,CASA,7214.23
2025-02-14,2025,2,14,Fev,Fevereiro,2025-02,Fev/2025,Sexta,Sex,5,7,2025-02-10,10/02 - 16/02/2025,CARINAS,CASA,41338.47
2025-02-14,2025,2,14,Fev,Fevereiro,2025-02,Fev/2025,Sexta,Sex,5,7,2025-02-10,10/02 - 16/02/2025,CHÁCARA,CASA,6860.84
2025-02-14,2025,2,14,Fev,Fevereiro,2025-02,Fev/2025,Sexta,Sex,5,7,2025-02-10,10/02 - 16/02/2025,LAPA,CASA,9442.98
2025-02-14,2025,2,14,Fev,Fevereiro,2025-02,Fev/2025,Sexta,Sex,5,7,2025-02-10,10/02 - 16/02/2025,PAVÃO,CASA,13897.47
2025-02-14,2025,2,14,Fev,Fevereiro,2025-02,Fev/2025,Sexta,Sex,5,7,2025-02-10,10/02 - 16/02/2025,PERDIZES,CASA,17509.56
2025-02-14,2025,2,14,Fev,Fevereiro,2025-02,Fev/2025,Sexta,Sex,5,7,2025-02-10,10/02 - 16/02/2025,SANTANA,CASA,22850.26
2025-02-14,2025,2,14,Fev,Fevereiro,2025-02,Fev/2025,Sexta,Sex,5,7,2025-02-10,10/02 - 16/02/2025,SANTO ANDRÉ,CASA,219471.13
2025-02-14,2025,2,14,Fev,Fevereiro,2025-02,Fev/2025,Sexta,Sex,5,7,2025-02-10,10/02 - 16/02/2025,TATUAPÉ,CASA,36624.78
2025-02-14,2025,2,14,Fev,Fevereiro,2025-02,Fev/2025,Sexta,Sex,5,7,2025-02-10,10/02 - 16/02/2025,VILA MADALENA,CASA,11600.93
2025-02-14,2025,2,14,Fev,Fevereiro,2025-02,Fev/2025,Sexta,Sex,5,7,2025-02-10,10/02 - 16/02/2025,VILA MARIANA,CASA,21415.27
2025-02-15,2025,2,15,Fev,Fevereiro,2025-02,Fev/2025,Sábado,Sáb,6,7,2025-02-10,10/02 - 16/02/2025,CARINAS,CASA,181906.97
2025-02-15,2025,2,15,Fev,Fevereiro,2025-02,Fev/2025,Sábado,Sáb,6,7,2025-02-10,10/02 - 16/02/2025,CHÁCARA,CASA,39243.01
2025-02-15,2025,2,15,Fev,Fevereiro,2025-02,Fev/2025,Sábado,Sáb,6,7,2025-02-10,10/02 - 16/02/2025,LAPA,CASA,54977.52
2025-02-15,2025,2,15,Fev,Fevereiro,2025-02,Fev/2025,Sábado,Sáb,6,7,2025-02-10,10/02 - 16/02/2025,PAVÃO,CASA,37723.33
2025-02-15,2025,2,15,Fev,Fevereiro,2025-02,Fev/2025,Sábado,Sáb,6,7,2025-02-10,10/02 - 16/02/2025,PERDIZES,CASA,67538.96
2025-02-15,2025,2,15,Fev,Fevereiro,2025-02,Fev/2025,Sábado,Sáb,6,7,2025-02-10,10/02 - 16/02/2025,SANTANA,CASA,171806.8
2025-02-15,2025,2,15,Fev,Fevereiro,2025-02,Fev/2025,Sábado,Sáb,6,7,2025-02-10,10/02 - 16/02/2025,SANTO ANDRÉ,CASA,148788.84
2025-02-15,2025,2,15,Fev,Fevereiro,2025-02,Fev/2025,Sábado,Sáb,6,7,2025-02-10,10/02 - 16/02/2025,TATUAPÉ,CASA,156555.66
2025-02-15,2025,2,15,Fev,Fevereiro,2025-02,Fev/2025,Sábado,Sáb,6,7,2025-02-10,10/02 - 16/02/2025,VILA MADALENA,CASA,71153.23
2025-02-15,2025,2,15,Fev,Fevereiro,2025-02,Fev/2025,Sábado,Sáb,6,7,2025-02-10,10/02 - 16/02/2025,VILA MARIANA,CASA,49053.45
2025-02-16,2025,2,16,Fev,Fevereiro,2025-02,Fev/2025,Domingo,Dom,7,7,2025-02-10,10/02 - 16/02/2025,CARINAS,CASA,62364.48
2025-02-16,2025,2,16,Fev,Fevereiro,2025-02,Fev/2025,Domingo,Dom,7,7,2025-02-10,10/02 - 16/02/2025,CHÁCARA,CASA,17824.51
2025-02-16,2025,2,16,Fev,Fevereiro,2025-02,Fev/2025,Domingo,Dom,7,7,2025-02-10,10/02 - 16/02/2025,LAPA,CASA,30445.59
2025-02-16,2025,2,16,Fev,Fevereiro,2025-02,Fev/2025,Domingo,Dom,7,7,2025-02-10,10/02 - 16/02/2025,PAVÃO,CASA,19042.79
2025-02-16,2025,2,16,Fev,Fevereiro,2025-02,Fev/2025,Domingo,Dom,7,7,2025-02-10,10/02 - 16/02/2025,PERDIZES,CASA,30494.48
2025-02-16,2025,2,16,Fev,Fevereiro,2025-02,Fev/2025,Domingo,Dom,7,7,2025-02-10,10/02 - 16/02/2025,SANTANA,CASA,72351.23
2025-02-16,2025,2,16,Fev,Fevereiro,2025-02,Fev/2025,Domingo,Dom,7,7,2025-02-10,10/02 - 16/02/2025,SANTO ANDRÉ,CASA,51683.02
2025-02-16,2025,2,16,Fev,Fevereiro,2025-02,Fev/2025,Domingo,Dom,7,7,2025-02-10,10/02 - 16/02/2025,TATUAPÉ,CASA,44220.06
2025-02-16,2025,2,16,Fev,Fevereiro,2025-02,Fev/2025,Domingo,Dom,7,7,2025-02-10,10/02 - 16/02/2025,VILA MADALENA,CASA,17679.01
2025-02-16,2025,2,16,Fev,Fevereiro,2025-02,Fev/2025,Domingo,Dom,7,7,2025-02-10,10/02 - 16/02/2025,VILA MARIANA,CASA,42525.8
2025-02-18,2025,2,18,Fev,Fevereiro,2025-02,Fev/2025,Terça,Ter,2,8,2025-02-17,17/02 - 23/02/2025,CARINAS,CASA,13030.11
2025-02-18,2025,2,18,Fev,Fevereiro,2025-02,Fev/2025,Terça,Ter,2,8,2025-02-17,17/02 - 23/02/2025,CHÁCARA,CASA,2053.07
2025-02-18,2025,2,18,Fev,Fevereiro,2025-02,Fev/2025,Terça,Ter,2,8,2025-02-17,17/02 - 23/02/2025,LAPA,CASA,17243.74
2025-02-18,2025,2,18,Fev,Fevereiro,2025-02,Fev/2025,Terça,Ter,2,8,2025-02-17,17/02 - 23/02/2025,PAVÃO,CASA,6385.54
2025-02-18,2025,2,18,Fev,Fevereiro,2025-02,Fev/2025,Terça,Ter,2,8,2025-02-17,17/02 - 23/02/2025,PERDIZES,CASA,2538.66
2025-02-18,2025,2,18,Fev,Fevereiro,2025-02,Fev/2025,Terça,Ter,2,8,2025-02-17,17/02 - 23/02/2025,SANTANA,CASA,5686.36
2025-02-18,2025,2,18,Fev,Fevereiro,2025-02,Fev/2025,Terça,Ter,2,8,2025-02-17,17/02 - 23/02/2025,TATUAPÉ,CASA,16074.18
2025-02-18,2025,2,18,Fev,Fevereiro,2025-02,Fev/2025,Terça,Ter,2,8,2025-02-17,17/02 - 23/02/2025,VILA MADALENA,CASA,4960.36
2025-02-18,2025,2,18,Fev,Fevereiro,2025-02,Fev/2025,Terça,Ter,2,8,2025-02-17,17/02 - 23/02/2025,VILA MARIANA,CASA,5525.71
2025-02-19,2025,2,19,Fev,Fevereiro,2025-02,Fev/2025,Quarta,Qua,3,8,2025-02-17,17/02 - 23/02/2025,CARINAS,CASA,11589.71
2025-02-19,2025,2,19,Fev,Fevereiro,2025-02,Fev/2025,Quarta,Qua,3,8,2025-02-17,17/02 - 23/02/2025,CHÁCARA,CASA,3347.6
2025-02-19,2025,2,19,Fev,Fevereiro,2025-02,Fev/2025,Quarta,Qua,3,8,2025-02-17,17/02 - 23/02/2025,LAPA,CASA,7890.21
2025-02-19,2025,2,19,Fev,Fevereiro,2025-02,Fev/2025,Quarta,Qua,3,8,2025-02-17,17/02 - 23/02/2025,PAVÃO,CASA,19410.47
2025-02-19,2025,2,19,Fev,Fevereiro,2025-02,Fev/2025,Quarta,Qua,3,8,2025-02-17,17/02 - 23/02/2025,PERDIZES,CASA,9754.38
2025-02-19,2025,2,19,Fev,Fevereiro,2025-02,Fev/2025,Quarta,Qua,3,8,2025-02-17,17/02 - 23/02/2025,SANTANA,CASA,4777.35
2025-02-19,2025,2,19,Fev,Fevereiro,2025-02,Fev/2025,Quarta,Qua,3,8,2025-02-17,17/02 - 23/02/2025,SANTO ANDRÉ,CASA,17788.9
2025-02-19,2025,2,19,Fev,Fevereiro,2025-02,Fev/2025,Quarta,Qua,3,8,2025-02-17,17/02 - 23/02/2025,TATUAPÉ,CASA,5167.01
2025-02-19,2025,2,19,Fev,Fevereiro,2025-02,Fev/2025,Quarta,Qua,3,8,2025-02-17,17/02 - 23/02/2025,VILA MADALENA,CASA,14942.54
2025-02-19,2025,2,19,Fev,Fevereiro,2025-02,Fev/2025,Quarta,Qua,3,8,2025-02-17,17/02 - 23/02/2025,VILA MARIANA,CASA,14807.41
2025-02-20,2025,2,20,Fev,Fevereiro,2025-02,Fev/2025,Quinta,Qui,4,8,2025-02-17,17/02 - 23/02/2025,CARINAS,CASA,46820.43
2025-02-20,2025,2,20,Fev,Fevereiro,2025-02,Fev/2025,Quinta,Qui,4,8,2025-02-17,17/02 - 23/02/2025,CHÁCARA,CASA,29403.07
2025-02-20,2025,2,20,Fev,Fevereiro,2025-02,Fev/2025,Quinta,Qui,4,8,2025-02-17,17/02 - 23/02/2025,LAPA,CASA,5336.54
2025-02-20,2025,2,20,Fev,Fevereiro,2025-02,Fev/2025,Quinta,Qui,4,8,2025-02-17,17/02 - 23/02/2025,PAVÃO,CASA,13241.37
2025-02-20,2025,2,20,Fev,Fevereiro,2025-02,Fev/2025,Quinta,Qui,4,8,2025-02-17,17/02 - 23/02/2025,PERDIZES,CASA,16183.94
2025-02-20,2025,2,20,Fev,Fevereiro,2025-02,Fev/2025,Quinta,Qui,4,8,2025-02-17,17/02 - 23/02/2025,SANTANA,CASA,13436.32
2025-02-20,2025,2,20,Fev,Fevereiro,2025-02,Fev/2025,Quinta,Qui,4,8,2025-02-17,17/02 - 23/02/2025,SANTO ANDRÉ,CASA,17334.47
2025-02-20,2025,2,20,Fev,Fevereiro,2025-02,Fev/2025,Quinta,Qui,4,8,2025-02-17,17/02 - 23/02/2025,TATUAPÉ,CASA,6168.2
2025-02-20,2025,2,20,Fev,Fevereiro,2025-02,Fev/2025,Quinta,Qui,4,8,2025-02-17,17/02 - 23/02/2025,VILA MADALENA,CASA,35332.44
2025-02-20,2025,2,20,Fev,Fevereiro,2025-02,Fev/2025,Quinta,Qui,4,8,2025-02-17,17/02 - 23/02/2025,VILA MARIANA,CASA,14730.7
2025-02-21,2025,2,21,Fev,Fevereiro,2025-02,Fev/2025,Sexta,Sex,5,8,2025-02-17,17/02 - 23/02/2025,CARINAS,CASA,40180.57
2025-02-21,2025,2,21,Fev,Fevereiro,2025-02,Fev/2025,Sexta,Sex,5,8,2025-02-17,17/02 - 23/02/2025,CHÁCARA,CASA,21367.11
2025-02-21,2025,2,21,Fev,Fevereiro,2025-02,Fev/2025,Sexta,Sex,5,8,2025-02-17,17/02 - 23/02/2025,LAPA,CASA,12315.52
2025-02-21,2025,2,21,Fev,Fevereiro,2025-02,Fev/2025,Sexta,Sex,5,8,2025-02-17,17/02 - 23/02/2025,PAVÃO,CASA,10485.19
2025-02-21,2025,2,21,Fev,Fevereiro,2025-02,Fev/2025,Sexta,Sex,5,8,2025-02-17,17/02 - 23/02/2025,PERDIZES,CASA,15935.84
2025-02-21,2025,2,21,Fev,Fevereiro,2025-02,Fev/2025,Sexta,Sex,5,8,2025-02-17,17/02 - 23/02/2025,SANTANA,CASA,25145.42
2025-02-21,2025,2,21,Fev,Fevereiro,2025-02,Fev/2025,Sexta,Sex,5,8,2025-02-17,17/02 - 23/02/2025,SANTO ANDRÉ,CASA,169576.37
2025-02-21,2025,2,21,Fev,Fevereiro,2025-02,Fev/2025,Sexta,Sex,5,8,2025-02-17,17/02 - 23/02/2025,TATUAPÉ,CASA,27325.49
2025-02-21,2025,2,21,Fev,Fevereiro,2025-02,Fev/2025,Sexta,Sex,5,8,2025-02-17,17/02 - 23/02/2025,VILA MADALENA,CASA,7795.48
2025-02-21,2025,2,21,Fev,Fevereiro,2025-02,Fev/2025,Sexta,Sex,5,8,2025-02-17,17/02 - 23/02/2025,VILA MARIANA,CASA,18892.9
2025-02-22,2025,2,22,Fev,Fevereiro,2025-02,Fev/2025,Sábado,Sáb,6,8,2025-02-17,17/02 - 23/02/2025,CARINAS,CASA,195885.53
2025-02-22,2025,2,22,Fev,Fevereiro,2025-02,Fev/2025,Sábado,Sáb,6,8,2025-02-17,17/02 - 23/02/2025,CHÁCARA,CASA,37534.08
2025-02-22,2025,2,22,Fev,Fevereiro,2025-02,Fev/2025,Sábado,Sáb,6,8,2025-02-17,17/02 - 23/02/2025,LAPA,CASA,66458.98
2025-02-22,2025,2,22,Fev,Fevereiro,2025-02,Fev/2025,Sábado,Sáb,6,8,2025-02-17,17/02 - 23/02/2025,PAVÃO,CASA,39497.22
2025-02-22,2025,2,22,Fev,Fevereiro,2025-02,Fev/2025,Sábado,Sáb,6,8,2025-02-17,17/02 - 23/02/2025,PERDIZES,CASA,71351.17
2025-02-22,2025,2,22,Fev,Fevereiro,2025-02,Fev/2025,Sábado,Sáb,6,8,2025-02-17,17/02 - 23/02/2025,SANTANA,CASA,131575.3
2025-02-22,2025,2,22,Fev,Fevereiro,2025-02,Fev/2025,Sábado,Sáb,6,8,2025-02-17,17/02 - 23/02/2025,SANTO ANDRÉ,CASA,179574.36
2025-02-22,2025,2,22,Fev,Fevereiro,2025-02,Fev/2025,Sábado,Sáb,6,8,2025-02-17,17/02 - 23/02/2025,TATUAPÉ,CASA,148483.71
2025-02-22,2025,2,22,Fev,Fevereiro,2025-02,Fev/2025,Sábado,Sáb,6,8,2025-02-17,17/02 - 23/02/2025,VILA MADALENA,CASA,59088.42
2025-02-22,2025,2,22,Fev,Fevereiro,2025-02,Fev/2025,Sábado,Sáb,6,8,2025-02-17,17/02 - 23/02/2025,VILA MARIANA,CASA,55824.14
2025-02-23,2025,2,23,Fev,Fevereiro,2025-02,Fev/2025,Domingo,Dom,7,8,2025-02-17,17/02 - 23/02/2025,CARINAS,CASA,67093.07
2025-02-23,2025,2,23,Fev,Fevereiro,2025-02,Fev/2025,Domingo,Dom,7,8,2025-02-17,17/02 - 23/02/2025,CHÁCARA,CASA,21494.67
2025-02-23,2025,2,23,Fev,Fevereiro,2025-02,Fev/2025,Domingo,Dom,7,8,2025-02-17,17/02 - 23/02/2025,LAPA,CASA,32906.56
2025-02-23,2025,2,23,Fev,Fevereiro,2025-02,Fev/2025,Domingo,Dom,7,8,2025-02-17,17/02 - 23/02/2025,PAVÃO,CASA,21716.59
2025-02-23,2025,2,23,Fev,Fevereiro,2025-02,Fev/2025,Domingo,Dom,7,8,2025-02-17,17/02 - 23/02/2025,PERDIZES,CASA,32204.32
2025-02-23,2025,2,23,Fev,Fevereiro,2025-02,Fev/2025,Domingo,Dom,7,8,2025-02-17,17/02 - 23/02/2025,SANTANA,CASA,49437.01
2025-02-23,2025,2,23,Fev,Fevereiro,2025-02,Fev/2025,Domingo,Dom,7,8,2025-02-17,17/02 - 23/02/2025,SANTO ANDRÉ,CASA,49742.14
2025-02-23,2025,2,23,Fev,Fevereiro,2025-02,Fev/2025,Domingo,Dom,7,8,2025-02-17,17/02 - 23/02/2025,TATUAPÉ,CASA,46594.3
2025-02-23,2025,2,23,Fev,Fevereiro,2025-02,Fev/2025,Domingo,Dom,7,8,2025-02-17,17/02 - 23/02/2025,VILA MADALENA,CASA,13931.13
2025-02-23,2025,2,23,Fev,Fevereiro,2025-02,Fev/2025,Domingo,Dom,7,8,2025-02-17,17/02 - 23/02/2025,VILA MARIANA,CASA,29796.23
2025-02-25,2025,2,25,Fev,Fevereiro,2025-02,Fev/2025,Terça,Ter,2,9,2025-02-24,24/02 - 02/03/2025,CARINAS,CASA,16912.39
2025-02-25,2025,2,25,Fev,Fevereiro,2025-02,Fev/2025,Terça,Ter,2,9,2025-02-24,24/02 - 02/03/2025,CHÁCARA,CASA,5903.15
2025-02-25,2025,2,25,Fev,Fevereiro,2025-02,Fev/2025,Terça,Ter,2,9,2025-02-24,24/02 - 02/03/2025,LAPA,CASA,5250.87
2025-02-25,2025,2,25,Fev,Fevereiro,2025-02,Fev/2025,Terça,Ter,2,9,2025-02-24,24/02 - 02/03/2025,PAVÃO,CASA,6697.31
2025-02-25,2025,2,25,Fev,Fevereiro,2025-02,Fev/2025,Terça,Ter,2,9,2025-02-24,24/02 - 02/03/2025,PERDIZES,CASA,3329.94
2025-02-25,2025,2,25,Fev,Fevereiro,2025-02,Fev/2025,Terça,Ter,2,9,2025-02-24,24/02 - 02/03/2025,SANTANA,CASA,12414.06
2025-02-25,2025,2,25,Fev,Fevereiro,2025-02,Fev/2025,Terça,Ter,2,9,2025-02-24,24/02 - 02/03/2025,TATUAPÉ,CASA,26708.53
2025-02-25,2025,2,25,Fev,Fevereiro,2025-02,Fev/2025,Terça,Ter,2,9,2025-02-24,24/02 - 02/03/2025,VILA MADALENA,CASA,1582.54
2025-02-25,2025,2,25,Fev,Fevereiro,2025-02,Fev/2025,Terça,Ter,2,9,2025-02-24,24/02 - 02/03/2025,VILA MARIANA,CASA,13261.58
2025-02-26,2025,2,26,Fev,Fevereiro,2025-02,Fev/2025,Quarta,Qua,3,9,2025-02-24,24/02 - 02/03/2025,CARINAS,CASA,24141.67
2025-02-26,2025,2,26,Fev,Fevereiro,2025-02,Fev/2025,Quarta,Qua,3,9,2025-02-24,24/02 - 02/03/2025,CHÁCARA,CASA,6158.49
2025-02-26,2025,2,26,Fev,Fevereiro,2025-02,Fev/2025,Quarta,Qua,3,9,2025-02-24,24/02 - 02/03/2025,LAPA,CASA,6042.82
2025-02-26,2025,2,26,Fev,Fevereiro,2025-02,Fev/2025,Quarta,Qua,3,9,2025-02-24,24/02 - 02/03/2025,PAVÃO,CASA,11229.71
2025-02-26,2025,2,26,Fev,Fevereiro,2025-02,Fev/2025,Quarta,Qua,3,9,2025-02-24,24/02 - 02/03/2025,PERDIZES,CASA,19481.11
2025-02-26,2025,2,26,Fev,Fevereiro,2025-02,Fev/2025,Quarta,Qua,3,9,2025-02-24,24/02 - 02/03/2025,SANTANA,CASA,20346.92
2025-02-26,2025,2,26,Fev,Fevereiro,2025-02,Fev/2025,Quarta,Qua,3,9,2025-02-24,24/02 - 02/03/2025,SANTO ANDRÉ,CASA,6669.91
2025-02-26,2025,2,26,Fev,Fevereiro,2025-02,Fev/2025,Quarta,Qua,3,9,2025-02-24,24/02 - 02/03/2025,TATUAPÉ,CASA,4511.35
2025-02-26,2025,2,26,Fev,Fevereiro,2025-02,Fev/2025,Quarta,Qua,3,9,2025-02-24,24/02 - 02/03/2025,VILA MADALENA,CASA,10723.03
2025-02-26,2025,2,26,Fev,Fevereiro,2025-02,Fev/2025,Quarta,Qua,3,9,2025-02-24,24/02 - 02/03/2025,VILA MARIANA,CASA,17100.9
2025-02-27,2025,2,27,Fev,Fevereiro,2025-02,Fev/2025,Quinta,Qui,4,9,2025-02-24,24/02 - 02/03/2025,CARINAS,CASA,30817.74
2025-02-27,2025,2,27,Fev,Fevereiro,2025-02,Fev/2025,Quinta,Qui,4,9,2025-02-24,24/02 - 02/03/2025,CHÁCARA,CASA,5847.19
2025-02-27,2025,2,27,Fev,Fevereiro,2025-02,Fev/2025,Quinta,Qui,4,9,2025-02-24,24/02 - 02/03/2025,LAPA,CASA,6032.56
2025-02-27,2025,2,27,Fev,Fevereiro,2025-02,Fev/2025,Quinta,Qui,4,9,2025-02-24,24/02 - 02/03/2025,PAVÃO,CASA,3932.2
2025-02-27,2025,2,27,Fev,Fevereiro,2025-02,Fev/2025,Quinta,Qui,4,9,2025-02-24,24/02 - 02/03/2025,PERDIZES,CASA,13388.73
2025-02-27,2025,2,27,Fev,Fevereiro,2025-02,Fev/2025,Quinta,Qui,4,9,2025-02-24,24/02 - 02/03/2025,SANTANA,CASA,14258.91
2025-02-27,2025,2,27,Fev,Fevereiro,2025-02,Fev/2025,Quinta,Qui,4,9,2025-02-24,24/02 - 02/03/2025,SANTO ANDRÉ,CASA,21790.04
2025-02-27,2025,2,27,Fev,Fevereiro,2025-02,Fev/2025,Quinta,Qui,4,9,2025-02-24,24/02 - 02/03/2025,TATUAPÉ,CASA,14933.64
2025-02-27,2025,2,27,Fev,Fevereiro,2025-02,Fev/2025,Quinta,Qui,4,9,2025-02-24,24/02 - 02/03/2025,VILA MADALENA,CASA,19036.36
2025-02-27,2025,2,27,Fev,Fevereiro,2025-02,Fev/2025,Quinta,Qui,4,9,2025-02-24,24/02 - 02/03/2025,VILA MARIANA,CASA,12594.39
2025-02-28,2025,2,28,Fev,Fevereiro,2025-02,Fev/2025,Sexta,Sex,5,9,2025-02-24,24/02 - 02/03/2025,CARINAS,CASA,21536.3
2025-02-28,2025,2,28,Fev,Fevereiro,2025-02,Fev/2025,Sexta,Sex,5,9,2025-02-24,24/02 - 02/03/2025,CHÁCARA,CASA,3642.42
2025-02-28,2025,2,28,Fev,Fevereiro,2025-02,Fev/2025,Sexta,Sex,5,9,2025-02-24,24/02 - 02/03/2025,LAPA,CASA,17915.04
2025-02-28,2025,2,28,Fev,Fevereiro,2025-02,Fev/2025,Sexta,Sex,5,9,2025-02-24,24/02 - 02/03/2025,PAVÃO,CASA,11769.12
2025-02-28,2025,2,28,Fev,Fevereiro,2025-02,Fev/2025,Sexta,Sex,5,9,2025-02-24,24/02 - 02/03/2025,PERDIZES,CASA,15708.87
2025-02-28,2025,2,28,Fev,Fevereiro,2025-02,Fev/2025,Sexta,Sex,5,9,2025-02-24,24/02 - 02/03/2025,SANTANA,CASA,19115.21
2025-02-28,2025,2,28,Fev,Fevereiro,2025-02,Fev/2025,Sexta,Sex,5,9,2025-02-24,24/02 - 02/03/2025,SANTO ANDRÉ,CASA,18910.25
2025-02-28,2025,2,28,Fev,Fevereiro,2025-02,Fev/2025,Sexta,Sex,5,9,2025-02-24,24/02 - 02/03/2025,TATUAPÉ,CASA,21374.64
2025-02-28,2025,2,28,Fev,Fevereiro,2025-02,Fev/2025,Sexta,Sex,5,9,2025-02-24,24/02 - 02/03/2025,VILA MADALENA,CASA,4774.73
2025-02-28,2025,2,28,Fev,Fevereiro,2025-02,Fev/2025,Sexta,Sex,5,9,2025-02-24,24/02 - 02/03/2025,VILA MARIANA,CASA,22178.54
2025-03-01,2025,3,1,Mar,Março,2025-03,Mar/2025,Sábado,Sáb,6,9,2025-02-24,24/02 - 02/03/2025,CARINAS,CASA,66568.81
2025-03-01,2025,3,1,Mar,Março,2025-03,Mar/2025,Sábado,Sáb,6,9,2025-02-24,24/02 - 02/03/2025,CARINAS,DELIVERY,2147.2
2025-03-01,2025,3,1,Mar,Março,2025-03,Mar/2025,Sábado,Sáb,6,9,2025-02-24,24/02 - 02/03/2025,CHÁCARA,CASA,12318.88
2025-03-01,2025,3,1,Mar,Março,2025-03,Mar/2025,Sábado,Sáb,6,9,2025-02-24,24/02 - 02/03/2025,CHÁCARA,DELIVERY,2398.5
2025-03-01,2025,3,1,Mar,Março,2025-03,Mar/2025,Sábado,Sáb,6,9,2025-02-24,24/02 - 02/03/2025,LAPA,CASA,29169.83
2025-03-01,2025,3,1,Mar,Março,2025-03,Mar/2025,Sábado,Sáb,6,9,2025-02-24,24/02 - 02/03/2025,LAPA,DELIVERY,2904.4
2025-03-01,2025,3,1,Mar,Março,2025-03,Mar/2025,Sábado,Sáb,6,9,2025-02-24,24/02 - 02/03/2025,PAVÃO,CASA,16198.24
2025-03-01,2025,3,1,Mar,Março,2025-03,Mar/2025,Sábado,Sáb,6,9,2025-02-24,24/02 - 02/03/2025,PAVÃO,DELIVERY,1963.07
2025-03-01,2025,3,1,Mar,Março,2025-03,Mar/2025,Sábado,Sáb,6,9,2025-02-24,24/02 - 02/03/2025,PERDIZES,CASA,18344.47
2025-03-01,2025,3,1,Mar,Março,2025-03,Mar/2025,Sábado,Sáb,6,9,2025-02-24,24/02 - 02/03/2025,PERDIZES,DELIVERY,2160.4
2025-03-01,2025,3,1,Mar,Março,2025-03,Mar/2025,Sábado,Sáb,6,9,2025-02-24,24/02 - 02/03/2025,SANTANA,CASA,45975.82
2025-03-01,2025,3,1,Mar,Março,2025-03,Mar/2025,Sábado,Sáb,6,9,2025-02-24,24/02 - 02/03/2025,SANTANA,DELIVERY,3094.1
2025-03-01,2025,3,1,Mar,Março,2025-03,Mar/2025,Sábado,Sáb,6,9,2025-02-24,24/02 - 02/03/2025,SANTO ANDRÉ,CASA,48805.47
2025-03-01,2025,3,1,Mar,Março,2025-03,Mar/2025,Sábado,Sáb,6,9,2025-02-24,24/02 - 02/03/2025,SANTO ANDRÉ,DELIVERY,636.3
2025-03-01,2025,3,1,Mar,Março,2025-03,Mar/2025,Sábado,Sáb,6,9,2025-02-24,24/02 - 02/03/2025,TATUAPÉ,CASA,71846.58
2025-03-01,2025,3,1,Mar,Março,2025-03,Mar/2025,Sábado,Sáb,6,9,2025-02-24,24/02 - 02/03/2025,TATUAPÉ,DELIVERY,3077.14
2025-03-01,2025,3,1,Mar,Março,2025-03,Mar/2025,Sábado,Sáb,6,9,2025-02-24,24/02 - 02/03/2025,VILA MADALENA,CASA,22466.99
2025-03-01,2025,3,1,Mar,Março,2025-03,Mar/2025,Sábado,Sáb,6,9,2025-02-24,24/02 - 02/03/2025,VILA MADALENA,DELIVERY,550.5
2025-03-01,2025,3,1,Mar,Março,2025-03,Mar/2025,Sábado,Sáb,6,9,2025-02-24,24/02 - 02/03/2025,VILA MARIANA,CASA,26150.52
2025-03-01,2025,3,1,Mar,Março,2025-03,Mar/2025,Sábado,Sáb,6,9,2025-02-24,24/02 - 02/03/2025,VILA MARIANA,DELIVERY,1784.6
2025-03-02,2025,3,2,Mar,Março,2025-03,Mar/2025,Domingo,Dom,7,9,2025-02-24,24/02 - 02/03/2025,CARINAS,CASA,87553.15
2025-03-02,2025,3,2,Mar,Março,2025-03,Mar/2025,Domingo,Dom,7,9,2025-02-24,24/02 - 02/03/2025,CARINAS,DELIVERY,551.2
2025-03-02,2025,3,2,Mar,Março,2025-03,Mar/2025,Domingo,Dom,7,9,2025-02-24,24/02 - 02/03/2025,CHÁCARA,CASA,31063.28
2025-03-02,2025,3,2,Mar,Março,2025-03,Mar/2025,Domingo,Dom,7,9,2025-02-24,24/02 - 02/03/2025,CHÁCARA,DELIVERY,2183.7
2025-03-02,2025,3,2,Mar,Março,2025-03,Mar/2025,Domingo,Dom,7,9,2025-02-24,24/02 - 02/03/2025,LAPA,CASA,12064.39
2025-03-02,2025,3,2,Mar,Março,2025-03,Mar/2025,Domingo,Dom,7,9,2025-02-24,24/02 - 02/03/2025,LAPA,DELIVERY,3699.6
2025-03-02,2025,3,2,Mar,Março,2025-03,Mar/2025,Domingo,Dom,7,9,2025-02-24,24/02 - 02/03/2025,PAVÃO,CASA,12804.76
2025-03-02,2025,3,2,Mar,Março,2025-03,Mar/2025,Domingo,Dom,7,9,2025-02-24,24/02 - 02/03/2025,PAVÃO,DELIVERY,3520.77
2025-03-02,2025,3,2,Mar,Março,2025-03,Mar/2025,Domingo,Dom,7,9,2025-02-24,24/02 - 02/03/2025,PERDIZES,CASA,23857.56
2025-03-02,2025,3,2,Mar,Março,2025-03,Mar/2025,Domingo,Dom,7,9,2025-02-24,24/02 - 02/03/2025,PERDIZES,DELIVERY,2458.7
2025-03-02,2025,3,2,Mar,Março,2025-03,Mar/2025,Domingo,Dom,7,9,2025-02-24,24/02 - 02/03/2025,SANTANA,CASA,79556.89
2025-03-02,2025,3,2,Mar,Março,2025-03,Mar/2025,Domingo,Dom,7,9,2025-02-24,24/02 - 02/03/2025,SANTANA,DELIVERY,4264.8
2025-03-02,2025,3,2,Mar,Março,2025-03,Mar/2025,Domingo,Dom,7,9,2025-02-24,24/02 - 02/03/2025,SANTO ANDRÉ,CASA,92556.22
2025-03-02,2025,3,2,Mar,Março,2025-03,Mar/2025,Domingo,Dom,7,9,2025-02-24,24/02 - 02/03/2025,SANTO ANDRÉ,DELIVERY,920.3
2025-03-02,2025,3,2,Mar,Março,2025-03,Mar/2025,Domingo,Dom,7,9,2025-02-24,24/02 - 02/03/2025,TATUAPÉ,CASA,82383.47
2025-03-02,2025,3,2,Mar,Março,2025-03,Mar/2025,Domingo,Dom,7,9,2025-02-24,24/02 - 02/03/2025,TATUAPÉ,DELIVERY,1318.07
2025-03-02,2025,3,2,Mar,Março,2025-03,Mar/2025,Domingo,Dom,7,9,2025-02-24,24/02 - 02/03/2025,VILA MADALENA,CASA,14511.02
2025-03-02,2025,3,2,Mar,Março,2025-03,Mar/2025,Domingo,Dom,7,9,2025-02-24,24/02 - 02/03/2025,VILA MADALENA,DELIVERY,171.0
2025-03-02,2025,3,2,Mar,Março,2025-03,Mar/2025,Domingo,Dom,7,9,2025-02-24,24/02 - 02/03/2025,VILA MARIANA,CASA,23226.26
2025-03-02,2025,3,2,Mar,Março,2025-03,Mar/2025,Domingo,Dom,7,9,2025-02-24,24/02 - 02/03/2025,VILA MARIANA,DELIVERY,3366.4
2025-03-03,2025,3,3,Mar,Março,2025-03,Mar/2025,Segunda,Seg,1,10,2025-03-03,03/03 - 09/03/2025,CARINAS,CASA,8259.7
2025-03-03,2025,3,3,Mar,Março,2025-03,Mar/2025,Segunda,Seg,1,10,2025-03-03,03/03 - 09/03/2025,LAPA,CASA,4535.33
2025-03-03,2025,3,3,Mar,Março,2025-03,Mar/2025,Segunda,Seg,1,10,2025-03-03,03/03 - 09/03/2025,PAVÃO,CASA,3197.33
2025-03-03,2025,3,3,Mar,Março,2025-03,Mar/2025,Segunda,Seg,1,10,2025-03-03,03/03 - 09/03/2025,PAVÃO,DELIVERY,1132.72
2025-03-03,2025,3,3,Mar,Março,2025-03,Mar/2025,Segunda,Seg,1,10,2025-03-03,03/03 - 09/03/2025,PERDIZES,CASA,6399.18
2025-03-03,2025,3,3,Mar,Março,2025-03,Mar/2025,Segunda,Seg,1,10,2025-03-03,03/03 - 09/03/2025,SANTANA,CASA,10122.0
2025-03-03,2025,3,3,Mar,Março,2025-03,Mar/2025,Segunda,Seg,1,10,2025-03-03,03/03 - 09/03/2025,SANTO ANDRÉ,CASA,66854.93
2025-03-03,2025,3,3,Mar,Março,2025-03,Mar/2025,Segunda,Seg,1,10,2025-03-03,03/03 - 09/03/2025,SANTO ANDRÉ,DELIVERY,898.5
2025-03-03,2025,3,3,Mar,Março,2025-03,Mar/2025,Segunda,Seg,1,10,2025-03-03,03/03 - 09/03/2025,TATUAPÉ,CASA,8643.74
2025-03-03,2025,3,3,Mar,Março,2025-03,Mar/2025,Segunda,Seg,1,10,2025-03-03,03/03 - 09/03/2025,TATUAPÉ,DELIVERY,1007.99
2025-03-03,2025,3,3,Mar,Março,2025-03,Mar/2025,Segunda,Seg,1,10,2025-03-03,03/03 - 09/03/2025,VILA MADALENA,CASA,5758.89
2025-03-03,2025,3,3,Mar,Março,2025-03,Mar/2025,Segunda,Seg,1,10,2025-03-03,03/03 - 09/03/2025,VILA MARIANA,CASA,9424.28
2025-03-03,2025,3,3,Mar,Março,2025-03,Mar/2025,Segunda,Seg,1,10,2025-03-03,03/03 - 09/03/2025,VILA MARIANA,DELIVERY,1342.0
2025-03-04,2025,3,4,Mar,Março,2025-03,Mar/2025,Terça,Ter,2,10,2025-03-03,03/03 - 09/03/2025,CARINAS,CASA,45169.55
2025-03-04,2025,3,4,Mar,Março,2025-03,Mar/2025,Terça,Ter,2,10,2025-03-03,03/03 - 09/03/2025,CARINAS,DELIVERY,1025.9
2025-03-04,2025,3,4,Mar,Março,2025-03,Mar/2025,Terça,Ter,2,10,2025-03-03,03/03 - 09/03/2025,CHÁCARA,CASA,2358.02
2025-03-04,2025,3,4,Mar,Março,2025-03,Mar/2025,Terça,Ter,2,10,2025-03-03,03/03 - 09/03/2025,CHÁCARA,DELIVERY,2856.5
2025-03-04,2025,3,4,Mar,Março,2025-03,Mar/2025,Terça,Ter,2,10,2025-03-03,03/03 - 09/03/2025,LAPA,CASA,8286.65
2025-03-04,2025,3,4,Mar,Março,2025-03,Mar/2025,Terça,Ter,2,10,2025-03-03,03/03 - 09/03/2025,LAPA,DELIVERY,3752.6
2025-03-04,2025,3,4,Mar,Março,2025-03,Mar/2025,Terça,Ter,2,10,2025-03-03,03/03 - 09/03/2025,PAVÃO,CASA,6917.15
2025-03-04,2025,3,4,Mar,Março,2025-03,Mar/2025,Terça,Ter,2,10,2025-03-03,03/03 - 09/03/2025,PAVÃO,DELIVERY,1320.36
2025-03-04,2025,3,4,Mar,Março,2025-03,Mar/2025,Terça,Ter,2,10,2025-03-03,03/03 - 09/03/2025,PERDIZES,CASA,17190.75
2025-03-04,2025,3,4,Mar,Março,2025-03,Mar/2025,Terça,Ter,2,10,2025-03-03,03/03 - 09/03/2025,PERDIZES,DELIVERY,1797.0
2025-03-04,2025,3,4,Mar,Março,2025-03,Mar/2025,Terça,Ter,2,10,2025-03-03,03/03 - 09/03/2025,SANTANA,CASA,49299.6
2025-03-04,2025,3,4,Mar,Março,2025-03,Mar/2025,Terça,Ter,2,10,2025-03-03,03/03 - 09/03/2025,SANTANA,DELIVERY,3430.7
2025-03-04,2025,3,4,Mar,Março,2025-03,Mar/2025,Terça,Ter,2,10,2025-03-03,03/03 - 09/03/2025,SANTO ANDRÉ,CASA,70523.34
2025-03-04,2025,3,4,Mar,Março,2025-03,Mar/2025,Terça,Ter,2,10,2025-03-03,03/03 - 09/03/2025,SANTO ANDRÉ,DELIVERY,501.1
2025-03-04,2025,3,4,Mar,Março,2025-03,Mar/2025,Terça,Ter,2,10,2025-03-03,03/03 - 09/03/2025,TATUAPÉ,CASA,71327.67
2025-03-04,2025,3,4,Mar,Março,2025-03,Mar/2025,Terça,Ter,2,10,2025-03-03,03/03 - 09/03/2025,TATUAPÉ,DELIVERY,1959.77
2025-03-04,2025,3,4,Mar,Março,2025-03,Mar/2025,Terça,Ter,2,10,2025-03-03,03/03 - 09/03/2025,VILA MADALENA,CASA,5470.81
2025-03-04,2025,3,4,Mar,Março,2025-03,Mar/2025,Terça,Ter,2,10,2025-03-03,03/03 - 09/03/2025,VILA MADALENA,DELIVERY,694.4
2025-03-04,2025,3,4,Mar,Março,2025-03,Mar/2025,Terça,Ter,2,10,2025-03-03,03/03 - 09/03/2025,VILA MARIANA,CASA,11276.55
2025-03-04,2025,3,4,Mar,Março,2025-03,Mar/2025,Terça,Ter,2,10,2025-03-03,03/03 - 09/03/2025,VILA MARIANA,DELIVERY,2534.9
2025-03-05,2025,3,5,Mar,Março,2025-03,Mar/2025,Quarta,Qua,3,10,2025-03-03,03/03 - 09/03/2025,CARINAS,CASA,7616.14
2025-03-05,2025,3,5,Mar,Março,2025-03,Mar/2025,Quarta,Qua,3,10,2025-03-03,03/03 - 09/03/2025,CARINAS,DELIVERY,1291.4
2025-03-05,2025,3,5,Mar,Março,2025-03,Mar/2025,Quarta,Qua,3,10,2025-03-03,03/03 - 09/03/2025,SANTO ANDRÉ,CASA,2233.08
2025-03-05,2025,3,5,Mar,Março,2025-03,Mar/2025,Quarta,Qua,3,10,2025-03-03,03/03 - 09/03/2025,SANTO ANDRÉ,DELIVERY,188.8
2025-03-05,2025,3,5,Mar,Março,2025-03,Mar/2025,Quarta,Qua,3,10,2025-03-03,03/03 - 09/03/2025,VILA MARIANA,CASA,10975.14
2025-03-05,2025,3,5,Mar,Março,2025-03,Mar/2025,Quarta,Qua,3,10,2025-03-03,03/03 - 09/03/2025,VILA MARIANA,DELIVERY,1495.5
2025-03-06,2025,3,6,Mar,Março,2025-03,Mar/2025,Quinta,Qui,4,10,2025-03-03,03/03 - 09/03/2025,CARINAS,CASA,16651.06
2025-03-06,2025,3,6,Mar,Março,2025-03,Mar/2025,Quinta,Qui,4,10,2025-03-03,03/03 - 09/03/2025,CARINAS,DELIVERY,1052.9
2025-03-06,2025,3,6,Mar,Março,2025-03,Mar/2025,Quinta,Qui,4,10,2025-03-03,03/03 - 09/03/2025,CHÁCARA,CASA,2931.31
2025-03-06,2025,3,6,Mar,Março,2025-03,Mar/2025,Quinta,Qui,4,10,2025-03-03,03/03 - 09/03/2025,CHÁCARA,DELIVERY,488.6
2025-03-06,2025,3,6,Mar,Março,2025-03,Mar/2025,Quinta,Qui,4,10,2025-03-03,03/03 - 09/03/2025,LAPA,CASA,3223.58
2025-03-06,2025,3,6,Mar,Março,2025-03,Mar/2025,Quinta,Qui,4,10,2025-03-03,03/03 - 09/03/2025,LAPA,DELIVERY,622.8
2025-03-06,2025,3,6,Mar,Março,2025-03,Mar/2025,Quinta,Qui,4,10,2025-03-03,03/03 - 09/03/2025,PAVÃO,CASA,3805.66
2025-03-06,2025,3,6,Mar,Março,2025-03,Mar/2025,Quinta,Qui,4,10,2025-03-03,03/03 - 09/03/2025,PAVÃO,DELIVERY,926.99
2025-03-06,2025,3,6,Mar,Março,2025-03,Mar/2025,Quinta,Qui,4,10,2025-03-03,03/03 - 09/03/2025,PERDIZES,CASA,4897.84
2025-03-06,2025,3,6,Mar,Março,2025-03,Mar/2025,Quinta,Qui,4,10,2025-03-03,03/03 - 09/03/2025,PERDIZES,DELIVERY,703.1
2025-03-06,2025,3,6,Mar,Março,2025-03,Mar/2025,Quinta,Qui,4,10,2025-03-03,03/03 - 09/03/2025,SANTANA,CASA,20657.35
2025-03-06,2025,3,6,Mar,Março,2025-03,Mar/2025,Quinta,Qui,4,10,2025-03-03,03/03 - 09/03/2025,SANTANA,DELIVERY,970.5
2025-03-06,2025,3,6,Mar,Março,2025-03,Mar/2025,Quinta,Qui,4,10,2025-03-03,03/03 - 09/03/2025,SANTO ANDRÉ,CASA,3420.73
2025-03-06,2025,3,6,Mar,Março,2025-03,Mar/2025,Quinta,Qui,4,10,2025-03-03,03/03 - 09/03/2025,SANTO ANDRÉ,DELIVERY,108.6
2025-03-06,2025,3,6,Mar,Março,2025-03,Mar/2025,Quinta,Qui,4,10,2025-03-03,03/03 - 09/03/2025,TATUAPÉ,CASA,3001.06
2025-03-06,2025,3,6,Mar,Março,2025-03,Mar/2025,Quinta,Qui,4,10,2025-03-03,03/03 - 09/03/2025,TATUAPÉ,DELIVERY,1009.31
2025-03-06,2025,3,6,Mar,Março,2025-03,Mar/2025,Quinta,Qui,4,10,2025-03-03,03/03 - 09/03/2025,VILA MADALENA,CASA,5237.68
2025-03-06,2025,3,6,Mar,Março,2025-03,Mar/2025,Quinta,Qui,4,10,2025-03-03,03/03 - 09/03/2025,VILA MADALENA,DELIVERY,966.8
2025-03-06,2025,3,6,Mar,Março,2025-03,Mar/2025,Quinta,Qui,4,10,2025-03-03,03/03 - 09/03/2025,VILA MARIANA,CASA,9219.35
2025-03-06,2025,3,6,Mar,Março,2025-03,Mar/2025,Quinta,Qui,4,10,2025-03-03,03/03 - 09/03/2025,VILA MARIANA,DELIVERY,592.2
2025-03-07,2025,3,7,Mar,Março,2025-03,Mar/2025,Sexta,Sex,5,10,2025-03-03,03/03 - 09/03/2025,CARINAS,CASA,38971.67
2025-03-07,2025,3,7,Mar,Março,2025-03,Mar/2025,Sexta,Sex,5,10,2025-03-03,03/03 - 09/03/2025,CHÁCARA,CASA,11372.1
2025-03-07,2025,3,7,Mar,Março,2025-03,Mar/2025,Sexta,Sex,5,10,2025-03-03,03/03 - 09/03/2025,CHÁCARA,DELIVERY,1549.2
2025-03-07,2025,3,7,Mar,Março,2025-03,Mar/2025,Sexta,Sex,5,10,2025-03-03,03/03 - 09/03/2025,LAPA,CASA,10417.79
2025-03-07,2025,3,7,Mar,Março,2025-03,Mar/2025,Sexta,Sex,5,10,2025-03-03,03/03 - 09/03/2025,LAPA,DELIVERY,1421.6
2025-03-07,2025,3,7,Mar,Março,2025-03,Mar/2025,Sexta,Sex,5,10,2025-03-03,03/03 - 09/03/2025,PAVÃO,CASA,7002.49
2025-03-07,2025,3,7,Mar,Março,2025-03,Mar/2025,Sexta,Sex,5,10,2025-03-03,03/03 - 09/03/2025,PAVÃO,DELIVERY,814.11
2025-03-07,2025,3,7,Mar,Março,2025-03,Mar/2025,Sexta,Sex,5,10,2025-03-03,03/03 - 09/03/2025,PERDIZES,CASA,17599.18
2025-03-07,2025,3,7,Mar,Março,2025-03,Mar/2025,Sexta,Sex,5,10,2025-03-03,03/03 - 09/03/2025,PERDIZES,DELIVERY,623.5
2025-03-07,2025,3,7,Mar,Março,2025-03,Mar/2025,Sexta,Sex,5,10,2025-03-03,03/03 - 09/03/2025,SANTANA,CASA,36425.04
2025-03-07,2025,3,7,Mar,Março,2025-03,Mar/2025,Sexta,Sex,5,10,2025-03-03,03/03 - 09/03/2025,SANTANA,DELIVERY,1261.1
2025-03-07,2025,3,7,Mar,Março,2025-03,Mar/2025,Sexta,Sex,5,10,2025-03-03,03/03 - 09/03/2025,SANTO ANDRÉ,CASA,19328.23
2025-03-07,2025,3,7,Mar,Março,2025-03,Mar/2025,Sexta,Sex,5,10,2025-03-03,03/03 - 09/03/2025,SANTO ANDRÉ,DELIVERY,438.0
2025-03-07,2025,3,7,Mar,Março,2025-03,Mar/2025,Sexta,Sex,5,10,2025-03-03,03/03 - 09/03/2025,TATUAPÉ,CASA,15846.24
2025-03-07,2025,3,7,Mar,Março,2025-03,Mar/2025,Sexta,Sex,5,10,2025-03-03,03/03 - 09/03/2025,TATUAPÉ,DELIVERY,649.42
2025-03-07,2025,3,7,Mar,Março,2025-03,Mar/2025,Sexta,Sex,5,10,2025-03-03,03/03 - 09/03/2025,VILA MADALENA,CASA,20275.5
2025-03-07,2025,3,7,Mar,Março,2025-03,Mar/2025,Sexta,Sex,5,10,2025-03-03,03/03 - 09/03/2025,VILA MADALENA,DELIVERY,606.4
2025-03-07,2025,3,7,Mar,Março,2025-03,Mar/2025,Sexta,Sex,5,10,2025-03-03,03/03 - 09/03/2025,VILA MARIANA,CASA,27489.74
2025-03-08,2025,3,8,Mar,Março,2025-03,Mar/2025,Sábado,Sáb,6,10,2025-03-03,03/03 - 09/03/2025,CARINAS,CASA,188219.27
2025-03-08,2025,3,8,Mar,Março,2025-03,Mar/2025,Sábado,Sáb,6,10,2025-03-03,03/03 - 09/03/2025,CARINAS,DELIVERY,1330.9
2025-03-08,2025,3,8,Mar,Março,2025-03,Mar/2025,Sábado,Sáb,6,10,2025-03-03,03/03 - 09/03/2025,CHÁCARA,CASA,41584.29
2025-03-08,2025,3,8,Mar,Março,2025-03,Mar/2025,Sábado,Sáb,6,10,2025-03-03,03/03 - 09/03/2025,CHÁCARA,DELIVERY,2420.3
2025-03-08,2025,3,8,Mar,Março,2025-03,Mar/2025,Sábado,Sáb,6,10,2025-03-03,03/03 - 09/03/2025,LAPA,CASA,38751.69
2025-03-08,2025,3,8,Mar,Março,2025-03,Mar/2025,Sábado,Sáb,6,10,2025-03-03,03/03 - 09/03/2025,LAPA,DELIVERY,4156.6
2025-03-08,2025,3,8,Mar,Março,2025-03,Mar/2025,Sábado,Sáb,6,10,2025-03-03,03/03 - 09/03/2025,PAVÃO,CASA,36781.14
2025-03-08,2025,3,8,Mar,Março,2025-03,Mar/2025,Sábado,Sáb,6,10,2025-03-03,03/03 - 09/03/2025,PAVÃO,DELIVERY,2064.68
2025-03-08,2025,3,8,Mar,Março,2025-03,Mar/2025,Sábado,Sáb,6,10,2025-03-03,03/03 - 09/03/2025,PERDIZES,CASA,55372.75
2025-03-08,2025,3,8,Mar,Março,2025-03,Mar/2025,Sábado,Sáb,6,10,2025-03-03,03/03 - 09/03/2025,PERDIZES,DELIVERY,2189.0
2025-03-08,2025,3,8,Mar,Março,2025-03,Mar/2025,Sábado,Sáb,6,10,2025-03-03,03/03 - 09/03/2025,SANTANA,CASA,108788.78
2025-03-08,2025,3,8,Mar,Março,2025-03,Mar/2025,Sábado,Sáb,6,10,2025-03-03,03/03 - 09/03/2025,SANTANA,DELIVERY,3355.3
2025-03-08,2025,3,8,Mar,Março,2025-03,Mar/2025,Sábado,Sáb,6,10,2025-03-03,03/03 - 09/03/2025,SANTO ANDRÉ,CASA,182550.98
2025-03-08,2025,3,8,Mar,Março,2025-03,Mar/2025,Sábado,Sáb,6,10,2025-03-03,03/03 - 09/03/2025,SANTO ANDRÉ,DELIVERY,79.8
2025-03-08,2025,3,8,Mar,Março,2025-03,Mar/2025,Sábado,Sáb,6,10,2025-03-03,03/03 - 09/03/2025,TATUAPÉ,CASA,143593.0
2025-03-08,2025,3,8,Mar,Março,2025-03,Mar/2025,Sábado,Sáb,6,10,2025-03-03,03/03 - 09/03/2025,TATUAPÉ,DELIVERY,2946.94
2025-03-08,2025,3,8,Mar,Março,2025-03,Mar/2025,Sábado,Sáb,6,10,2025-03-03,03/03 - 09/03/2025,VILA MADALENA,CASA,33550.09
2025-03-08,2025,3,8,Mar,Março,2025-03,Mar/2025,Sábado,Sáb,6,10,2025-03-03,03/03 - 09/03/2025,VILA MADALENA,DELIVERY,1415.5
2025-03-08,2025,3,8,Mar,Março,2025-03,Mar/2025,Sábado,Sáb,6,10,2025-03-03,03/03 - 09/03/2025,VILA MARIANA,CASA,51635.75
2025-03-08,2025,3,8,Mar,Março,2025-03,Mar/2025,Sábado,Sáb,6,10,2025-03-03,03/03 - 09/03/2025,VILA MARIANA,DELIVERY,2755.5
2025-03-09,2025,3,9,Mar,Março,2025-03,Mar/2025,Domingo,Dom,7,10,2025-03-03,03/03 - 09/03/2025,CARINAS,CASA,48132.27
2025-03-09,2025,3,9,Mar,Março,2025-03,Mar/2025,Domingo,Dom,7,10,2025-03-03,03/03 - 09/03/2025,CARINAS,DELIVERY,6384.11
2025-03-09,2025,3,9,Mar,Março,2025-03,Mar/2025,Domingo,Dom,7,10,2025-03-03,03/03 - 09/03/2025,CHÁCARA,CASA,7526.88
2025-03-09,2025,3,9,Mar,Março,2025-03,Mar/2025,Domingo,Dom,7,10,2025-03-03,03/03 - 09/03/2025,CHÁCARA,DELIVERY,2071.1
2025-03-09,2025,3,9,Mar,Março,2025-03,Mar/2025,Domingo,Dom,7,10,2025-03-03,03/03 - 09/03/2025,LAPA,CASA,28078.81
2025-03-09,2025,3,9,Mar,Março,2025-03,Mar/2025,Domingo,Dom,7,10,2025-03-03,03/03 - 09/03/2025,LAPA,DELIVERY,3810.6
2025-03-09,2025,3,9,Mar,Março,2025-03,Mar/2025,Domingo,Dom,7,10,2025-03-03,03/03 - 09/03/2025,PAVÃO,CASA,11604.0
2025-03-09,2025,3,9,Mar,Março,2025-03,Mar/2025,Domingo,Dom,7,10,2025-03-03,03/03 - 09/03/2025,PAVÃO,DELIVERY,2678.79
2025-03-09,2025,3,9,Mar,Março,2025-03,Mar/2025,Domingo,Dom,7,10,2025-03-03,03/03 - 09/03/2025,PERDIZES,CASA,17466.37
2025-03-09,2025,3,9,Mar,Março,2025-03,Mar/2025,Domingo,Dom,7,10,2025-03-03,03/03 - 09/03/2025,PERDIZES,DELIVERY,2511.0
2025-03-09,2025,3,9,Mar,Março,2025-03,Mar/2025,Domingo,Dom,7,10,2025-03-03,03/03 - 09/03/2025,SANTANA,CASA,46401.96
2025-03-09,2025,3,9,Mar,Março,2025-03,Mar/2025,Domingo,Dom,7,10,2025-03-03,03/03 - 09/03/2025,SANTANA,DELIVERY,5807.0
2025-03-09,2025,3,9,Mar,Março,2025-03,Mar/2025,Domingo,Dom,7,10,2025-03-03,03/03 - 09/03/2025,SANTO ANDRÉ,CASA,48746.57
2025-03-09,2025,3,9,Mar,Março,2025-03,Mar/2025,Domingo,Dom,7,10,2025-03-03,03/03 - 09/03/2025,SANTO ANDRÉ,DELIVERY,1993.8
2025-03-09,2025,3,9,Mar,Março,2025-03,Mar/2025,Domingo,Dom,7,10,2025-03-03,03/03 - 09/03/2025,TATUAPÉ,CASA,29428.11
2025-03-09,2025,3,9,Mar,Março,2025-03,Mar/2025,Domingo,Dom,7,10,2025-03-03,03/03 - 09/03/2025,TATUAPÉ,DELIVERY,3003.78
2025-03-09,2025,3,9,Mar,Março,2025-03,Mar/2025,Domingo,Dom,7,10,2025-03-03,03/03 - 09/03/2025,VILA MADALENA,CASA,20073.3
2025-03-09,2025,3,9,Mar,Março,2025-03,Mar/2025,Domingo,Dom,7,10,2025-03-03,03/03 - 09/03/2025,VILA MADALENA,DELIVERY,3127.7
2025-03-09,2025,3,9,Mar,Março,2025-03,Mar/2025,Domingo,Dom,7,10,2025-03-03,03/03 - 09/03/2025,VILA MARIANA,CASA,27270.98
2025-03-09,2025,3,9,Mar,Março,2025-03,Mar/2025,Domingo,Dom,7,10,2025-03-03,03/03 - 09/03/2025,VILA MARIANA,DELIVERY,3884.7
2025-03-11,2025,3,11,Mar,Março,2025-03,Mar/2025,Terça,Ter,2,11,2025-03-10,10/03 - 16/03/2025,CARINAS,CASA,17915.54
2025-03-11,2025,3,11,Mar,Março,2025-03,Mar/2025,Terça,Ter,2,11,2025-03-10,10/03 - 16/03/2025,CARINAS,DELIVERY,50.7
2025-03-11,2025,3,11,Mar,Março,2025-03,Mar/2025,Terça,Ter,2,11,2025-03-10,10/03 - 16/03/2025,CHÁCARA,CASA,778.93
2025-03-11,2025,3,11,Mar,Março,2025-03,Mar/2025,Terça,Ter,2,11,2025-03-10,10/03 - 16/03/2025,CHÁCARA,DELIVERY,851.1
2025-03-11,2025,3,11,Mar,Março,2025-03,Mar/2025,Terça,Ter,2,11,2025-03-10,10/03 - 16/03/2025,LAPA,CASA,7587.64
2025-03-11,2025,3,11,Mar,Março,2025-03,Mar/2025,Terça,Ter,2,11,2025-03-10,10/03 - 16/03/2025,LAPA,DELIVERY,578.4
2025-03-11,2025,3,11,Mar,Março,2025-03,Mar/2025,Terça,Ter,2,11,2025-03-10,10/03 - 16/03/2025,PAVÃO,CASA,6879.94
2025-03-11,2025,3,11,Mar,Março,2025-03,Mar/2025,Terça,Ter,2,11,2025-03-10,10/03 - 16/03/2025,PAVÃO,DELIVERY,891.37
2025-03-11,2025,3,11,Mar,Março,2025-03,Mar/2025,Terça,Ter,2,11,2025-03-10,10/03 - 16/03/2025,PERDIZES,CASA,2484.91
2025-03-11,2025,3,11,Mar,Março,2025-03,Mar/2025,Terça,Ter,2,11,2025-03-10,10/03 - 16/03/2025,PERDIZES,DELIVERY,1597.9
2025-03-11,2025,3,11,Mar,Março,2025-03,Mar/2025,Terça,Ter,2,11,2025-03-10,10/03 - 16/03/2025,SANTANA,CASA,23322.22
2025-03-11,2025,3,11,Mar,Março,2025-03,Mar/2025,Terça,Ter,2,11,2025-03-10,10/03 - 16/03/2025,SANTANA,DELIVERY,930.1
2025-03-11,2025,3,11,Mar,Março,2025-03,Mar/2025,Terça,Ter,2,11,2025-03-10,10/03 - 16/03/2025,TATUAPÉ,CASA,15397.19
2025-03-11,2025,3,11,Mar,Março,2025-03,Mar/2025,Terça,Ter,2,11,2025-03-10,10/03 - 16/03/2025,TATUAPÉ,DELIVERY,683.43
2025-03-11,2025,3,11,Mar,Março,2025-03,Mar/2025,Terça,Ter,2,11,2025-03-10,10/03 - 16/03/2025,VILA MADALENA,CASA,4627.27
2025-03-11,2025,3,11,Mar,Março,2025-03,Mar/2025,Terça,Ter,2,11,2025-03-10,10/03 - 16/03/2025,VILA MADALENA,DELIVERY,592.2
2025-03-11,2025,3,11,Mar,Março,2025-03,Mar/2025,Terça,Ter,2,11,2025-03-10,10/03 - 16/03/2025,VILA MARIANA,CASA,3548.39
2025-03-11,2025,3,11,Mar,Março,2025-03,Mar/2025,Terça,Ter,2,11,2025-03-10,10/03 - 16/03/2025,VILA MARIANA,DELIVERY,1394.4
2025-03-12,2025,3,12,Mar,Março,2025-03,Mar/2025,Quarta,Qua,3,11,2025-03-10,10/03 - 16/03/2025,CARINAS,CASA,58820.58
2025-03-12,2025,3,12,Mar,Março,2025-03,Mar/2025,Quarta,Qua,3,11,2025-03-10,10/03 - 16/03/2025,CARINAS,DELIVERY,121.5
2025-03-12,2025,3,12,Mar,Março,2025-03,Mar/2025,Quarta,Qua,3,11,2025-03-10,10/03 - 16/03/2025,CHÁCARA,CASA,2347.93
2025-03-12,2025,3,12,Mar,Março,2025-03,Mar/2025,Quarta,Qua,3,11,2025-03-10,10/03 - 16/03/2025,CHÁCARA,DELIVERY,1081.7
2025-03-12,2025,3,12,Mar,Março,2025-03,Mar/2025,Quarta,Qua,3,11,2025-03-10,10/03 - 16/03/2025,LAPA,CASA,1140.67
2025-03-12,2025,3,12,Mar,Março,2025-03,Mar/2025,Quarta,Qua,3,11,2025-03-10,10/03 - 16/03/2025,LAPA,DELIVERY,909.3
2025-03-12,2025,3,12,Mar,Março,2025-03,Mar/2025,Quarta,Qua,3,11,2025-03-10,10/03 - 16/03/2025,PAVÃO,CASA,4797.14
2025-03-12,2025,3,12,Mar,Março,2025-03,Mar/2025,Quarta,Qua,3,11,2025-03-10,10/03 - 16/03/2025,PAVÃO,DELIVERY,801.82
2025-03-12,2025,3,12,Mar,Março,2025-03,Mar/2025,Quarta,Qua,3,11,2025-03-10,10/03 - 16/03/2025,PERDIZES,CASA,1359.32
2025-03-12,2025,3,12,Mar,Março,2025-03,Mar/2025,Quarta,Qua,3,11,2025-03-10,10/03 - 16/03/2025,PERDIZES,DELIVERY,736.5
2025-03-12,2025,3,12,Mar,Março,2025-03,Mar/2025,Quarta,Qua,3,11,2025-03-10,10/03 - 16/03/2025,SANTANA,CASA,7857.51
2025-03-12,2025,3,12,Mar,Março,2025-03,Mar/2025,Quarta,Qua,3,11,2025-03-10,10/03 - 16/03/2025,SANTANA,DELIVERY,1043.9
2025-03-12,2025,3,12,Mar,Março,2025-03,Mar/2025,Quarta,Qua,3,11,2025-03-10,10/03 - 16/03/2025,SANTO ANDRÉ,CASA,2891.31
2025-03-12,2025,3,12,Mar,Março,2025-03,Mar/2025,Quarta,Qua,3,11,2025-03-10,10/03 - 16/03/2025,SANTO ANDRÉ,DELIVERY,327.8
2025-03-12,2025,3,12,Mar,Março,2025-03,Mar/2025,Quarta,Qua,3,11,2025-03-10,10/03 - 16/03/2025,TATUAPÉ,CASA,4405.71
2025-03-12,2025,3,12,Mar,Março,2025-03,Mar/2025,Quarta,Qua,3,11,2025-03-10,10/03 - 16/03/2025,TATUAPÉ,DELIVERY,430.96
2025-03-12,2025,3,12,Mar,Março,2025-03,Mar/2025,Quarta,Qua,3,11,2025-03-10,10/03 - 16/03/2025,VILA MARIANA,CASA,11383.59
2025-03-12,2025,3,12,Mar,Março,2025-03,Mar/2025,Quarta,Qua,3,11,2025-03-10,10/03 - 16/03/2025,VILA MARIANA,DELIVERY,1065.5
2025-03-13,2025,3,13,Mar,Março,2025-03,Mar/2025,Quinta,Qui,4,11,2025-03-10,10/03 - 16/03/2025,CARINAS,CASA,28314.12
2025-03-13,2025,3,13,Mar,Março,2025-03,Mar/2025,Quinta,Qui,4,11,2025-03-10,10/03 - 16/03/2025,CHÁCARA,CASA,7360.92
2025-03-13,2025,3,13,Mar,Março,2025-03,Mar/2025,Quinta,Qui,4,11,2025-03-10,10/03 - 16/03/2025,CHÁCARA,DELIVERY,1722.0
2025-03-13,2025,3,13,Mar,Março,2025-03,Mar/2025,Quinta,Qui,4,11,2025-03-10,10/03 - 16/03/2025,LAPA,CASA,35973.77
2025-03-13,2025,3,13,Mar,Março,2025-03,Mar/2025,Quinta,Qui,4,11,2025-03-10,10/03 - 16/03/2025,PAVÃO,CASA,5904.71
2025-03-13,2025,3,13,Mar,Março,2025-03,Mar/2025,Quinta,Qui,4,11,2025-03-10,10/03 - 16/03/2025,PAVÃO,DELIVERY,203.87
2025-03-13,2025,3,13,Mar,Março,2025-03,Mar/2025,Quinta,Qui,4,11,2025-03-10,10/03 - 16/03/2025,PERDIZES,CASA,4183.25
2025-03-13,2025,3,13,Mar,Março,2025-03,Mar/2025,Quinta,Qui,4,11,2025-03-10,10/03 - 16/03/2025,PERDIZES,DELIVERY,1342.7
2025-03-13,2025,3,13,Mar,Março,2025-03,Mar/2025,Quinta,Qui,4,11,2025-03-10,10/03 - 16/03/2025,SANTANA,CASA,13880.19
2025-03-13,2025,3,13,Mar,Março,2025-03,Mar/2025,Quinta,Qui,4,11,2025-03-10,10/03 - 16/03/2025,SANTANA,DELIVERY,588.4
2025-03-13,2025,3,13,Mar,Março,2025-03,Mar/2025,Quinta,Qui,4,11,2025-03-10,10/03 - 16/03/2025,SANTO ANDRÉ,CASA,18511.72
2025-03-13,2025,3,13,Mar,Março,2025-03,Mar/2025,Quinta,Qui,4,11,2025-03-10,10/03 - 16/03/2025,SANTO ANDRÉ,DELIVERY,386.3
2025-03-13,2025,3,13,Mar,Março,2025-03,Mar/2025,Quinta,Qui,4,11,2025-03-10,10/03 - 16/03/2025,TATUAPÉ,CASA,25943.72
2025-03-13,2025,3,13,Mar,Março,2025-03,Mar/2025,Quinta,Qui,4,11,2025-03-10,10/03 - 16/03/2025,TATUAPÉ,DELIVERY,808.9
2025-03-13,2025,3,13,Mar,Março,2025-03,Mar/2025,Quinta,Qui,4,11,2025-03-10,10/03 - 16/03/2025,VILA MADALENA,CASA,18834.72
2025-03-13,2025,3,13,Mar,Março,2025-03,Mar/2025,Quinta,Qui,4,11,2025-03-10,10/03 - 16/03/2025,VILA MADALENA,DELIVERY,125.3
2025-03-13,2025,3,13,Mar,Março,2025-03,Mar/2025,Quinta,Qui,4,11,2025-03-10,10/03 - 16/03/2025,VILA MARIANA,CASA,9441.28
2025-03-13,2025,3,13,Mar,Março,2025-03,Mar/2025,Quinta,Qui,4,11,2025-03-10,10/03 - 16/03/2025,VILA MARIANA,DELIVERY,1709.6
2025-03-14,2025,3,14,Mar,Março,2025-03,Mar/2025,Sexta,Sex,5,11,2025-03-10,10/03 - 16/03/2025,CARINAS,CASA,38129.55
2025-03-14,2025,3,14,Mar,Março,2025-03,Mar/2025,Sexta,Sex,5,11,2025-03-10,10/03 - 16/03/2025,CARINAS,DELIVERY,44.7
2025-03-14,2025,3,14,Mar,Março,2025-03,Mar/2025,Sexta,Sex,5,11,2025-03-10,10/03 - 16/03/2025,CHÁCARA,CASA,10426.77
2025-03-14,2025,3,14,Mar,Março,2025-03,Mar/2025,Sexta,Sex,5,11,2025-03-10,10/03 - 16/03/2025,CHÁCARA,DELIVERY,1503.0
2025-03-14,2025,3,14,Mar,Março,2025-03,Mar/2025,Sexta,Sex,5,11,2025-03-10,10/03 - 16/03/2025,LAPA,CASA,14923.53
2025-03-14,2025,3,14,Mar,Março,2025-03,Mar/2025,Sexta,Sex,5,11,2025-03-10,10/03 - 16/03/2025,LAPA,DELIVERY,673.9
2025-03-14,2025,3,14,Mar,Março,2025-03,Mar/2025,Sexta,Sex,5,11,2025-03-10,10/03 - 16/03/2025,PAVÃO,CASA,19596.11
2025-03-14,2025,3,14,Mar,Março,2025-03,Mar/2025,Sexta,Sex,5,11,2025-03-10,10/03 - 16/03/2025,PAVÃO,DELIVERY,584.43
2025-03-14,2025,3,14,Mar,Março,2025-03,Mar/2025,Sexta,Sex,5,11,2025-03-10,10/03 - 16/03/2025,PERDIZES,CASA,9420.69
2025-03-14,2025,3,14,Mar,Março,2025-03,Mar/2025,Sexta,Sex,5,11,2025-03-10,10/03 - 16/03/2025,PERDIZES,DELIVERY,2180.5
2025-03-14,2025,3,14,Mar,Março,2025-03,Mar/2025,Sexta,Sex,5,11,2025-03-10,10/03 - 16/03/2025,SANTANA,CASA,18950.46
2025-03-14,2025,3,14,Mar,Março,2025-03,Mar/2025,Sexta,Sex,5,11,2025-03-10,10/03 - 16/03/2025,SANTANA,DELIVERY,2134.2
2025-03-14,2025,3,14,Mar,Março,2025-03,Mar/2025,Sexta,Sex,5,11,2025-03-10,10/03 - 16/03/2025,SANTO ANDRÉ,CASA,94808.56
2025-03-14,2025,3,14,Mar,Março,2025-03,Mar/2025,Sexta,Sex,5,11,2025-03-10,10/03 - 16/03/2025,SANTO ANDRÉ,DELIVERY,533.3
2025-03-14,2025,3,14,Mar,Março,2025-03,Mar/2025,Sexta,Sex,5,11,2025-03-10,10/03 - 16/03/2025,TATUAPÉ,CASA,19887.95
2025-03-14,2025,3,14,Mar,Março,2025-03,Mar/2025,Sexta,Sex,5,11,2025-03-10,10/03 - 16/03/2025,TATUAPÉ,DELIVERY,1661.02
2025-03-14,2025,3,14,Mar,Março,2025-03,Mar/2025,Sexta,Sex,5,11,2025-03-10,10/03 - 16/03/2025,VILA MADALENA,CASA,16970.64
2025-03-14,2025,3,14,Mar,Março,2025-03,Mar/2025,Sexta,Sex,5,11,2025-03-10,10/03 - 16/03/2025,VILA MARIANA,CASA,14836.31
2025-03-14,2025,3,14,Mar,Março,2025-03,Mar/2025,Sexta,Sex,5,11,2025-03-10,10/03 - 16/03/2025,VILA MARIANA,DELIVERY,1650.8
2025-03-15,2025,3,15,Mar,Março,2025-03,Mar/2025,Sábado,Sáb,6,11,2025-03-10,10/03 - 16/03/2025,CARINAS,CASA,166937.23
2025-03-15,2025,3,15,Mar,Março,2025-03,Mar/2025,Sábado,Sáb,6,11,2025-03-10,10/03 - 16/03/2025,CARINAS,DELIVERY,2139.1
2025-03-15,2025,3,15,Mar,Março,2025-03,Mar/2025,Sábado,Sáb,6,11,2025-03-10,10/03 - 16/03/2025,CHÁCARA,CASA,33580.16
2025-03-15,2025,3,15,Mar,Março,2025-03,Mar/2025,Sábado,Sáb,6,11,2025-03-10,10/03 - 16/03/2025,CHÁCARA,DELIVERY,2899.9
2025-03-15,2025,3,15,Mar,Março,2025-03,Mar/2025,Sábado,Sáb,6,11,2025-03-10,10/03 - 16/03/2025,LAPA,CASA,55216.55
2025-03-15,2025,3,15,Mar,Março,2025-03,Mar/2025,Sábado,Sáb,6,11,2025-03-10,10/03 - 16/03/2025,LAPA,DELIVERY,3311.4
2025-03-15,2025,3,15,Mar,Março,2025-03,Mar/2025,Sábado,Sáb,6,11,2025-03-10,10/03 - 16/03/2025,PAVÃO,CASA,34728.29
2025-03-15,2025,3,15,Mar,Março,2025-03,Mar/2025,Sábado,Sáb,6,11,2025-03-10,10/03 - 16/03/2025,PAVÃO,DELIVERY,2101.7
2025-03-15,2025,3,15,Mar,Março,2025-03,Mar/2025,Sábado,Sáb,6,11,2025-03-10,10/03 - 16/03/2025,PERDIZES,CASA,69286.59
2025-03-15,2025,3,15,Mar,Março,2025-03,Mar/2025,Sábado,Sáb,6,11,2025-03-10,10/03 - 16/03/2025,PERDIZES,DELIVERY,1685.1
2025-03-15,2025,3,15,Mar,Março,2025-03,Mar/2025,Sábado,Sáb,6,11,2025-03-10,10/03 - 16/03/2025,SANTANA,CASA,145094.15
2025-03-15,2025,3,15,Mar,Março,2025-03,Mar/2025,Sábado,Sáb,6,11,2025-03-10,10/03 - 16/03/2025,SANTANA,DELIVERY,2929.8
2025-03-15,2025,3,15,Mar,Março,2025-03,Mar/2025,Sábado,Sáb,6,11,2025-03-10,10/03 - 16/03/2025,SANTO ANDRÉ,CASA,200377.62
2025-03-15,2025,3,15,Mar,Março,2025-03,Mar/2025,Sábado,Sáb,6,11,2025-03-10,10/03 - 16/03/2025,SANTO ANDRÉ,DELIVERY,475.3
2025-03-15,2025,3,15,Mar,Março,2025-03,Mar/2025,Sábado,Sáb,6,11,2025-03-10,10/03 - 16/03/2025,TATUAPÉ,CASA,151201.29
2025-03-15,2025,3,15,Mar,Março,2025-03,Mar/2025,Sábado,Sáb,6,11,2025-03-10,10/03 - 16/03/2025,TATUAPÉ,DELIVERY,3078.29
2025-03-15,2025,3,15,Mar,Março,2025-03,Mar/2025,Sábado,Sáb,6,11,2025-03-10,10/03 - 16/03/2025,VILA MADALENA,CASA,66966.46
2025-03-15,2025,3,15,Mar,Março,2025-03,Mar/2025,Sábado,Sáb,6,11,2025-03-10,10/03 - 16/03/2025,VILA MARIANA,CASA,46599.96
2025-03-15,2025,3,15,Mar,Março,2025-03,Mar/2025,Sábado,Sáb,6,11,2025-03-10,10/03 - 16/03/2025,VILA MARIANA,DELIVERY,1896.9
2025-03-16,2025,3,16,Mar,Março,2025-03,Mar/2025,Domingo,Dom,7,11,2025-03-10,10/03 - 16/03/2025,CARINAS,CASA,116446.73
2025-03-16,2025,3,16,Mar,Março,2025-03,Mar/2025,Domingo,Dom,7,11,2025-03-10,10/03 - 16/03/2025,CHÁCARA,CASA,10289.81
2025-03-16,2025,3,16,Mar,Março,2025-03,Mar/2025,Domingo,Dom,7,11,2025-03-10,10/03 - 16/03/2025,CHÁCARA,DELIVERY,1584.1
2025-03-16,2025,3,16,Mar,Março,2025-03,Mar/2025,Domingo,Dom,7,11,2025-03-10,10/03 - 16/03/2025,LAPA,CASA,26701.31
2025-03-16,2025,3,16,Mar,Março,2025-03,Mar/2025,Domingo,Dom,7,11,2025-03-10,10/03 - 16/03/2025,LAPA,DELIVERY,3067.9
2025-03-16,2025,3,16,Mar,Março,2025-03,Mar/2025,Domingo,Dom,7,11,2025-03-10,10/03 - 16/03/2025,PAVÃO,CASA,19189.66
2025-03-16,2025,3,16,Mar,Março,2025-03,Mar/2025,Domingo,Dom,7,11,2025-03-10,10/03 - 16/03/2025,PAVÃO,DELIVERY,1959.33
2025-03-16,2025,3,16,Mar,Março,2025-03,Mar/2025,Domingo,Dom,7,11,2025-03-10,10/03 - 16/03/2025,PERDIZES,CASA,16597.13
2025-03-16,2025,3,16,Mar,Março,2025-03,Mar/2025,Domingo,Dom,7,11,2025-03-10,10/03 - 16/03/2025,PERDIZES,DELIVERY,3016.1
2025-03-16,2025,3,16,Mar,Março,2025-03,Mar/2025,Domingo,Dom,7,11,2025-03-10,10/03 - 16/03/2025,SANTANA,CASA,35742.79
2025-03-16,2025,3,16,Mar,Março,2025-03,Mar/2025,Domingo,Dom,7,11,2025-03-10,10/03 - 16/03/2025,SANTANA,DELIVERY,3278.4
2025-03-16,2025,3,16,Mar,Março,2025-03,Mar/2025,Domingo,Dom,7,11,2025-03-10,10/03 - 16/03/2025,SANTO ANDRÉ,CASA,38043.14
2025-03-16,2025,3,16,Mar,Março,2025-03,Mar/2025,Domingo,Dom,7,11,2025-03-10,10/03 - 16/03/2025,SANTO ANDRÉ,DELIVERY,895.3
2025-03-16,2025,3,16,Mar,Março,2025-03,Mar/2025,Domingo,Dom,7,11,2025-03-10,10/03 - 16/03/2025,TATUAPÉ,CASA,47416.7
2025-03-16,2025,3,16,Mar,Março,2025-03,Mar/2025,Domingo,Dom,7,11,2025-03-10,10/03 - 16/03/2025,TATUAPÉ,DELIVERY,3126.05
2025-03-16,2025,3,16,Mar,Março,2025-03,Mar/2025,Domingo,Dom,7,11,2025-03-10,10/03 - 16/03/2025,VILA MADALENA,CASA,15692.48
2025-03-16,2025,3,16,Mar,Março,2025-03,Mar/2025,Domingo,Dom,7,11,2025-03-10,10/03 - 16/03/2025,VILA MADALENA,DELIVERY,51.6
2025-03-16,2025,3,16,Mar,Março,2025-03,Mar/2025,Domingo,Dom,7,11,2025-03-10,10/03 - 16/03/2025,VILA MARIANA,CASA,32844.05
2025-03-16,2025,3,16,Mar,Março,2025-03,Mar/2025,Domingo,Dom,7,11,2025-03-10,10/03 - 16/03/2025,VILA MARIANA,DELIVERY,1453.3
2025-03-17,2025,3,17,Mar,Março,2025-03,Mar/2025,Segunda,Seg,1,12,2025-03-17,17/03 - 23/03/2025,CARINAS,CASA,142089.0
2025-03-17,2025,3,17,Mar,Março,2025-03,Mar/2025,Segunda,Seg,1,12,2025-03-17,17/03 - 23/03/2025,CARINAS,DELIVERY,3720.9
2025-03-17,2025,3,17,Mar,Março,2025-03,Mar/2025,Segunda,Seg,1,12,2025-03-17,17/03 - 23/03/2025,TATUAPÉ,CASA,84068.97
2025-03-17,2025,3,17,Mar,Março,2025-03,Mar/2025,Segunda,Seg,1,12,2025-03-17,17/03 - 23/03/2025,TATUAPÉ,DELIVERY,462.92
2025-03-18,2025,3,18,Mar,Março,2025-03,Mar/2025,Terça,Ter,2,12,2025-03-17,17/03 - 23/03/2025,CARINAS,CASA,24286.29
2025-03-18,2025,3,18,Mar,Março,2025-03,Mar/2025,Terça,Ter,2,12,2025-03-17,17/03 - 23/03/2025,CHÁCARA,CASA,19863.94
2025-03-18,2025,3,18,Mar,Março,2025-03,Mar/2025,Terça,Ter,2,12,2025-03-17,17/03 - 23/03/2025,CHÁCARA,DELIVERY,987.2
2025-03-18,2025,3,18,Mar,Março,2025-03,Mar/2025,Terça,Ter,2,12,2025-03-17,17/03 - 23/03/2025,LAPA,CASA,16911.55
2025-03-18,2025,3,18,Mar,Março,2025-03,Mar/2025,Terça,Ter,2,12,2025-03-17,17/03 - 23/03/2025,LAPA,DELIVERY,735.1
2025-03-18,2025,3,18,Mar,Março,2025-03,Mar/2025,Terça,Ter,2,12,2025-03-17,17/03 - 23/03/2025,PAVÃO,CASA,14512.82
2025-03-18,2025,3,18,Mar,Março,2025-03,Mar/2025,Terça,Ter,2,12,2025-03-17,17/03 - 23/03/2025,PAVÃO,DELIVERY,1542.27
2025-03-18,2025,3,18,Mar,Março,2025-03,Mar/2025,Terça,Ter,2,12,2025-03-17,17/03 - 23/03/2025,PERDIZES,CASA,2142.16
2025-03-18,2025,3,18,Mar,Março,2025-03,Mar/2025,Terça,Ter,2,12,2025-03-17,17/03 - 23/03/2025,PERDIZES,DELIVERY,636.5
2025-03-18,2025,3,18,Mar,Março,2025-03,Mar/2025,Terça,Ter,2,12,2025-03-17,17/03 - 23/03/2025,SANTANA,CASA,10714.22
2025-03-18,2025,3,18,Mar,Março,2025-03,Mar/2025,Terça,Ter,2,12,2025-03-17,17/03 - 23/03/2025,SANTANA,DELIVERY,783.1
2025-03-18,2025,3,18,Mar,Março,2025-03,Mar/2025,Terça,Ter,2,12,2025-03-17,17/03 - 23/03/2025,TATUAPÉ,CASA,17439.95
2025-03-18,2025,3,18,Mar,Março,2025-03,Mar/2025,Terça,Ter,2,12,2025-03-17,17/03 - 23/03/2025,TATUAPÉ,DELIVERY,583.1
2025-03-18,2025,3,18,Mar,Março,2025-03,Mar/2025,Terça,Ter,2,12,2025-03-17,17/03 - 23/03/2025,VILA MADALENA,CASA,5352.16
2025-03-18,2025,3,18,Mar,Março,2025-03,Mar/2025,Terça,Ter,2,12,2025-03-17,17/03 - 23/03/2025,VILA MADALENA,DELIVERY,312.6
2025-03-18,2025,3,18,Mar,Março,2025-03,Mar/2025,Terça,Ter,2,12,2025-03-17,17/03 - 23/03/2025,VILA MARIANA,CASA,3764.87
2025-03-18,2025,3,18,Mar,Março,2025-03,Mar/2025,Terça,Ter,2,12,2025-03-17,17/03 - 23/03/2025,VILA MARIANA,DELIVERY,381.0
2025-03-19,2025,3,19,Mar,Março,2025-03,Mar/2025,Quarta,Qua,3,12,2025-03-17,17/03 - 23/03/2025,CARINAS,CASA,42188.26
2025-03-19,2025,3,19,Mar,Março,2025-03,Mar/2025,Quarta,Qua,3,12,2025-03-17,17/03 - 23/03/2025,CARINAS,DELIVERY,639.7
2025-03-19,2025,3,19,Mar,Março,2025-03,Mar/2025,Quarta,Qua,3,12,2025-03-17,17/03 - 23/03/2025,CHÁCARA,CASA,1694.72
2025-03-19,2025,3,19,Mar,Março,2025-03,Mar/2025,Quarta,Qua,3,12,2025-03-17,17/03 - 23/03/2025,CHÁCARA,DELIVERY,559.5
2025-03-19,2025,3,19,Mar,Março,2025-03,Mar/2025,Quarta,Qua,3,12,2025-03-17,17/03 - 23/03/2025,LAPA,CASA,3493.17
2025-03-19,2025,3,19,Mar,Março,2025-03,Mar/2025,Quarta,Qua,3,12,2025-03-17,17/03 - 23/03/2025,PAVÃO,CASA,4053.81
2025-03-19,2025,3,19,Mar,Março,2025-03,Mar/2025,Quarta,Qua,3,12,2025-03-17,17/03 - 23/03/2025,PAVÃO,DELIVERY,857.57
2025-03-19,2025,3,19,Mar,Março,2025-03,Mar/2025,Quarta,Qua,3,12,2025-03-17,17/03 - 23/03/2025,PERDIZES,CASA,3009.53
2025-03-19,2025,3,19,Mar,Março,2025-03,Mar/2025,Quarta,Qua,3,12,2025-03-17,17/03 - 23/03/2025,PERDIZES,DELIVERY,651.9
2025-03-19,2025,3,19,Mar,Março,2025-03,Mar/2025,Quarta,Qua,3,12,2025-03-17,17/03 - 23/03/2025,SANTANA,CASA,33646.04
2025-03-19,2025,3,19,Mar,Março,2025-03,Mar/2025,Quarta,Qua,3,12,2025-03-17,17/03 - 23/03/2025,SANTANA,DELIVERY,1042.1
2025-03-19,2025,3,19,Mar,Março,2025-03,Mar/2025,Quarta,Qua,3,12,2025-03-17,17/03 - 23/03/2025,SANTO ANDRÉ,CASA,4428.86
2025-03-19,2025,3,19,Mar,Março,2025-03,Mar/2025,Quarta,Qua,3,12,2025-03-17,17/03 - 23/03/2025,SANTO ANDRÉ,DELIVERY,226.7
2025-03-19,2025,3,19,Mar,Março,2025-03,Mar/2025,Quarta,Qua,3,12,2025-03-17,17/03 - 23/03/2025,TATUAPÉ,CASA,7513.11
2025-03-19,2025,3,19,Mar,Março,2025-03,Mar/2025,Quarta,Qua,3,12,2025-03-17,17/03 - 23/03/2025,TATUAPÉ,DELIVERY,964.77
2025-03-19,2025,3,19,Mar,Março,2025-03,Mar/2025,Quarta,Qua,3,12,2025-03-17,17/03 - 23/03/2025,VILA MADALENA,CASA,6197.6
2025-03-19,2025,3,19,Mar,Março,2025-03,Mar/2025,Quarta,Qua,3,12,2025-03-17,17/03 - 23/03/2025,VILA MADALENA,DELIVERY,831.6
2025-03-19,2025,3,19,Mar,Março,2025-03,Mar/2025,Quarta,Qua,3,12,2025-03-17,17/03 - 23/03/2025,VILA MARIANA,CASA,16530.79
2025-03-19,2025,3,19,Mar,Março,2025-03,Mar/2025,Quarta,Qua,3,12,2025-03-17,17/03 - 23/03/2025,VILA MARIANA,DELIVERY,1404.4
2025-03-20,2025,3,20,Mar,Março,2025-03,Mar/2025,Quinta,Qui,4,12,2025-03-17,17/03 - 23/03/2025,CARINAS,CASA,19096.52
2025-03-20,2025,3,20,Mar,Março,2025-03,Mar/2025,Quinta,Qui,4,12,2025-03-17,17/03 - 23/03/2025,CARINAS,DELIVERY,480.0
2025-03-20,2025,3,20,Mar,Março,2025-03,Mar/2025,Quinta,Qui,4,12,2025-03-17,17/03 - 23/03/2025,CHÁCARA,CASA,6675.79
2025-03-20,2025,3,20,Mar,Março,2025-03,Mar/2025,Quinta,Qui,4,12,2025-03-17,17/03 - 23/03/2025,CHÁCARA,DELIVERY,678.3
2025-03-20,2025,3,20,Mar,Março,2025-03,Mar/2025,Quinta,Qui,4,12,2025-03-17,17/03 - 23/03/2025,LAPA,CASA,8788.25
2025-03-20,2025,3,20,Mar,Março,2025-03,Mar/2025,Quinta,Qui,4,12,2025-03-17,17/03 - 23/03/2025,PAVÃO,CASA,5090.48
2025-03-20,2025,3,20,Mar,Março,2025-03,Mar/2025,Quinta,Qui,4,12,2025-03-17,17/03 - 23/03/2025,PAVÃO,DELIVERY,1594.26
2025-03-20,2025,3,20,Mar,Março,2025-03,Mar/2025,Quinta,Qui,4,12,2025-03-17,17/03 - 23/03/2025,PERDIZES,CASA,15805.74
2025-03-20,2025,3,20,Mar,Março,2025-03,Mar/2025,Quinta,Qui,4,12,2025-03-17,17/03 - 23/03/2025,PERDIZES,DELIVERY,1320.8
2025-03-20,2025,3,20,Mar,Março,2025-03,Mar/2025,Quinta,Qui,4,12,2025-03-17,17/03 - 23/03/2025,SANTANA,CASA,14123.62
2025-03-20,2025,3,20,Mar,Março,2025-03,Mar/2025,Quinta,Qui,4,12,2025-03-17,17/03 - 23/03/2025,SANTANA,DELIVERY,629.2
2025-03-20,2025,3,20,Mar,Março,2025-03,Mar/2025,Quinta,Qui,4,12,2025-03-17,17/03 - 23/03/2025,SANTO ANDRÉ,CASA,24497.84
2025-03-20,2025,3,20,Mar,Março,2025-03,Mar/2025,Quinta,Qui,4,12,2025-03-17,17/03 - 23/03/2025,SANTO ANDRÉ,DELIVERY,406.7
2025-03-20,2025,3,20,Mar,Março,2025-03,Mar/2025,Quinta,Qui,4,12,2025-03-17,17/03 - 23/03/2025,TATUAPÉ,CASA,6805.43
2025-03-20,2025,3,20,Mar,Março,2025-03,Mar/2025,Quinta,Qui,4,12,2025-03-17,17/03 - 23/03/2025,TATUAPÉ,DELIVERY,818.44
2025-03-20,2025,3,20,Mar,Março,2025-03,Mar/2025,Quinta,Qui,4,12,2025-03-17,17/03 - 23/03/2025,VILA MADALENA,CASA,24846.78
2025-03-20,2025,3,20,Mar,Março,2025-03,Mar/2025,Quinta,Qui,4,12,2025-03-17,17/03 - 23/03/2025,VILA MADALENA,DELIVERY,1120.7
2025-03-20,2025,3,20,Mar,Março,2025-03,Mar/2025,Quinta,Qui,4,12,2025-03-17,17/03 - 23/03/2025,VILA MARIANA,CASA,10408.33
2025-03-20,2025,3,20,Mar,Março,2025-03,Mar/2025,Quinta,Qui,4,12,2025-03-17,17/03 - 23/03/2025,VILA MARIANA,DELIVERY,1990.1
2025-03-21,2025,3,21,Mar,Março,2025-03,Mar/2025,Sexta,Sex,5,12,2025-03-17,17/03 - 23/03/2025,CARINAS,CASA,35058.42
2025-03-21,2025,3,21,Mar,Março,2025-03,Mar/2025,Sexta,Sex,5,12,2025-03-17,17/03 - 23/03/2025,CARINAS,DELIVERY,839.4
2025-03-21,2025,3,21,Mar,Março,2025-03,Mar/2025,Sexta,Sex,5,12,2025-03-17,17/03 - 23/03/2025,CHÁCARA,CASA,3748.67
2025-03-21,2025,3,21,Mar,Março,2025-03,Mar/2025,Sexta,Sex,5,12,2025-03-17,17/03 - 23/03/2025,CHÁCARA,DELIVERY,1476.0
2025-03-21,2025,3,21,Mar,Março,2025-03,Mar/2025,Sexta,Sex,5,12,2025-03-17,17/03 - 23/03/2025,LAPA,CASA,15679.88
2025-03-21,2025,3,21,Mar,Março,2025-03,Mar/2025,Sexta,Sex,5,12,2025-03-17,17/03 - 23/03/2025,PAVÃO,CASA,55942.45
2025-03-21,2025,3,21,Mar,Março,2025-03,Mar/2025,Sexta,Sex,5,12,2025-03-17,17/03 - 23/03/2025,PAVÃO,DELIVERY,927.15
2025-03-21,2025,3,21,Mar,Março,2025-03,Mar/2025,Sexta,Sex,5,12,2025-03-17,17/03 - 23/03/2025,PERDIZES,CASA,7256.62
2025-03-21,2025,3,21,Mar,Março,2025-03,Mar/2025,Sexta,Sex,5,12,2025-03-17,17/03 - 23/03/2025,PERDIZES,DELIVERY,1271.0
2025-03-21,2025,3,21,Mar,Março,2025-03,Mar/2025,Sexta,Sex,5,12,2025-03-17,17/03 - 23/03/2025,SANTANA,CASA,17332.93
2025-03-21,2025,3,21,Mar,Março,2025-03,Mar/2025,Sexta,Sex,5,12,2025-03-17,17/03 - 23/03/2025,SANTANA,DELIVERY,1452.0
2025-03-21,2025,3,21,Mar,Março,2025-03,Mar/2025,Sexta,Sex,5,12,2025-03-17,17/03 - 23/03/2025,SANTO ANDRÉ,CASA,222058.56
2025-03-21,2025,3,21,Mar,Março,2025-03,Mar/2025,Sexta,Sex,5,12,2025-03-17,17/03 - 23/03/2025,SANTO ANDRÉ,DELIVERY,805.7
2025-03-21,2025,3,21,Mar,Março,2025-03,Mar/2025,Sexta,Sex,5,12,2025-03-17,17/03 - 23/03/2025,TATUAPÉ,CASA,20339.16
2025-03-21,2025,3,21,Mar,Março,2025-03,Mar/2025,Sexta,Sex,5,12,2025-03-17,17/03 - 23/03/2025,TATUAPÉ,DELIVERY,767.42
2025-03-21,2025,3,21,Mar,Março,2025-03,Mar/2025,Sexta,Sex,5,12,2025-03-17,17/03 - 23/03/2025,VILA MADALENA,CASA,20600.56
2025-03-21,2025,3,21,Mar,Março,2025-03,Mar/2025,Sexta,Sex,5,12,2025-03-17,17/03 - 23/03/2025,VILA MADALENA,DELIVERY,971.3
2025-03-21,2025,3,21,Mar,Março,2025-03,Mar/2025,Sexta,Sex,5,12,2025-03-17,17/03 - 23/03/2025,VILA MARIANA,CASA,15953.43
2025-03-21,2025,3,21,Mar,Março,2025-03,Mar/2025,Sexta,Sex,5,12,2025-03-17,17/03 - 23/03/2025,VILA MARIANA,DELIVERY,1160.1
2025-03-22,2025,3,22,Mar,Março,2025-03,Mar/2025,Sábado,Sáb,6,12,2025-03-17,17/03 - 23/03/2025,CARINAS,CASA,185943.19
2025-03-22,2025,3,22,Mar,Março,2025-03,Mar/2025,Sábado,Sáb,6,12,2025-03-17,17/03 - 23/03/2025,CARINAS,DELIVERY,414.2
2025-03-22,2025,3,22,Mar,Março,2025-03,Mar/2025,Sábado,Sáb,6,12,2025-03-17,17/03 - 23/03/2025,CHÁCARA,CASA,32513.11
2025-03-22,2025,3,22,Mar,Março,2025-03,Mar/2025,Sábado,Sáb,6,12,2025-03-17,17/03 - 23/03/2025,CHÁCARA,DELIVERY,1683.6
2025-03-22,2025,3,22,Mar,Março,2025-03,Mar/2025,Sábado,Sáb,6,12,2025-03-17,17/03 - 23/03/2025,LAPA,CASA,54049.95
2025-03-22,2025,3,22,Mar,Março,2025-03,Mar/2025,Sábado,Sáb,6,12,2025-03-17,17/03 - 23/03/2025,LAPA,DELIVERY,2019.9
2025-03-22,2025,3,22,Mar,Março,2025-03,Mar/2025,Sábado,Sáb,6,12,2025-03-17,17/03 - 23/03/2025,PAVÃO,CASA,41734.92
2025-03-22,2025,3,22,Mar,Março,2025-03,Mar/2025,Sábado,Sáb,6,12,2025-03-17,17/03 - 23/03/2025,PAVÃO,DELIVERY,2344.94
2025-03-22,2025,3,22,Mar,Março,2025-03,Mar/2025,Sábado,Sáb,6,12,2025-03-17,17/03 - 23/03/2025,PERDIZES,CASA,67837.49
2025-03-22,2025,3,22,Mar,Março,2025-03,Mar/2025,Sábado,Sáb,6,12,2025-03-17,17/03 - 23/03/2025,PERDIZES,DELIVERY,2501.5
2025-03-22,2025,3,22,Mar,Março,2025-03,Mar/2025,Sábado,Sáb,6,12,2025-03-17,17/03 - 23/03/2025,SANTANA,CASA,151452.14
2025-03-22,2025,3,22,Mar,Março,2025-03,Mar/2025,Sábado,Sáb,6,12,2025-03-17,17/03 - 23/03/2025,SANTANA,DELIVERY,4062.5
2025-03-22,2025,3,22,Mar,Março,2025-03,Mar/2025,Sábado,Sáb,6,12,2025-03-17,17/03 - 23/03/2025,SANTO ANDRÉ,CASA,200501.11
2025-03-22,2025,3,22,Mar,Março,2025-03,Mar/2025,Sábado,Sáb,6,12,2025-03-17,17/03 - 23/03/2025,SANTO ANDRÉ,DELIVERY,1437.1
2025-03-22,2025,3,22,Mar,Março,2025-03,Mar/2025,Sábado,Sáb,6,12,2025-03-17,17/03 - 23/03/2025,TATUAPÉ,CASA,156610.13
2025-03-22,2025,3,22,Mar,Março,2025-03,Mar/2025,Sábado,Sáb,6,12,2025-03-17,17/03 - 23/03/2025,TATUAPÉ,DELIVERY,3266.08
2025-03-22,2025,3,22,Mar,Março,2025-03,Mar/2025,Sábado,Sáb,6,12,2025-03-17,17/03 - 23/03/2025,VILA MADALENA,CASA,36664.86
2025-03-22,2025,3,22,Mar,Março,2025-03,Mar/2025,Sábado,Sáb,6,12,2025-03-17,17/03 - 23/03/2025,VILA MADALENA,DELIVERY,1134.9
2025-03-22,2025,3,22,Mar,Março,2025-03,Mar/2025,Sábado,Sáb,6,12,2025-03-17,17/03 - 23/03/2025,VILA MARIANA,CASA,60047.41
2025-03-22,2025,3,22,Mar,Março,2025-03,Mar/2025,Sábado,Sáb,6,12,2025-03-17,17/03 - 23/03/2025,VILA MARIANA,DELIVERY,1597.6
2025-03-23,2025,3,23,Mar,Março,2025-03,Mar/2025,Domingo,Dom,7,12,2025-03-17,17/03 - 23/03/2025,CARINAS,CASA,64995.1
2025-03-23,2025,3,23,Mar,Março,2025-03,Mar/2025,Domingo,Dom,7,12,2025-03-17,17/03 - 23/03/2025,CARINAS,DELIVERY,4033.6
2025-03-23,2025,3,23,Mar,Março,2025-03,Mar/2025,Domingo,Dom,7,12,2025-03-17,17/03 - 23/03/2025,CHÁCARA,CASA,28410.74
2025-03-23,2025,3,23,Mar,Março,2025-03,Mar/2025,Domingo,Dom,7,12,2025-03-17,17/03 - 23/03/2025,CHÁCARA,DELIVERY,1624.1
2025-03-23,2025,3,23,Mar,Março,2025-03,Mar/2025,Domingo,Dom,7,12,2025-03-17,17/03 - 23/03/2025,LAPA,CASA,25993.35
2025-03-23,2025,3,23,Mar,Março,2025-03,Mar/2025,Domingo,Dom,7,12,2025-03-17,17/03 - 23/03/2025,LAPA,DELIVERY,2358.8
2025-03-23,2025,3,23,Mar,Março,2025-03,Mar/2025,Domingo,Dom,7,12,2025-03-17,17/03 - 23/03/2025,PAVÃO,CASA,6946.41
2025-03-23,2025,3,23,Mar,Março,2025-03,Mar/2025,Domingo,Dom,7,12,2025-03-17,17/03 - 23/03/2025,PAVÃO,DELIVERY,1603.66
2025-03-23,2025,3,23,Mar,Março,2025-03,Mar/2025,Domingo,Dom,7,12,2025-03-17,17/03 - 23/03/2025,PERDIZES,CASA,28536.79
2025-03-23,2025,3,23,Mar,Março,2025-03,Mar/2025,Domingo,Dom,7,12,2025-03-17,17/03 - 23/03/2025,PERDIZES,DELIVERY,1165.1
2025-03-23,2025,3,23,Mar,Março,2025-03,Mar/2025,Domingo,Dom,7,12,2025-03-17,17/03 - 23/03/2025,SANTANA,CASA,43632.79
2025-03-23,2025,3,23,Mar,Março,2025-03,Mar/2025,Domingo,Dom,7,12,2025-03-17,17/03 - 23/03/2025,SANTANA,DELIVERY,4279.5
2025-03-23,2025,3,23,Mar,Março,2025-03,Mar/2025,Domingo,Dom,7,12,2025-03-17,17/03 - 23/03/2025,SANTO ANDRÉ,CASA,44720.39
2025-03-23,2025,3,23,Mar,Março,2025-03,Mar/2025,Domingo,Dom,7,12,2025-03-17,17/03 - 23/03/2025,SANTO ANDRÉ,DELIVERY,845.6
2025-03-23,2025,3,23,Mar,Março,2025-03,Mar/2025,Domingo,Dom,7,12,2025-03-17,17/03 - 23/03/2025,TATUAPÉ,CASA,39237.44
2025-03-23,2025,3,23,Mar,Março,2025-03,Mar/2025,Domingo,Dom,7,12,2025-03-17,17/03 - 23/03/2025,TATUAPÉ,DELIVERY,1992.28
2025-03-23,2025,3,23,Mar,Março,2025-03,Mar/2025,Domingo,Dom,7,12,2025-03-17,17/03 - 23/03/2025,VILA MADALENA,CASA,21428.31
2025-03-23,2025,3,23,Mar,Março,2025-03,Mar/2025,Domingo,Dom,7,12,2025-03-17,17/03 - 23/03/2025,VILA MADALENA,DELIVERY,1058.3
2025-03-23,2025,3,23,Mar,Março,2025-03,Mar/2025,Domingo,Dom,7,12,2025-03-17,17/03 - 23/03/2025,VILA MARIANA,CASA,35139.95
2025-03-23,2025,3,23,Mar,Março,2025-03,Mar/2025,Domingo,Dom,7,12,2025-03-17,17/03 - 23/03/2025,VILA MARIANA,DELIVERY,1994.9
2025-03-24,2025,3,24,Mar,Março,2025-03,Mar/2025,Segunda,Seg,1,13,2025-03-24,24/03 - 30/03/2025,TATUAPÉ,CASA,48764.81
2025-03-25,2025,3,25,Mar,Março,2025-03,Mar/2025,Terça,Ter,2,13,2025-03-24,24/03 - 30/03/2025,CARINAS,CASA,45025.93
2025-03-25,2025,3,25,Mar,Março,2025-03,Mar/2025,Terça,Ter,2,13,2025-03-24,24/03 - 30/03/2025,CHÁCARA,CASA,10294.04
2025-03-25,2025,3,25,Mar,Março,2025-03,Mar/2025,Terça,Ter,2,13,2025-03-24,24/03 - 30/03/2025,CHÁCARA,DELIVERY,750.8
2025-03-25,2025,3,25,Mar,Março,2025-03,Mar/2025,Terça,Ter,2,13,2025-03-24,24/03 - 30/03/2025,LAPA,CASA,11250.71
2025-03-25,2025,3,25,Mar,Março,2025-03,Mar/2025,Terça,Ter,2,13,2025-03-24,24/03 - 30/03/2025,LAPA,DELIVERY,787.1
2025-03-25,2025,3,25,Mar,Março,2025-03,Mar/2025,Terça,Ter,2,13,2025-03-24,24/03 - 30/03/2025,PAVÃO,CASA,4185.93
2025-03-25,2025,3,25,Mar,Março,2025-03,Mar/2025,Terça,Ter,2,13,2025-03-24,24/03 - 30/03/2025,PAVÃO,DELIVERY,852.78
2025-03-25,2025,3,25,Mar,Março,2025-03,Mar/2025,Terça,Ter,2,13,2025-03-24,24/03 - 30/03/2025,PERDIZES,CASA,3916.12
2025-03-25,2025,3,25,Mar,Março,2025-03,Mar/2025,Terça,Ter,2,13,2025-03-24,24/03 - 30/03/2025,PERDIZES,DELIVERY,515.4
2025-03-25,2025,3,25,Mar,Março,2025-03,Mar/2025,Terça,Ter,2,13,2025-03-24,24/03 - 30/03/2025,SANTANA,CASA,15065.01
2025-03-25,2025,3,25,Mar,Março,2025-03,Mar/2025,Terça,Ter,2,13,2025-03-24,24/03 - 30/03/2025,SANTANA,DELIVERY,1065.1
2025-03-25,2025,3,25,Mar,Março,2025-03,Mar/2025,Terça,Ter,2,13,2025-03-24,24/03 - 30/03/2025,TATUAPÉ,CASA,9968.94
2025-03-25,2025,3,25,Mar,Março,2025-03,Mar/2025,Terça,Ter,2,13,2025-03-24,24/03 - 30/03/2025,TATUAPÉ,DELIVERY,362.0
2025-03-25,2025,3,25,Mar,Março,2025-03,Mar/2025,Terça,Ter,2,13,2025-03-24,24/03 - 30/03/2025,VILA MADALENA,CASA,8560.5
2025-03-25,2025,3,25,Mar,Março,2025-03,Mar/2025,Terça,Ter,2,13,2025-03-24,24/03 - 30/03/2025,VILA MADALENA,DELIVERY,619.1
2025-03-25,2025,3,25,Mar,Março,2025-03,Mar/2025,Terça,Ter,2,13,2025-03-24,24/03 - 30/03/2025,VILA MARIANA,CASA,6351.47
2025-03-25,2025,3,25,Mar,Março,2025-03,Mar/2025,Terça,Ter,2,13,2025-03-24,24/03 - 30/03/2025,VILA MARIANA,DELIVERY,917.3
2025-03-26,2025,3,26,Mar,Março,2025-03,Mar/2025,Quarta,Qua,3,13,2025-03-24,24/03 - 30/03/2025,CARINAS,CASA,15750.69
2025-03-26,2025,3,26,Mar,Março,2025-03,Mar/2025,Quarta,Qua,3,13,2025-03-24,24/03 - 30/03/2025,CARINAS,DELIVERY,1988.4
2025-03-26,2025,3,26,Mar,Março,2025-03,Mar/2025,Quarta,Qua,3,13,2025-03-24,24/03 - 30/03/2025,CHÁCARA,CASA,5330.61
2025-03-26,2025,3,26,Mar,Março,2025-03,Mar/2025,Quarta,Qua,3,13,2025-03-24,24/03 - 30/03/2025,CHÁCARA,DELIVERY,458.8
2025-03-26,2025,3,26,Mar,Março,2025-03,Mar/2025,Quarta,Qua,3,13,2025-03-24,24/03 - 30/03/2025,LAPA,CASA,5577.77
2025-03-26,2025,3,26,Mar,Março,2025-03,Mar/2025,Quarta,Qua,3,13,2025-03-24,24/03 - 30/03/2025,LAPA,DELIVERY,555.5
2025-03-26,2025,3,26,Mar,Março,2025-03,Mar/2025,Quarta,Qua,3,13,2025-03-24,24/03 - 30/03/2025,PAVÃO,CASA,3081.76
2025-03-26,2025,3,26,Mar,Março,2025-03,Mar/2025,Quarta,Qua,3,13,2025-03-24,24/03 - 30/03/2025,PAVÃO,DELIVERY,809.39
2025-03-26,2025,3,26,Mar,Março,2025-03,Mar/2025,Quarta,Qua,3,13,2025-03-24,24/03 - 30/03/2025,PERDIZES,CASA,8662.8
2025-03-26,2025,3,26,Mar,Março,2025-03,Mar/2025,Quarta,Qua,3,13,2025-03-24,24/03 - 30/03/2025,PERDIZES,DELIVERY,283.8
2025-03-26,2025,3,26,Mar,Março,2025-03,Mar/2025,Quarta,Qua,3,13,2025-03-24,24/03 - 30/03/2025,SANTANA,CASA,17799.49
2025-03-26,2025,3,26,Mar,Março,2025-03,Mar/2025,Quarta,Qua,3,13,2025-03-24,24/03 - 30/03/2025,SANTANA,DELIVERY,1258.2
2025-03-26,2025,3,26,Mar,Março,2025-03,Mar/2025,Quarta,Qua,3,13,2025-03-24,24/03 - 30/03/2025,SANTO ANDRÉ,CASA,5783.38
2025-03-26,2025,3,26,Mar,Março,2025-03,Mar/2025,Quarta,Qua,3,13,2025-03-24,24/03 - 30/03/2025,SANTO ANDRÉ,DELIVERY,186.7
2025-03-26,2025,3,26,Mar,Março,2025-03,Mar/2025,Quarta,Qua,3,13,2025-03-24,24/03 - 30/03/2025,TATUAPÉ,CASA,13352.16
2025-03-26,2025,3,26,Mar,Março,2025-03,Mar/2025,Quarta,Qua,3,13,2025-03-24,24/03 - 30/03/2025,TATUAPÉ,DELIVERY,805.54
2025-03-26,2025,3,26,Mar,Março,2025-03,Mar/2025,Quarta,Qua,3,13,2025-03-24,24/03 - 30/03/2025,VILA MADALENA,CASA,4475.77
2025-03-26,2025,3,26,Mar,Março,2025-03,Mar/2025,Quarta,Qua,3,13,2025-03-24,24/03 - 30/03/2025,VILA MADALENA,DELIVERY,306.3
2025-03-26,2025,3,26,Mar,Março,2025-03,Mar/2025,Quarta,Qua,3,13,2025-03-24,24/03 - 30/03/2025,VILA MARIANA,CASA,12250.64
2025-03-27,2025,3,27,Mar,Março,2025-03,Mar/2025,Quinta,Qui,4,13,2025-03-24,24/03 - 30/03/2025,CARINAS,CASA,25630.7
2025-03-27,2025,3,27,Mar,Março,2025-03,Mar/2025,Quinta,Qui,4,13,2025-03-24,24/03 - 30/03/2025,CARINAS,DELIVERY,1071.1
2025-03-27,2025,3,27,Mar,Março,2025-03,Mar/2025,Quinta,Qui,4,13,2025-03-24,24/03 - 30/03/2025,CHÁCARA,CASA,26325.22
2025-03-27,2025,3,27,Mar,Março,2025-03,Mar/2025,Quinta,Qui,4,13,2025-03-24,24/03 - 30/03/2025,CHÁCARA,DELIVERY,1798.6
2025-03-27,2025,3,27,Mar,Março,2025-03,Mar/2025,Quinta,Qui,4,13,2025-03-24,24/03 - 30/03/2025,LAPA,CASA,8412.64
2025-03-27,2025,3,27,Mar,Março,2025-03,Mar/2025,Quinta,Qui,4,13,2025-03-24,24/03 - 30/03/2025,LAPA,DELIVERY,585.6
2025-03-27,2025,3,27,Mar,Março,2025-03,Mar/2025,Quinta,Qui,4,13,2025-03-24,24/03 - 30/03/2025,PAVÃO,CASA,13954.05
2025-03-27,2025,3,27,Mar,Março,2025-03,Mar/2025,Quinta,Qui,4,13,2025-03-24,24/03 - 30/03/2025,PAVÃO,DELIVERY,1432.45
2025-03-27,2025,3,27,Mar,Março,2025-03,Mar/2025,Quinta,Qui,4,13,2025-03-24,24/03 - 30/03/2025,PERDIZES,CASA,27185.37
2025-03-27,2025,3,27,Mar,Março,2025-03,Mar/2025,Quinta,Qui,4,13,2025-03-24,24/03 - 30/03/2025,PERDIZES,DELIVERY,1853.7
2025-03-27,2025,3,27,Mar,Março,2025-03,Mar/2025,Quinta,Qui,4,13,2025-03-24,24/03 - 30/03/2025,SANTANA,CASA,11103.85
2025-03-27,2025,3,27,Mar,Março,2025-03,Mar/2025,Quinta,Qui,4,13,2025-03-24,24/03 - 30/03/2025,SANTANA,DELIVERY,1415.4
2025-03-27,2025,3,27,Mar,Março,2025-03,Mar/2025,Quinta,Qui,4,13,2025-03-24,24/03 - 30/03/2025,SANTO ANDRÉ,CASA,14889.18
2025-03-27,2025,3,27,Mar,Março,2025-03,Mar/2025,Quinta,Qui,4,13,2025-03-24,24/03 - 30/03/2025,SANTO ANDRÉ,DELIVERY,584.1
2025-03-27,2025,3,27,Mar,Março,2025-03,Mar/2025,Quinta,Qui,4,13,2025-03-24,24/03 - 30/03/2025,TATUAPÉ,CASA,45782.04
2025-03-27,2025,3,27,Mar,Março,2025-03,Mar/2025,Quinta,Qui,4,13,2025-03-24,24/03 - 30/03/2025,TATUAPÉ,DELIVERY,2159.33
2025-03-27,2025,3,27,Mar,Março,2025-03,Mar/2025,Quinta,Qui,4,13,2025-03-24,24/03 - 30/03/2025,VILA MADALENA,CASA,53564.67
2025-03-27,2025,3,27,Mar,Março,2025-03,Mar/2025,Quinta,Qui,4,13,2025-03-24,24/03 - 30/03/2025,VILA MARIANA,CASA,12337.63
2025-03-27,2025,3,27,Mar,Março,2025-03,Mar/2025,Quinta,Qui,4,13,2025-03-24,24/03 - 30/03/2025,VILA MARIANA,DELIVERY,1621.9
2025-03-28,2025,3,28,Mar,Março,2025-03,Mar/2025,Sexta,Sex,5,13,2025-03-24,24/03 - 30/03/2025,CARINAS,CASA,51803.35
2025-03-28,2025,3,28,Mar,Março,2025-03,Mar/2025,Sexta,Sex,5,13,2025-03-24,24/03 - 30/03/2025,CARINAS,DELIVERY,1183.0
2025-03-28,2025,3,28,Mar,Março,2025-03,Mar/2025,Sexta,Sex,5,13,2025-03-24,24/03 - 30/03/2025,CHÁCARA,CASA,7195.65
2025-03-28,2025,3,28,Mar,Março,2025-03,Mar/2025,Sexta,Sex,5,13,2025-03-24,24/03 - 30/03/2025,CHÁCARA,DELIVERY,1041.6
2025-03-28,2025,3,28,Mar,Março,2025-03,Mar/2025,Sexta,Sex,5,13,2025-03-24,24/03 - 30/03/2025,LAPA,CASA,22940.06
2025-03-28,2025,3,28,Mar,Março,2025-03,Mar/2025,Sexta,Sex,5,13,2025-03-24,24/03 - 30/03/2025,LAPA,DELIVERY,2071.7
2025-03-28,2025,3,28,Mar,Março,2025-03,Mar/2025,Sexta,Sex,5,13,2025-03-24,24/03 - 30/03/2025,PAVÃO,CASA,34773.27
2025-03-28,2025,3,28,Mar,Março,2025-03,Mar/2025,Sexta,Sex,5,13,2025-03-24,24/03 - 30/03/2025,PAVÃO,DELIVERY,1157.41
2025-03-28,2025,3,28,Mar,Março,2025-03,Mar/2025,Sexta,Sex,5,13,2025-03-24,24/03 - 30/03/2025,SANTANA,CASA,51331.05
2025-03-28,2025,3,28,Mar,Março,2025-03,Mar/2025,Sexta,Sex,5,13,2025-03-24,24/03 - 30/03/2025,SANTANA,DELIVERY,1438.9
2025-03-28,2025,3,28,Mar,Março,2025-03,Mar/2025,Sexta,Sex,5,13,2025-03-24,24/03 - 30/03/2025,SANTO ANDRÉ,CASA,69610.09
2025-03-28,2025,3,28,Mar,Março,2025-03,Mar/2025,Sexta,Sex,5,13,2025-03-24,24/03 - 30/03/2025,SANTO ANDRÉ,DELIVERY,595.3
2025-03-28,2025,3,28,Mar,Março,2025-03,Mar/2025,Sexta,Sex,5,13,2025-03-24,24/03 - 30/03/2025,TATUAPÉ,CASA,27519.35
2025-03-28,2025,3,28,Mar,Março,2025-03,Mar/2025,Sexta,Sex,5,13,2025-03-24,24/03 - 30/03/2025,TATUAPÉ,DELIVERY,580.61
2025-03-28,2025,3,28,Mar,Março,2025-03,Mar/2025,Sexta,Sex,5,13,2025-03-24,24/03 - 30/03/2025,VILA MADALENA,CASA,6566.99
2025-03-28,2025,3,28,Mar,Março,2025-03,Mar/2025,Sexta,Sex,5,13,2025-03-24,24/03 - 30/03/2025,VILA MADALENA,DELIVERY,1107.1
2025-03-28,2025,3,28,Mar,Março,2025-03,Mar/2025,Sexta,Sex,5,13,2025-03-24,24/03 - 30/03/2025,VILA MARIANA,CASA,24931.94
2025-03-28,2025,3,28,Mar,Março,2025-03,Mar/2025,Sexta,Sex,5,13,2025-03-24,24/03 - 30/03/2025,VILA MARIANA,DELIVERY,2807.5
2025-03-29,2025,3,29,Mar,Março,2025-03,Mar/2025,Sábado,Sáb,6,13,2025-03-24,24/03 - 30/03/2025,CARINAS,CASA,204772.1
2025-03-29,2025,3,29,Mar,Março,2025-03,Mar/2025,Sábado,Sáb,6,13,2025-03-24,24/03 - 30/03/2025,CARINAS,DELIVERY,2199.3
2025-03-29,2025,3,29,Mar,Março,2025-03,Mar/2025,Sábado,Sáb,6,13,2025-03-24,24/03 - 30/03/2025,CHÁCARA,CASA,24439.6
2025-03-29,2025,3,29,Mar,Março,2025-03,Mar/2025,Sábado,Sáb,6,13,2025-03-24,24/03 - 30/03/2025,CHÁCARA,DELIVERY,2961.1
2025-03-29,2025,3,29,Mar,Março,2025-03,Mar/2025,Sábado,Sáb,6,13,2025-03-24,24/03 - 30/03/2025,LAPA,CASA,56561.62
2025-03-29,2025,3,29,Mar,Março,2025-03,Mar/2025,Sábado,Sáb,6,13,2025-03-24,24/03 - 30/03/2025,LAPA,DELIVERY,2364.2
2025-03-29,2025,3,29,Mar,Março,2025-03,Mar/2025,Sábado,Sáb,6,13,2025-03-24,24/03 - 30/03/2025,PAVÃO,CASA,42673.43
2025-03-29,2025,3,29,Mar,Março,2025-03,Mar/2025,Sábado,Sáb,6,13,2025-03-24,24/03 - 30/03/2025,PAVÃO,DELIVERY,3063.88
2025-03-29,2025,3,29,Mar,Março,2025-03,Mar/2025,Sábado,Sáb,6,13,2025-03-24,24/03 - 30/03/2025,PERDIZES,CASA,78130.99
2025-03-29,2025,3,29,Mar,Março,2025-03,Mar/2025,Sábado,Sáb,6,13,2025-03-24,24/03 - 30/03/2025,PERDIZES,DELIVERY,1358.3
2025-03-29,2025,3,29,Mar,Março,2025-03,Mar/2025,Sábado,Sáb,6,13,2025-03-24,24/03 - 30/03/2025,SANTANA,CASA,147166.04
2025-03-29,2025,3,29,Mar,Março,2025-03,Mar/2025,Sábado,Sáb,6,13,2025-03-24,24/03 - 30/03/2025,SANTANA,DELIVERY,3437.3
2025-03-29,2025,3,29,Mar,Março,2025-03,Mar/2025,Sábado,Sáb,6,13,2025-03-24,24/03 - 30/03/2025,SANTO ANDRÉ,CASA,145030.87
2025-03-29,2025,3,29,Mar,Março,2025-03,Mar/2025,Sábado,Sáb,6,13,2025-03-24,24/03 - 30/03/2025,SANTO ANDRÉ,DELIVERY,1479.1
2025-03-29,2025,3,29,Mar,Março,2025-03,Mar/2025,Sábado,Sáb,6,13,2025-03-24,24/03 - 30/03/2025,TATUAPÉ,CASA,180600.92
2025-03-29,2025,3,29,Mar,Março,2025-03,Mar/2025,Sábado,Sáb,6,13,2025-03-24,24/03 - 30/03/2025,TATUAPÉ,DELIVERY,2030.14
2025-03-29,2025,3,29,Mar,Março,2025-03,Mar/2025,Sábado,Sáb,6,13,2025-03-24,24/03 - 30/03/2025,VILA MADALENA,CASA,54157.25
2025-03-29,2025,3,29,Mar,Março,2025-03,Mar/2025,Sábado,Sáb,6,13,2025-03-24,24/03 - 30/03/2025,VILA MADALENA,DELIVERY,1625.8
2025-03-29,2025,3,29,Mar,Março,2025-03,Mar/2025,Sábado,Sáb,6,13,2025-03-24,24/03 - 30/03/2025,VILA MARIANA,CASA,58062.34
2025-03-29,2025,3,29,Mar,Março,2025-03,Mar/2025,Sábado,Sáb,6,13,2025-03-24,24/03 - 30/03/2025,VILA MARIANA,DELIVERY,3205.6
2025-03-30,2025,3,30,Mar,Março,2025-03,Mar/2025,Domingo,Dom,7,13,2025-03-24,24/03 - 30/03/2025,CARINAS,CASA,78591.77
2025-03-30,2025,3,30,Mar,Março,2025-03,Mar/2025,Domingo,Dom,7,13,2025-03-24,24/03 - 30/03/2025,CARINAS,DELIVERY,1844.9
2025-03-30,2025,3,30,Mar,Março,2025-03,Mar/2025,Domingo,Dom,7,13,2025-03-24,24/03 - 30/03/2025,CHÁCARA,CASA,12207.73
2025-03-30,2025,3,30,Mar,Março,2025-03,Mar/2025,Domingo,Dom,7,13,2025-03-24,24/03 - 30/03/2025,CHÁCARA,DELIVERY,2876.0
2025-03-30,2025,3,30,Mar,Março,2025-03,Mar/2025,Domingo,Dom,7,13,2025-03-24,24/03 - 30/03/2025,LAPA,CASA,20855.9
2025-03-30,2025,3,30,Mar,Março,2025-03,Mar/2025,Domingo,Dom,7,13,2025-03-24,24/03 - 30/03/2025,LAPA,DELIVERY,2367.2
2025-03-30,2025,3,30,Mar,Março,2025-03,Mar/2025,Domingo,Dom,7,13,2025-03-24,24/03 - 30/03/2025,PAVÃO,CASA,15445.41
2025-03-30,2025,3,30,Mar,Março,2025-03,Mar/2025,Domingo,Dom,7,13,2025-03-24,24/03 - 30/03/2025,PAVÃO,DELIVERY,2228.51
2025-03-30,2025,3,30,Mar,Março,2025-03,Mar/2025,Domingo,Dom,7,13,2025-03-24,24/03 - 30/03/2025,PERDIZES,CASA,19492.67
2025-03-30,2025,3,30,Mar,Março,2025-03,Mar/2025,Domingo,Dom,7,13,2025-03-24,24/03 - 30/03/2025,PERDIZES,DELIVERY,3021.6
2025-03-30,2025,3,30,Mar,Março,2025-03,Mar/2025,Domingo,Dom,7,13,2025-03-24,24/03 - 30/03/2025,SANTANA,CASA,51148.67
2025-03-30,2025,3,30,Mar,Março,2025-03,Mar/2025,Domingo,Dom,7,13,2025-03-24,24/03 - 30/03/2025,SANTANA,DELIVERY,4590.2
2025-03-30,2025,3,30,Mar,Março,2025-03,Mar/2025,Domingo,Dom,7,13,2025-03-24,24/03 - 30/03/2025,SANTO ANDRÉ,CASA,50746.69
2025-03-30,2025,3,30,Mar,Março,2025-03,Mar/2025,Domingo,Dom,7,13,2025-03-24,24/03 - 30/03/2025,SANTO ANDRÉ,DELIVERY,1054.6
2025-03-30,2025,3,30,Mar,Março,2025-03,Mar/2025,Domingo,Dom,7,13,2025-03-24,24/03 - 30/03/2025,TATUAPÉ,CASA,55114.47
2025-03-30,2025,3,30,Mar,Março,2025-03,Mar/2025,Domingo,Dom,7,13,2025-03-24,24/03 - 30/03/2025,TATUAPÉ,DELIVERY,2303.85
2025-03-30,2025,3,30,Mar,Março,2025-03,Mar/2025,Domingo,Dom,7,13,2025-03-24,24/03 - 30/03/2025,VILA MADALENA,CASA,22896.65
2025-03-30,2025,3,30,Mar,Março,2025-03,Mar/2025,Domingo,Dom,7,13,2025-03-24,24/03 - 30/03/2025,VILA MADALENA,DELIVERY,1964.4
2025-03-30,2025,3,30,Mar,Março,2025-03,Mar/2025,Domingo,Dom,7,13,2025-03-24,24/03 - 30/03/2025,VILA MARIANA,CASA,26710.66
2025-03-30,2025,3,30,Mar,Março,2025-03,Mar/2025,Domingo,Dom,7,13,2025-03-24,24/03 - 30/03/2025,VILA MARIANA,DELIVERY,3122.6
2025-03-31,2025,3,31,Mar,Março,2025-03,Mar/2025,Segunda,Seg,1,14,2025-03-31,31/03 - 06/04/2025,TATUAPÉ,CASA,23145.99
2025-04-01,2025,4,1,Abr,Abril,2025-04,Abr/2025,Terça,Ter,2,14,2025-03-31,31/03 - 06/04/2025,CARINAS,CASA,39069.15
2025-04-01,2025,4,1,Abr,Abril,2025-04,Abr/2025,Terça,Ter,2,14,2025-03-31,31/03 - 06/04/2025,CHÁCARA,CASA,3823.31
2025-04-01,2025,4,1,Abr,Abril,2025-04,Abr/2025,Terça,Ter,2,14,2025-03-31,31/03 - 06/04/2025,LAPA,CASA,6773.69
2025-04-01,2025,4,1,Abr,Abril,2025-04,Abr/2025,Terça,Ter,2,14,2025-03-31,31/03 - 06/04/2025,LAPA,DELIVERY,48.6
2025-04-01,2025,4,1,Abr,Abril,2025-04,Abr/2025,Terça,Ter,2,14,2025-03-31,31/03 - 06/04/2025,PAVÃO,CASA,2482.86
2025-04-01,2025,4,1,Abr,Abril,2025-04,Abr/2025,Terça,Ter,2,14,2025-03-31,31/03 - 06/04/2025,PERDIZES,CASA,15477.73
2025-04-01,2025,4,1,Abr,Abril,2025-04,Abr/2025,Terça,Ter,2,14,2025-03-31,31/03 - 06/04/2025,SANTANA,CASA,26643.86
2025-04-01,2025,4,1,Abr,Abril,2025-04,Abr/2025,Terça,Ter,2,14,2025-03-31,31/03 - 06/04/2025,TATUAPÉ,CASA,7725.15
2025-04-01,2025,4,1,Abr,Abril,2025-04,Abr/2025,Terça,Ter,2,14,2025-03-31,31/03 - 06/04/2025,VILA MADALENA,CASA,1300.02
2025-04-01,2025,4,1,Abr,Abril,2025-04,Abr/2025,Terça,Ter,2,14,2025-03-31,31/03 - 06/04/2025,VILA MADALENA,DELIVERY,426.3
2025-04-01,2025,4,1,Abr,Abril,2025-04,Abr/2025,Terça,Ter,2,14,2025-03-31,31/03 - 06/04/2025,VILA MARIANA,CASA,12536.26
2025-04-02,2025,4,2,Abr,Abril,2025-04,Abr/2025,Quarta,Qua,3,14,2025-03-31,31/03 - 06/04/2025,CARINAS,CASA,27655.03
2025-04-02,2025,4,2,Abr,Abril,2025-04,Abr/2025,Quarta,Qua,3,14,2025-03-31,31/03 - 06/04/2025,CARINAS,DELIVERY,816.0
2025-04-02,2025,4,2,Abr,Abril,2025-04,Abr/2025,Quarta,Qua,3,14,2025-03-31,31/03 - 06/04/2025,CHÁCARA,CASA,20132.34
2025-04-02,2025,4,2,Abr,Abril,2025-04,Abr/2025,Quarta,Qua,3,14,2025-03-31,31/03 - 06/04/2025,CHÁCARA,DELIVERY,1256.4
2025-04-02,2025,4,2,Abr,Abril,2025-04,Abr/2025,Quarta,Qua,3,14,2025-03-31,31/03 - 06/04/2025,LAPA,CASA,6183.42
2025-04-02,2025,4,2,Abr,Abril,2025-04,Abr/2025,Quarta,Qua,3,14,2025-03-31,31/03 - 06/04/2025,LAPA,DELIVERY,432.1
2025-04-02,2025,4,2,Abr,Abril,2025-04,Abr/2025,Quarta,Qua,3,14,2025-03-31,31/03 - 06/04/2025,PAVÃO,CASA,3677.29
2025-04-02,2025,4,2,Abr,Abril,2025-04,Abr/2025,Quarta,Qua,3,14,2025-03-31,31/03 - 06/04/2025,PAVÃO,DELIVERY,665.15
2025-04-02,2025,4,2,Abr,Abril,2025-04,Abr/2025,Quarta,Qua,3,14,2025-03-31,31/03 - 06/04/2025,PERDIZES,CASA,7395.57
2025-04-02,2025,4,2,Abr,Abril,2025-04,Abr/2025,Quarta,Qua,3,14,2025-03-31,31/03 - 06/04/2025,PERDIZES,DELIVERY,582.2
2025-04-02,2025,4,2,Abr,Abril,2025-04,Abr/2025,Quarta,Qua,3,14,2025-03-31,31/03 - 06/04/2025,SANTANA,CASA,12428.88
2025-04-02,2025,4,2,Abr,Abril,2025-04,Abr/2025,Quarta,Qua,3,14,2025-03-31,31/03 - 06/04/2025,SANTANA,DELIVERY,1405.5
2025-04-02,2025,4,2,Abr,Abril,2025-04,Abr/2025,Quarta,Qua,3,14,2025-03-31,31/03 - 06/04/2025,SANTO ANDRÉ,CASA,6057.19
2025-04-02,2025,4,2,Abr,Abril,2025-04,Abr/2025,Quarta,Qua,3,14,2025-03-31,31/03 - 06/04/2025,SANTO ANDRÉ,DELIVERY,82.4
2025-04-02,2025,4,2,Abr,Abril,2025-04,Abr/2025,Quarta,Qua,3,14,2025-03-31,31/03 - 06/04/2025,TATUAPÉ,CASA,9952.89
2025-04-02,2025,4,2,Abr,Abril,2025-04,Abr/2025,Quarta,Qua,3,14,2025-03-31,31/03 - 06/04/2025,TATUAPÉ,DELIVERY,1252.18
2025-04-02,2025,4,2,Abr,Abril,2025-04,Abr/2025,Quarta,Qua,3,14,2025-03-31,31/03 - 06/04/2025,VILA MADALENA,CASA,5632.15
2025-04-02,2025,4,2,Abr,Abril,2025-04,Abr/2025,Quarta,Qua,3,14,2025-03-31,31/03 - 06/04/2025,VILA MADALENA,DELIVERY,488.6
2025-04-02,2025,4,2,Abr,Abril,2025-04,Abr/2025,Quarta,Qua,3,14,2025-03-31,31/03 - 06/04/2025,VILA MARIANA,CASA,11482.64
2025-04-02,2025,4,2,Abr,Abril,2025-04,Abr/2025,Quarta,Qua,3,14,2025-03-31,31/03 - 06/04/2025,VILA MARIANA,DELIVERY,983.9
2025-04-03,2025,4,3,Abr,Abril,2025-04,Abr/2025,Quinta,Qui,4,14,2025-03-31,31/03 - 06/04/2025,CARINAS,CASA,40005.22
2025-04-03,2025,4,3,Abr,Abril,2025-04,Abr/2025,Quinta,Qui,4,14,2025-03-31,31/03 - 06/04/2025,CARINAS,DELIVERY,730.7
2025-04-03,2025,4,3,Abr,Abril,2025-04,Abr/2025,Quinta,Qui,4,14,2025-03-31,31/03 - 06/04/2025,CHÁCARA,CASA,9309.82
2025-04-03,2025,4,3,Abr,Abril,2025-04,Abr/2025,Quinta,Qui,4,14,2025-03-31,31/03 - 06/04/2025,CHÁCARA,DELIVERY,887.6
2025-04-03,2025,4,3,Abr,Abril,2025-04,Abr/2025,Quinta,Qui,4,14,2025-03-31,31/03 - 06/04/2025,LAPA,CASA,13943.52
2025-04-03,2025,4,3,Abr,Abril,2025-04,Abr/2025,Quinta,Qui,4,14,2025-03-31,31/03 - 06/04/2025,LAPA,DELIVERY,187.1
2025-04-03,2025,4,3,Abr,Abril,2025-04,Abr/2025,Quinta,Qui,4,14,2025-03-31,31/03 - 06/04/2025,PAVÃO,CASA,49858.8
2025-04-03,2025,4,3,Abr,Abril,2025-04,Abr/2025,Quinta,Qui,4,14,2025-03-31,31/03 - 06/04/2025,PAVÃO,DELIVERY,986.36
2025-04-03,2025,4,3,Abr,Abril,2025-04,Abr/2025,Quinta,Qui,4,14,2025-03-31,31/03 - 06/04/2025,PERDIZES,CASA,26785.72
2025-04-03,2025,4,3,Abr,Abril,2025-04,Abr/2025,Quinta,Qui,4,14,2025-03-31,31/03 - 06/04/2025,PERDIZES,DELIVERY,1420.1
2025-04-03,2025,4,3,Abr,Abril,2025-04,Abr/2025,Quinta,Qui,4,14,2025-03-31,31/03 - 06/04/2025,SANTANA,CASA,56624.62
2025-04-03,2025,4,3,Abr,Abril,2025-04,Abr/2025,Quinta,Qui,4,14,2025-03-31,31/03 - 06/04/2025,SANTANA,DELIVERY,1988.1
2025-04-03,2025,4,3,Abr,Abril,2025-04,Abr/2025,Quinta,Qui,4,14,2025-03-31,31/03 - 06/04/2025,SANTO ANDRÉ,CASA,19341.22
2025-04-03,2025,4,3,Abr,Abril,2025-04,Abr/2025,Quinta,Qui,4,14,2025-03-31,31/03 - 06/04/2025,SANTO ANDRÉ,DELIVERY,620.1
2025-04-03,2025,4,3,Abr,Abril,2025-04,Abr/2025,Quinta,Qui,4,14,2025-03-31,31/03 - 06/04/2025,TATUAPÉ,CASA,8299.7
2025-04-03,2025,4,3,Abr,Abril,2025-04,Abr/2025,Quinta,Qui,4,14,2025-03-31,31/03 - 06/04/2025,TATUAPÉ,DELIVERY,948.22
2025-04-03,2025,4,3,Abr,Abril,2025-04,Abr/2025,Quinta,Qui,4,14,2025-03-31,31/03 - 06/04/2025,VILA MADALENA,CASA,34010.75
2025-04-03,2025,4,3,Abr,Abril,2025-04,Abr/2025,Quinta,Qui,4,14,2025-03-31,31/03 - 06/04/2025,VILA MARIANA,CASA,16319.56
2025-04-03,2025,4,3,Abr,Abril,2025-04,Abr/2025,Quinta,Qui,4,14,2025-03-31,31/03 - 06/04/2025,VILA MARIANA,DELIVERY,915.4
2025-04-04,2025,4,4,Abr,Abril,2025-04,Abr/2025,Sexta,Sex,5,14,2025-03-31,31/03 - 06/04/2025,CARINAS,CASA,53584.29
2025-04-04,2025,4,4,Abr,Abril,2025-04,Abr/2025,Sexta,Sex,5,14,2025-03-31,31/03 - 06/04/2025,CARINAS,DELIVERY,878.4
2025-04-04,2025,4,4,Abr,Abril,2025-04,Abr/2025,Sexta,Sex,5,14,2025-03-31,31/03 - 06/04/2025,CHÁCARA,CASA,5089.78
2025-04-04,2025,4,4,Abr,Abril,2025-04,Abr/2025,Sexta,Sex,5,14,2025-03-31,31/03 - 06/04/2025,CHÁCARA,DELIVERY,379.5
2025-04-04,2025,4,4,Abr,Abril,2025-04,Abr/2025,Sexta,Sex,5,14,2025-03-31,31/03 - 06/04/2025,LAPA,CASA,21723.65
2025-04-04,2025,4,4,Abr,Abril,2025-04,Abr/2025,Sexta,Sex,5,14,2025-03-31,31/03 - 06/04/2025,PAVÃO,CASA,5478.22
2025-04-04,2025,4,4,Abr,Abril,2025-04,Abr/2025,Sexta,Sex,5,14,2025-03-31,31/03 - 06/04/2025,PAVÃO,DELIVERY,857.51
2025-04-04,2025,4,4,Abr,Abril,2025-04,Abr/2025,Sexta,Sex,5,14,2025-03-31,31/03 - 06/04/2025,PERDIZES,CASA,16748.31
2025-04-04,2025,4,4,Abr,Abril,2025-04,Abr/2025,Sexta,Sex,5,14,2025-03-31,31/03 - 06/04/2025,PERDIZES,DELIVERY,1091.0
2025-04-04,2025,4,4,Abr,Abril,2025-04,Abr/2025,Sexta,Sex,5,14,2025-03-31,31/03 - 06/04/2025,SANTANA,CASA,30570.91
2025-04-04,2025,4,4,Abr,Abril,2025-04,Abr/2025,Sexta,Sex,5,14,2025-03-31,31/03 - 06/04/2025,SANTANA,DELIVERY,2230.1
2025-04-04,2025,4,4,Abr,Abril,2025-04,Abr/2025,Sexta,Sex,5,14,2025-03-31,31/03 - 06/04/2025,SANTO ANDRÉ,CASA,124452.26
2025-04-04,2025,4,4,Abr,Abril,2025-04,Abr/2025,Sexta,Sex,5,14,2025-03-31,31/03 - 06/04/2025,SANTO ANDRÉ,DELIVERY,678.4
2025-04-04,2025,4,4,Abr,Abril,2025-04,Abr/2025,Sexta,Sex,5,14,2025-03-31,31/03 - 06/04/2025,TATUAPÉ,CASA,20424.29
2025-04-04,2025,4,4,Abr,Abril,2025-04,Abr/2025,Sexta,Sex,5,14,2025-03-31,31/03 - 06/04/2025,TATUAPÉ,DELIVERY,1299.79
2025-04-04,2025,4,4,Abr,Abril,2025-04,Abr/2025,Sexta,Sex,5,14,2025-03-31,31/03 - 06/04/2025,VILA MADALENA,CASA,5388.95
2025-04-04,2025,4,4,Abr,Abril,2025-04,Abr/2025,Sexta,Sex,5,14,2025-03-31,31/03 - 06/04/2025,VILA MADALENA,DELIVERY,892.5
2025-04-04,2025,4,4,Abr,Abril,2025-04,Abr/2025,Sexta,Sex,5,14,2025-03-31,31/03 - 06/04/2025,VILA MARIANA,CASA,32380.74
2025-04-04,2025,4,4,Abr,Abril,2025-04,Abr/2025,Sexta,Sex,5,14,2025-03-31,31/03 - 06/04/2025,VILA MARIANA,DELIVERY,515.8
2025-04-05,2025,4,5,Abr,Abril,2025-04,Abr/2025,Sábado,Sáb,6,14,2025-03-31,31/03 - 06/04/2025,CARINAS,CASA,210816.48
2025-04-05,2025,4,5,Abr,Abril,2025-04,Abr/2025,Sábado,Sáb,6,14,2025-03-31,31/03 - 06/04/2025,CARINAS,DELIVERY,1763.3
2025-04-05,2025,4,5,Abr,Abril,2025-04,Abr/2025,Sábado,Sáb,6,14,2025-03-31,31/03 - 06/04/2025,CHÁCARA,CASA,19025.71
2025-04-05,2025,4,5,Abr,Abril,2025-04,Abr/2025,Sábado,Sáb,6,14,2025-03-31,31/03 - 06/04/2025,CHÁCARA,DELIVERY,1270.6
2025-04-05,2025,4,5,Abr,Abril,2025-04,Abr/2025,Sábado,Sáb,6,14,2025-03-31,31/03 - 06/04/2025,LAPA,CASA,62259.93
2025-04-05,2025,4,5,Abr,Abril,2025-04,Abr/2025,Sábado,Sáb,6,14,2025-03-31,31/03 - 06/04/2025,LAPA,DELIVERY,1584.2
2025-04-05,2025,4,5,Abr,Abril,2025-04,Abr/2025,Sábado,Sáb,6,14,2025-03-31,31/03 - 06/04/2025,PAVÃO,CASA,39696.03
2025-04-05,2025,4,5,Abr,Abril,2025-04,Abr/2025,Sábado,Sáb,6,14,2025-03-31,31/03 - 06/04/2025,PAVÃO,DELIVERY,2175.12
2025-04-05,2025,4,5,Abr,Abril,2025-04,Abr/2025,Sábado,Sáb,6,14,2025-03-31,31/03 - 06/04/2025,PERDIZES,CASA,71370.63
2025-04-05,2025,4,5,Abr,Abril,2025-04,Abr/2025,Sábado,Sáb,6,14,2025-03-31,31/03 - 06/04/2025,PERDIZES,DELIVERY,1725.0
2025-04-05,2025,4,5,Abr,Abril,2025-04,Abr/2025,Sábado,Sáb,6,14,2025-03-31,31/03 - 06/04/2025,SANTANA,CASA,130199.13
2025-04-05,2025,4,5,Abr,Abril,2025-04,Abr/2025,Sábado,Sáb,6,14,2025-03-31,31/03 - 06/04/2025,SANTANA,DELIVERY,3950.7
2025-04-05,2025,4,5,Abr,Abril,2025-04,Abr/2025,Sábado,Sáb,6,14,2025-03-31,31/03 - 06/04/2025,SANTO ANDRÉ,CASA,171873.19
2025-04-05,2025,4,5,Abr,Abril,2025-04,Abr/2025,Sábado,Sáb,6,14,2025-03-31,31/03 - 06/04/2025,SANTO ANDRÉ,DELIVERY,176.1
2025-04-05,2025,4,5,Abr,Abril,2025-04,Abr/2025,Sábado,Sáb,6,14,2025-03-31,31/03 - 06/04/2025,TATUAPÉ,CASA,168793.28
2025-04-05,2025,4,5,Abr,Abril,2025-04,Abr/2025,Sábado,Sáb,6,14,2025-03-31,31/03 - 06/04/2025,TATUAPÉ,DELIVERY,3696.66
2025-04-05,2025,4,5,Abr,Abril,2025-04,Abr/2025,Sábado,Sáb,6,14,2025-03-31,31/03 - 06/04/2025,VILA MADALENA,CASA,46550.39
2025-04-05,2025,4,5,Abr,Abril,2025-04,Abr/2025,Sábado,Sáb,6,14,2025-03-31,31/03 - 06/04/2025,VILA MADALENA,DELIVERY,440.1
2025-04-05,2025,4,5,Abr,Abril,2025-04,Abr/2025,Sábado,Sáb,6,14,2025-03-31,31/03 - 06/04/2025,VILA MARIANA,CASA,56632.82
2025-04-05,2025,4,5,Abr,Abril,2025-04,Abr/2025,Sábado,Sáb,6,14,2025-03-31,31/03 - 06/04/2025,VILA MARIANA,DELIVERY,3014.0
2025-04-06,2025,4,6,Abr,Abril,2025-04,Abr/2025,Domingo,Dom,7,14,2025-03-31,31/03 - 06/04/2025,CARINAS,CASA,98265.55
2025-04-06,2025,4,6,Abr,Abril,2025-04,Abr/2025,Domingo,Dom,7,14,2025-03-31,31/03 - 06/04/2025,CARINAS,DELIVERY,1837.3
2025-04-06,2025,4,6,Abr,Abril,2025-04,Abr/2025,Domingo,Dom,7,14,2025-03-31,31/03 - 06/04/2025,CHÁCARA,CASA,12969.92
2025-04-06,2025,4,6,Abr,Abril,2025-04,Abr/2025,Domingo,Dom,7,14,2025-03-31,31/03 - 06/04/2025,CHÁCARA,DELIVERY,2425.0
2025-04-06,2025,4,6,Abr,Abril,2025-04,Abr/2025,Domingo,Dom,7,14,2025-03-31,31/03 - 06/04/2025,LAPA,CASA,26692.39
2025-04-06,2025,4,6,Abr,Abril,2025-04,Abr/2025,Domingo,Dom,7,14,2025-03-31,31/03 - 06/04/2025,LAPA,DELIVERY,2258.2
2025-04-06,2025,4,6,Abr,Abril,2025-04,Abr/2025,Domingo,Dom,7,14,2025-03-31,31/03 - 06/04/2025,PAVÃO,CASA,13730.53
2025-04-06,2025,4,6,Abr,Abril,2025-04,Abr/2025,Domingo,Dom,7,14,2025-03-31,31/03 - 06/04/2025,PAVÃO,DELIVERY,2311.89
2025-04-06,2025,4,6,Abr,Abril,2025-04,Abr/2025,Domingo,Dom,7,14,2025-03-31,31/03 - 06/04/2025,PERDIZES,CASA,26009.56
2025-04-06,2025,4,6,Abr,Abril,2025-04,Abr/2025,Domingo,Dom,7,14,2025-03-31,31/03 - 06/04/2025,PERDIZES,DELIVERY,1101.1
2025-04-06,2025,4,6,Abr,Abril,2025-04,Abr/2025,Domingo,Dom,7,14,2025-03-31,31/03 - 06/04/2025,SANTANA,CASA,54406.49
2025-04-06,2025,4,6,Abr,Abril,2025-04,Abr/2025,Domingo,Dom,7,14,2025-03-31,31/03 - 06/04/2025,SANTANA,DELIVERY,3246.8
2025-04-06,2025,4,6,Abr,Abril,2025-04,Abr/2025,Domingo,Dom,7,14,2025-03-31,31/03 - 06/04/2025,SANTO ANDRÉ,CASA,123642.09
2025-04-06,2025,4,6,Abr,Abril,2025-04,Abr/2025,Domingo,Dom,7,14,2025-03-31,31/03 - 06/04/2025,SANTO ANDRÉ,DELIVERY,1826.2
2025-04-06,2025,4,6,Abr,Abril,2025-04,Abr/2025,Domingo,Dom,7,14,2025-03-31,31/03 - 06/04/2025,TATUAPÉ,CASA,72769.26
2025-04-06,2025,4,6,Abr,Abril,2025-04,Abr/2025,Domingo,Dom,7,14,2025-03-31,31/03 - 06/04/2025,TATUAPÉ,DELIVERY,2119.19
2025-04-06,2025,4,6,Abr,Abril,2025-04,Abr/2025,Domingo,Dom,7,14,2025-03-31,31/03 - 06/04/2025,VILA MADALENA,CASA,7818.96
2025-04-06,2025,4,6,Abr,Abril,2025-04,Abr/2025,Domingo,Dom,7,14,2025-03-31,31/03 - 06/04/2025,VILA MADALENA,DELIVERY,2628.6
2025-04-06,2025,4,6,Abr,Abril,2025-04,Abr/2025,Domingo,Dom,7,14,2025-03-31,31/03 - 06/04/2025,VILA MARIANA,CASA,32858.72
2025-04-06,2025,4,6,Abr,Abril,2025-04,Abr/2025,Domingo,Dom,7,14,2025-03-31,31/03 - 06/04/2025,VILA MARIANA,DELIVERY,3012.2
2025-04-07,2025,4,7,Abr,Abril,2025-04,Abr/2025,Segunda,Seg,1,15,2025-04-07,07/04 - 13/04/2025,CARINAS,CASA,60358.6
2025-04-07,2025,4,7,Abr,Abril,2025-04,Abr/2025,Segunda,Seg,1,15,2025-04-07,07/04 - 13/04/2025,TATUAPÉ,CASA,36350.97
2025-04-08,2025,4,8,Abr,Abril,2025-04,Abr/2025,Terça,Ter,2,15,2025-04-07,07/04 - 13/04/2025,CARINAS,CASA,19432.46
2025-04-08,2025,4,8,Abr,Abril,2025-04,Abr/2025,Terça,Ter,2,15,2025-04-07,07/04 - 13/04/2025,CARINAS,DELIVERY,1104.8
2025-04-08,2025,4,8,Abr,Abril,2025-04,Abr/2025,Terça,Ter,2,15,2025-04-07,07/04 - 13/04/2025,CHÁCARA,CASA,4903.64
2025-04-08,2025,4,8,Abr,Abril,2025-04,Abr/2025,Terça,Ter,2,15,2025-04-07,07/04 - 13/04/2025,CHÁCARA,DELIVERY,1051.9
2025-04-08,2025,4,8,Abr,Abril,2025-04,Abr/2025,Terça,Ter,2,15,2025-04-07,07/04 - 13/04/2025,LAPA,CASA,6163.03
2025-04-08,2025,4,8,Abr,Abril,2025-04,Abr/2025,Terça,Ter,2,15,2025-04-07,07/04 - 13/04/2025,LAPA,DELIVERY,425.7
2025-04-08,2025,4,8,Abr,Abril,2025-04,Abr/2025,Terça,Ter,2,15,2025-04-07,07/04 - 13/04/2025,PAVÃO,CASA,5777.11
2025-04-08,2025,4,8,Abr,Abril,2025-04,Abr/2025,Terça,Ter,2,15,2025-04-07,07/04 - 13/04/2025,PAVÃO,DELIVERY,1514.65
2025-04-08,2025,4,8,Abr,Abril,2025-04,Abr/2025,Terça,Ter,2,15,2025-04-07,07/04 - 13/04/2025,PERDIZES,CASA,4638.65
2025-04-08,2025,4,8,Abr,Abril,2025-04,Abr/2025,Terça,Ter,2,15,2025-04-07,07/04 - 13/04/2025,PERDIZES,DELIVERY,870.4
2025-04-08,2025,4,8,Abr,Abril,2025-04,Abr/2025,Terça,Ter,2,15,2025-04-07,07/04 - 13/04/2025,SANTANA,CASA,14068.28
2025-04-08,2025,4,8,Abr,Abril,2025-04,Abr/2025,Terça,Ter,2,15,2025-04-07,07/04 - 13/04/2025,SANTANA,DELIVERY,730.2
2025-04-08,2025,4,8,Abr,Abril,2025-04,Abr/2025,Terça,Ter,2,15,2025-04-07,07/04 - 13/04/2025,TATUAPÉ,CASA,19638.95
2025-04-08,2025,4,8,Abr,Abril,2025-04,Abr/2025,Terça,Ter,2,15,2025-04-07,07/04 - 13/04/2025,TATUAPÉ,DELIVERY,661.46
2025-04-08,2025,4,8,Abr,Abril,2025-04,Abr/2025,Terça,Ter,2,15,2025-04-07,07/04 - 13/04/2025,VILA MADALENA,CASA,13564.38
2025-04-08,2025,4,8,Abr,Abril,2025-04,Abr/2025,Terça,Ter,2,15,2025-04-07,07/04 - 13/04/2025,VILA MADALENA,DELIVERY,578.0
2025-04-08,2025,4,8,Abr,Abril,2025-04,Abr/2025,Terça,Ter,2,15,2025-04-07,07/04 - 13/04/2025,VILA MARIANA,CASA,8454.88
2025-04-08,2025,4,8,Abr,Abril,2025-04,Abr/2025,Terça,Ter,2,15,2025-04-07,07/04 - 13/04/2025,VILA MARIANA,DELIVERY,1001.8
2025-04-09,2025,4,9,Abr,Abril,2025-04,Abr/2025,Quarta,Qua,3,15,2025-04-07,07/04 - 13/04/2025,CARINAS,CASA,62246.82
2025-04-09,2025,4,9,Abr,Abril,2025-04,Abr/2025,Quarta,Qua,3,15,2025-04-07,07/04 - 13/04/2025,CARINAS,DELIVERY,1117.5
2025-04-09,2025,4,9,Abr,Abril,2025-04,Abr/2025,Quarta,Qua,3,15,2025-04-07,07/04 - 13/04/2025,CHÁCARA,CASA,7119.31
2025-04-09,2025,4,9,Abr,Abril,2025-04,Abr/2025,Quarta,Qua,3,15,2025-04-07,07/04 - 13/04/2025,CHÁCARA,DELIVERY,338.2
2025-04-09,2025,4,9,Abr,Abril,2025-04,Abr/2025,Quarta,Qua,3,15,2025-04-07,07/04 - 13/04/2025,LAPA,CASA,4885.34
2025-04-09,2025,4,9,Abr,Abril,2025-04,Abr/2025,Quarta,Qua,3,15,2025-04-07,07/04 - 13/04/2025,LAPA,DELIVERY,851.1
2025-04-09,2025,4,9,Abr,Abril,2025-04,Abr/2025,Quarta,Qua,3,15,2025-04-07,07/04 - 13/04/2025,PAVÃO,CASA,10888.87
2025-04-09,2025,4,9,Abr,Abril,2025-04,Abr/2025,Quarta,Qua,3,15,2025-04-07,07/04 - 13/04/2025,PAVÃO,DELIVERY,1094.79
2025-04-09,2025,4,9,Abr,Abril,2025-04,Abr/2025,Quarta,Qua,3,15,2025-04-07,07/04 - 13/04/2025,PERDIZES,CASA,18475.12
2025-04-09,2025,4,9,Abr,Abril,2025-04,Abr/2025,Quarta,Qua,3,15,2025-04-07,07/04 - 13/04/2025,PERDIZES,DELIVERY,638.5
2025-04-09,2025,4,9,Abr,Abril,2025-04,Abr/2025,Quarta,Qua,3,15,2025-04-07,07/04 - 13/04/2025,SANTANA,CASA,9928.56
2025-04-09,2025,4,9,Abr,Abril,2025-04,Abr/2025,Quarta,Qua,3,15,2025-04-07,07/04 - 13/04/2025,SANTANA,DELIVERY,727.8
2025-04-09,2025,4,9,Abr,Abril,2025-04,Abr/2025,Quarta,Qua,3,15,2025-04-07,07/04 - 13/04/2025,SANTO ANDRÉ,CASA,24541.34
2025-04-09,2025,4,9,Abr,Abril,2025-04,Abr/2025,Quarta,Qua,3,15,2025-04-07,07/04 - 13/04/2025,SANTO ANDRÉ,DELIVERY,526.3
2025-04-09,2025,4,9,Abr,Abril,2025-04,Abr/2025,Quarta,Qua,3,15,2025-04-07,07/04 - 13/04/2025,TATUAPÉ,CASA,6118.66
2025-04-09,2025,4,9,Abr,Abril,2025-04,Abr/2025,Quarta,Qua,3,15,2025-04-07,07/04 - 13/04/2025,TATUAPÉ,DELIVERY,784.26
2025-04-09,2025,4,9,Abr,Abril,2025-04,Abr/2025,Quarta,Qua,3,15,2025-04-07,07/04 - 13/04/2025,VILA MADALENA,CASA,5866.0
2025-04-09,2025,4,9,Abr,Abril,2025-04,Abr/2025,Quarta,Qua,3,15,2025-04-07,07/04 - 13/04/2025,VILA MADALENA,DELIVERY,755.7
2025-04-09,2025,4,9,Abr,Abril,2025-04,Abr/2025,Quarta,Qua,3,15,2025-04-07,07/04 - 13/04/2025,VILA MARIANA,CASA,16301.69
2025-04-09,2025,4,9,Abr,Abril,2025-04,Abr/2025,Quarta,Qua,3,15,2025-04-07,07/04 - 13/04/2025,VILA MARIANA,DELIVERY,1049.0
2025-04-10,2025,4,10,Abr,Abril,2025-04,Abr/2025,Quinta,Qui,4,15,2025-04-07,07/04 - 13/04/2025,CARINAS,CASA,36969.18
2025-04-10,2025,4,10,Abr,Abril,2025-04,Abr/2025,Quinta,Qui,4,15,2025-04-07,07/04 - 13/04/2025,CARINAS,DELIVERY,411.8
2025-04-10,2025,4,10,Abr,Abril,2025-04,Abr/2025,Quinta,Qui,4,15,2025-04-07,07/04 - 13/04/2025,CHÁCARA,CASA,20608.41
2025-04-10,2025,4,10,Abr,Abril,2025-04,Abr/2025,Quinta,Qui,4,15,2025-04-07,07/04 - 13/04/2025,CHÁCARA,DELIVERY,788.5
2025-04-10,2025,4,10,Abr,Abril,2025-04,Abr/2025,Quinta,Qui,4,15,2025-04-07,07/04 - 13/04/2025,LAPA,CASA,8812.11
2025-04-10,2025,4,10,Abr,Abril,2025-04,Abr/2025,Quinta,Qui,4,15,2025-04-07,07/04 - 13/04/2025,LAPA,DELIVERY,1311.3
2025-04-10,2025,4,10,Abr,Abril,2025-04,Abr/2025,Quinta,Qui,4,15,2025-04-07,07/04 - 13/04/2025,PAVÃO,CASA,5807.14
2025-04-10,2025,4,10,Abr,Abril,2025-04,Abr/2025,Quinta,Qui,4,15,2025-04-07,07/04 - 13/04/2025,PAVÃO,DELIVERY,1041.39
2025-04-10,2025,4,10,Abr,Abril,2025-04,Abr/2025,Quinta,Qui,4,15,2025-04-07,07/04 - 13/04/2025,PERDIZES,CASA,10811.21
2025-04-10,2025,4,10,Abr,Abril,2025-04,Abr/2025,Quinta,Qui,4,15,2025-04-07,07/04 - 13/04/2025,PERDIZES,DELIVERY,567.5
2025-04-10,2025,4,10,Abr,Abril,2025-04,Abr/2025,Quinta,Qui,4,15,2025-04-07,07/04 - 13/04/2025,SANTANA,CASA,15117.28
2025-04-10,2025,4,10,Abr,Abril,2025-04,Abr/2025,Quinta,Qui,4,15,2025-04-07,07/04 - 13/04/2025,SANTANA,DELIVERY,964.4
2025-04-10,2025,4,10,Abr,Abril,2025-04,Abr/2025,Quinta,Qui,4,15,2025-04-07,07/04 - 13/04/2025,SANTO ANDRÉ,CASA,27946.76
2025-04-10,2025,4,10,Abr,Abril,2025-04,Abr/2025,Quinta,Qui,4,15,2025-04-07,07/04 - 13/04/2025,SANTO ANDRÉ,DELIVERY,379.0
2025-04-10,2025,4,10,Abr,Abril,2025-04,Abr/2025,Quinta,Qui,4,15,2025-04-07,07/04 - 13/04/2025,TATUAPÉ,CASA,17027.82
2025-04-10,2025,4,10,Abr,Abril,2025-04,Abr/2025,Quinta,Qui,4,15,2025-04-07,07/04 - 13/04/2025,TATUAPÉ,DELIVERY,1205.98
2025-04-10,2025,4,10,Abr,Abril,2025-04,Abr/2025,Quinta,Qui,4,15,2025-04-07,07/04 - 13/04/2025,VILA MADALENA,CASA,42945.6
2025-04-10,2025,4,10,Abr,Abril,2025-04,Abr/2025,Quinta,Qui,4,15,2025-04-07,07/04 - 13/04/2025,VILA MADALENA,DELIVERY,79.8
2025-04-10,2025,4,10,Abr,Abril,2025-04,Abr/2025,Quinta,Qui,4,15,2025-04-07,07/04 - 13/04/2025,VILA MARIANA,CASA,19690.58
2025-04-10,2025,4,10,Abr,Abril,2025-04,Abr/2025,Quinta,Qui,4,15,2025-04-07,07/04 - 13/04/2025,VILA MARIANA,DELIVERY,880.7
2025-04-11,2025,4,11,Abr,Abril,2025-04,Abr/2025,Sexta,Sex,5,15,2025-04-07,07/04 - 13/04/2025,CARINAS,CASA,56563.56
2025-04-11,2025,4,11,Abr,Abril,2025-04,Abr/2025,Sexta,Sex,5,15,2025-04-07,07/04 - 13/04/2025,CARINAS,DELIVERY,534.2
2025-04-11,2025,4,11,Abr,Abril,2025-04,Abr/2025,Sexta,Sex,5,15,2025-04-07,07/04 - 13/04/2025,CHÁCARA,CASA,1927.22
2025-04-11,2025,4,11,Abr,Abril,2025-04,Abr/2025,Sexta,Sex,5,15,2025-04-07,07/04 - 13/04/2025,CHÁCARA,DELIVERY,725.2
2025-04-11,2025,4,11,Abr,Abril,2025-04,Abr/2025,Sexta,Sex,5,15,2025-04-07,07/04 - 13/04/2025,LAPA,CASA,12199.15
2025-04-11,2025,4,11,Abr,Abril,2025-04,Abr/2025,Sexta,Sex,5,15,2025-04-07,07/04 - 13/04/2025,LAPA,DELIVERY,1232.9
2025-04-11,2025,4,11,Abr,Abril,2025-04,Abr/2025,Sexta,Sex,5,15,2025-04-07,07/04 - 13/04/2025,PAVÃO,CASA,7444.55
2025-04-11,2025,4,11,Abr,Abril,2025-04,Abr/2025,Sexta,Sex,5,15,2025-04-07,07/04 - 13/04/2025,PAVÃO,DELIVERY,1624.97
2025-04-11,2025,4,11,Abr,Abril,2025-04,Abr/2025,Sexta,Sex,5,15,2025-04-07,07/04 - 13/04/2025,PERDIZES,CASA,15702.25
2025-04-11,2025,4,11,Abr,Abril,2025-04,Abr/2025,Sexta,Sex,5,15,2025-04-07,07/04 - 13/04/2025,PERDIZES,DELIVERY,1453.7
2025-04-11,2025,4,11,Abr,Abril,2025-04,Abr/2025,Sexta,Sex,5,15,2025-04-07,07/04 - 13/04/2025,SANTANA,CASA,50990.79
2025-04-11,2025,4,11,Abr,Abril,2025-04,Abr/2025,Sexta,Sex,5,15,2025-04-07,07/04 - 13/04/2025,SANTANA,DELIVERY,1484.3
2025-04-11,2025,4,11,Abr,Abril,2025-04,Abr/2025,Sexta,Sex,5,15,2025-04-07,07/04 - 13/04/2025,SANTO ANDRÉ,CASA,120837.07
2025-04-11,2025,4,11,Abr,Abril,2025-04,Abr/2025,Sexta,Sex,5,15,2025-04-07,07/04 - 13/04/2025,SANTO ANDRÉ,DELIVERY,604.0
2025-04-11,2025,4,11,Abr,Abril,2025-04,Abr/2025,Sexta,Sex,5,15,2025-04-07,07/04 - 13/04/2025,TATUAPÉ,CASA,86489.39
2025-04-11,2025,4,11,Abr,Abril,2025-04,Abr/2025,Sexta,Sex,5,15,2025-04-07,07/04 - 13/04/2025,TATUAPÉ,DELIVERY,270.28
2025-04-11,2025,4,11,Abr,Abril,2025-04,Abr/2025,Sexta,Sex,5,15,2025-04-07,07/04 - 13/04/2025,VILA MADALENA,CASA,12549.74
2025-04-11,2025,4,11,Abr,Abril,2025-04,Abr/2025,Sexta,Sex,5,15,2025-04-07,07/04 - 13/04/2025,VILA MADALENA,DELIVERY,926.2
2025-04-11,2025,4,11,Abr,Abril,2025-04,Abr/2025,Sexta,Sex,5,15,2025-04-07,07/04 - 13/04/2025,VILA MARIANA,CASA,17001.61
2025-04-11,2025,4,11,Abr,Abril,2025-04,Abr/2025,Sexta,Sex,5,15,2025-04-07,07/04 - 13/04/2025,VILA MARIANA,DELIVERY,1454.2
2025-04-12,2025,4,12,Abr,Abril,2025-04,Abr/2025,Sábado,Sáb,6,15,2025-04-07,07/04 - 13/04/2025,CARINAS,CASA,190007.39
2025-04-12,2025,4,12,Abr,Abril,2025-04,Abr/2025,Sábado,Sáb,6,15,2025-04-07,07/04 - 13/04/2025,CARINAS,DELIVERY,1280.5
2025-04-12,2025,4,12,Abr,Abril,2025-04,Abr/2025,Sábado,Sáb,6,15,2025-04-07,07/04 - 13/04/2025,CHÁCARA,CASA,37267.76
2025-04-12,2025,4,12,Abr,Abril,2025-04,Abr/2025,Sábado,Sáb,6,15,2025-04-07,07/04 - 13/04/2025,CHÁCARA,DELIVERY,1788.6
2025-04-12,2025,4,12,Abr,Abril,2025-04,Abr/2025,Sábado,Sáb,6,15,2025-04-07,07/04 - 13/04/2025,LAPA,CASA,54401.4
2025-04-12,2025,4,12,Abr,Abril,2025-04,Abr/2025,Sábado,Sáb,6,15,2025-04-07,07/04 - 13/04/2025,LAPA,DELIVERY,2006.1
2025-04-12,2025,4,12,Abr,Abril,2025-04,Abr/2025,Sábado,Sáb,6,15,2025-04-07,07/04 - 13/04/2025,PAVÃO,CASA,44407.53
2025-04-12,2025,4,12,Abr,Abril,2025-04,Abr/2025,Sábado,Sáb,6,15,2025-04-07,07/04 - 13/04/2025,PAVÃO,DELIVERY,2220.03
2025-04-12,2025,4,12,Abr,Abril,2025-04,Abr/2025,Sábado,Sáb,6,15,2025-04-07,07/04 - 13/04/2025,PERDIZES,CASA,65839.59
2025-04-12,2025,4,12,Abr,Abril,2025-04,Abr/2025,Sábado,Sáb,6,15,2025-04-07,07/04 - 13/04/2025,SANTANA,CASA,173450.52
2025-04-12,2025,4,12,Abr,Abril,2025-04,Abr/2025,Sábado,Sáb,6,15,2025-04-07,07/04 - 13/04/2025,SANTANA,DELIVERY,2927.2
2025-04-12,2025,4,12,Abr,Abril,2025-04,Abr/2025,Sábado,Sáb,6,15,2025-04-07,07/04 - 13/04/2025,SANTO ANDRÉ,CASA,241978.68
2025-04-12,2025,4,12,Abr,Abril,2025-04,Abr/2025,Sábado,Sáb,6,15,2025-04-07,07/04 - 13/04/2025,SANTO ANDRÉ,DELIVERY,1563.7
2025-04-12,2025,4,12,Abr,Abril,2025-04,Abr/2025,Sábado,Sáb,6,15,2025-04-07,07/04 - 13/04/2025,TATUAPÉ,CASA,207906.97
2025-04-12,2025,4,12,Abr,Abril,2025-04,Abr/2025,Sábado,Sáb,6,15,2025-04-07,07/04 - 13/04/2025,TATUAPÉ,DELIVERY,2751.87
2025-04-12,2025,4,12,Abr,Abril,2025-04,Abr/2025,Sábado,Sáb,6,15,2025-04-07,07/04 - 13/04/2025,VILA MADALENA,CASA,58827.06
2025-04-12,2025,4,12,Abr,Abril,2025-04,Abr/2025,Sábado,Sáb,6,15,2025-04-07,07/04 - 13/04/2025,VILA MADALENA,DELIVERY,1066.1
2025-04-12,2025,4,12,Abr,Abril,2025-04,Abr/2025,Sábado,Sáb,6,15,2025-04-07,07/04 - 13/04/2025,VILA MARIANA,CASA,62863.46
2025-04-12,2025,4,12,Abr,Abril,2025-04,Abr/2025,Sábado,Sáb,6,15,2025-04-07,07/04 - 13/04/2025,VILA MARIANA,DELIVERY,1516.1
2025-04-13,2025,4,13,Abr,Abril,2025-04,Abr/2025,Domingo,Dom,7,15,2025-04-07,07/04 - 13/04/2025,CARINAS,CASA,48929.98
2025-04-13,2025,4,13,Abr,Abril,2025-04,Abr/2025,Domingo,Dom,7,15,2025-04-07,07/04 - 13/04/2025,CARINAS,DELIVERY,2164.3
2025-04-13,2025,4,13,Abr,Abril,2025-04,Abr/2025,Domingo,Dom,7,15,2025-04-07,07/04 - 13/04/2025,CHÁCARA,CASA,13147.4
2025-04-13,2025,4,13,Abr,Abril,2025-04,Abr/2025,Domingo,Dom,7,15,2025-04-07,07/04 - 13/04/2025,CHÁCARA,DELIVERY,2114.7
2025-04-13,2025,4,13,Abr,Abril,2025-04,Abr/2025,Domingo,Dom,7,15,2025-04-07,07/04 - 13/04/2025,LAPA,CASA,31455.49
2025-04-13,2025,4,13,Abr,Abril,2025-04,Abr/2025,Domingo,Dom,7,15,2025-04-07,07/04 - 13/04/2025,LAPA,DELIVERY,1144.2
2025-04-13,2025,4,13,Abr,Abril,2025-04,Abr/2025,Domingo,Dom,7,15,2025-04-07,07/04 - 13/04/2025,PAVÃO,CASA,21243.01
2025-04-13,2025,4,13,Abr,Abril,2025-04,Abr/2025,Domingo,Dom,7,15,2025-04-07,07/04 - 13/04/2025,PAVÃO,DELIVERY,2096.27
2025-04-13,2025,4,13,Abr,Abril,2025-04,Abr/2025,Domingo,Dom,7,15,2025-04-07,07/04 - 13/04/2025,PERDIZES,CASA,32057.47
2025-04-13,2025,4,13,Abr,Abril,2025-04,Abr/2025,Domingo,Dom,7,15,2025-04-07,07/04 - 13/04/2025,PERDIZES,DELIVERY,4469.4
2025-04-13,2025,4,13,Abr,Abril,2025-04,Abr/2025,Domingo,Dom,7,15,2025-04-07,07/04 - 13/04/2025,SANTANA,CASA,131044.04
2025-04-13,2025,4,13,Abr,Abril,2025-04,Abr/2025,Domingo,Dom,7,15,2025-04-07,07/04 - 13/04/2025,SANTANA,DELIVERY,3736.4
2025-04-13,2025,4,13,Abr,Abril,2025-04,Abr/2025,Domingo,Dom,7,15,2025-04-07,07/04 - 13/04/2025,SANTO ANDRÉ,CASA,56335.29
2025-04-13,2025,4,13,Abr,Abril,2025-04,Abr/2025,Domingo,Dom,7,15,2025-04-07,07/04 - 13/04/2025,TATUAPÉ,CASA,85553.12
2025-04-13,2025,4,13,Abr,Abril,2025-04,Abr/2025,Domingo,Dom,7,15,2025-04-07,07/04 - 13/04/2025,TATUAPÉ,DELIVERY,1875.25
2025-04-13,2025,4,13,Abr,Abril,2025-04,Abr/2025,Domingo,Dom,7,15,2025-04-07,07/04 - 13/04/2025,VILA MADALENA,CASA,8049.29
2025-04-13,2025,4,13,Abr,Abril,2025-04,Abr/2025,Domingo,Dom,7,15,2025-04-07,07/04 - 13/04/2025,VILA MADALENA,DELIVERY,691.3
2025-04-13,2025,4,13,Abr,Abril,2025-04,Abr/2025,Domingo,Dom,7,15,2025-04-07,07/04 - 13/04/2025,VILA MARIANA,CASA,33248.71
2025-04-13,2025,4,13,Abr,Abril,2025-04,Abr/2025,Domingo,Dom,7,15,2025-04-07,07/04 - 13/04/2025,VILA MARIANA,DELIVERY,4369.4
2025-04-14,2025,4,14,Abr,Abril,2025-04,Abr/2025,Segunda,Seg,1,16,2025-04-14,14/04 - 20/04/2025,LAPA,CASA,17816.5
2025-04-14,2025,4,14,Abr,Abril,2025-04,Abr/2025,Segunda,Seg,1,16,2025-04-14,14/04 - 20/04/2025,TATUAPÉ,CASA,28167.03
2025-04-15,2025,4,15,Abr,Abril,2025-04,Abr/2025,Terça,Ter,2,16,2025-04-14,14/04 - 20/04/2025,CARINAS,CASA,23626.15
2025-04-15,2025,4,15,Abr,Abril,2025-04,Abr/2025,Terça,Ter,2,16,2025-04-14,14/04 - 20/04/2025,CARINAS,DELIVERY,951.5
2025-04-15,2025,4,15,Abr,Abril,2025-04,Abr/2025,Terça,Ter,2,16,2025-04-14,14/04 - 20/04/2025,CHÁCARA,CASA,41280.45
2025-04-15,2025,4,15,Abr,Abril,2025-04,Abr/2025,Terça,Ter,2,16,2025-04-14,14/04 - 20/04/2025,CHÁCARA,DELIVERY,77.4
2025-04-15,2025,4,15,Abr,Abril,2025-04,Abr/2025,Terça,Ter,2,16,2025-04-14,14/04 - 20/04/2025,LAPA,CASA,5100.52
2025-04-15,2025,4,15,Abr,Abril,2025-04,Abr/2025,Terça,Ter,2,16,2025-04-14,14/04 - 20/04/2025,PAVÃO,CASA,13634.39
2025-04-15,2025,4,15,Abr,Abril,2025-04,Abr/2025,Terça,Ter,2,16,2025-04-14,14/04 - 20/04/2025,PAVÃO,DELIVERY,1561.52
2025-04-15,2025,4,15,Abr,Abril,2025-04,Abr/2025,Terça,Ter,2,16,2025-04-14,14/04 - 20/04/2025,PERDIZES,CASA,12169.16
2025-04-15,2025,4,15,Abr,Abril,2025-04,Abr/2025,Terça,Ter,2,16,2025-04-14,14/04 - 20/04/2025,PERDIZES,DELIVERY,858.0
2025-04-15,2025,4,15,Abr,Abril,2025-04,Abr/2025,Terça,Ter,2,16,2025-04-14,14/04 - 20/04/2025,SANTANA,CASA,14306.48
2025-04-15,2025,4,15,Abr,Abril,2025-04,Abr/2025,Terça,Ter,2,16,2025-04-14,14/04 - 20/04/2025,SANTANA,DELIVERY,1477.1
2025-04-15,2025,4,15,Abr,Abril,2025-04,Abr/2025,Terça,Ter,2,16,2025-04-14,14/04 - 20/04/2025,TATUAPÉ,CASA,23417.04
2025-04-15,2025,4,15,Abr,Abril,2025-04,Abr/2025,Terça,Ter,2,16,2025-04-14,14/04 - 20/04/2025,TATUAPÉ,DELIVERY,2039.44
2025-04-15,2025,4,15,Abr,Abril,2025-04,Abr/2025,Terça,Ter,2,16,2025-04-14,14/04 - 20/04/2025,VILA MADALENA,CASA,3721.48
2025-04-15,2025,4,15,Abr,Abril,2025-04,Abr/2025,Terça,Ter,2,16,2025-04-14,14/04 - 20/04/2025,VILA MADALENA,DELIVERY,261.0
2025-04-15,2025,4,15,Abr,Abril,2025-04,Abr/2025,Terça,Ter,2,16,2025-04-14,14/04 - 20/04/2025,VILA MARIANA,CASA,8314.46
2025-04-15,2025,4,15,Abr,Abril,2025-04,Abr/2025,Terça,Ter,2,16,2025-04-14,14/04 - 20/04/2025,VILA MARIANA,DELIVERY,1673.1
2025-04-16,2025,4,16,Abr,Abril,2025-04,Abr/2025,Quarta,Qua,3,16,2025-04-14,14/04 - 20/04/2025,CARINAS,CASA,110774.46
2025-04-16,2025,4,16,Abr,Abril,2025-04,Abr/2025,Quarta,Qua,3,16,2025-04-14,14/04 - 20/04/2025,CARINAS,DELIVERY,1194.2
2025-04-16,2025,4,16,Abr,Abril,2025-04,Abr/2025,Quarta,Qua,3,16,2025-04-14,14/04 - 20/04/2025,CHÁCARA,CASA,5565.22
2025-04-16,2025,4,16,Abr,Abril,2025-04,Abr/2025,Quarta,Qua,3,16,2025-04-14,14/04 - 20/04/2025,CHÁCARA,DELIVERY,405.2
2025-04-16,2025,4,16,Abr,Abril,2025-04,Abr/2025,Quarta,Qua,3,16,2025-04-14,14/04 - 20/04/2025,LAPA,CASA,10311.21
2025-04-16,2025,4,16,Abr,Abril,2025-04,Abr/2025,Quarta,Qua,3,16,2025-04-14,14/04 - 20/04/2025,LAPA,DELIVERY,2081.7
2025-04-16,2025,4,16,Abr,Abril,2025-04,Abr/2025,Quarta,Qua,3,16,2025-04-14,14/04 - 20/04/2025,PAVÃO,CASA,11032.99
2025-04-16,2025,4,16,Abr,Abril,2025-04,Abr/2025,Quarta,Qua,3,16,2025-04-14,14/04 - 20/04/2025,PAVÃO,DELIVERY,1162.66
2025-04-16,2025,4,16,Abr,Abril,2025-04,Abr/2025,Quarta,Qua,3,16,2025-04-14,14/04 - 20/04/2025,PERDIZES,CASA,17073.78
2025-04-16,2025,4,16,Abr,Abril,2025-04,Abr/2025,Quarta,Qua,3,16,2025-04-14,14/04 - 20/04/2025,PERDIZES,DELIVERY,530.8
2025-04-16,2025,4,16,Abr,Abril,2025-04,Abr/2025,Quarta,Qua,3,16,2025-04-14,14/04 - 20/04/2025,SANTANA,CASA,6059.71
2025-04-16,2025,4,16,Abr,Abril,2025-04,Abr/2025,Quarta,Qua,3,16,2025-04-14,14/04 - 20/04/2025,SANTANA,DELIVERY,744.3
2025-04-16,2025,4,16,Abr,Abril,2025-04,Abr/2025,Quarta,Qua,3,16,2025-04-14,14/04 - 20/04/2025,SANTO ANDRÉ,CASA,7856.03
2025-04-16,2025,4,16,Abr,Abril,2025-04,Abr/2025,Quarta,Qua,3,16,2025-04-14,14/04 - 20/04/2025,SANTO ANDRÉ,DELIVERY,260.8
2025-04-16,2025,4,16,Abr,Abril,2025-04,Abr/2025,Quarta,Qua,3,16,2025-04-14,14/04 - 20/04/2025,TATUAPÉ,CASA,5709.72
2025-04-16,2025,4,16,Abr,Abril,2025-04,Abr/2025,Quarta,Qua,3,16,2025-04-14,14/04 - 20/04/2025,TATUAPÉ,DELIVERY,825.89
2025-04-16,2025,4,16,Abr,Abril,2025-04,Abr/2025,Quarta,Qua,3,16,2025-04-14,14/04 - 20/04/2025,VILA MADALENA,CASA,3643.67
2025-04-16,2025,4,16,Abr,Abril,2025-04,Abr/2025,Quarta,Qua,3,16,2025-04-14,14/04 - 20/04/2025,VILA MADALENA,DELIVERY,349.3
2025-04-16,2025,4,16,Abr,Abril,2025-04,Abr/2025,Quarta,Qua,3,16,2025-04-14,14/04 - 20/04/2025,VILA MARIANA,CASA,14407.87
2025-04-16,2025,4,16,Abr,Abril,2025-04,Abr/2025,Quarta,Qua,3,16,2025-04-14,14/04 - 20/04/2025,VILA MARIANA,DELIVERY,776.5
2025-04-17,2025,4,17,Abr,Abril,2025-04,Abr/2025,Quinta,Qui,4,16,2025-04-14,14/04 - 20/04/2025,CARINAS,CASA,20456.4
2025-04-17,2025,4,17,Abr,Abril,2025-04,Abr/2025,Quinta,Qui,4,16,2025-04-14,14/04 - 20/04/2025,CHÁCARA,CASA,8534.46
2025-04-17,2025,4,17,Abr,Abril,2025-04,Abr/2025,Quinta,Qui,4,16,2025-04-14,14/04 - 20/04/2025,CHÁCARA,DELIVERY,460.8
2025-04-17,2025,4,17,Abr,Abril,2025-04,Abr/2025,Quinta,Qui,4,16,2025-04-14,14/04 - 20/04/2025,LAPA,CASA,4662.0
2025-04-17,2025,4,17,Abr,Abril,2025-04,Abr/2025,Quinta,Qui,4,16,2025-04-14,14/04 - 20/04/2025,LAPA,DELIVERY,1189.5
2025-04-17,2025,4,17,Abr,Abril,2025-04,Abr/2025,Quinta,Qui,4,16,2025-04-14,14/04 - 20/04/2025,PAVÃO,CASA,3201.4
2025-04-17,2025,4,17,Abr,Abril,2025-04,Abr/2025,Quinta,Qui,4,16,2025-04-14,14/04 - 20/04/2025,PAVÃO,DELIVERY,1162.12
2025-04-17,2025,4,17,Abr,Abril,2025-04,Abr/2025,Quinta,Qui,4,16,2025-04-14,14/04 - 20/04/2025,PERDIZES,CASA,17391.71
2025-04-17,2025,4,17,Abr,Abril,2025-04,Abr/2025,Quinta,Qui,4,16,2025-04-14,14/04 - 20/04/2025,PERDIZES,DELIVERY,617.1
2025-04-17,2025,4,17,Abr,Abril,2025-04,Abr/2025,Quinta,Qui,4,16,2025-04-14,14/04 - 20/04/2025,SANTANA,CASA,5292.75
2025-04-17,2025,4,17,Abr,Abril,2025-04,Abr/2025,Quinta,Qui,4,16,2025-04-14,14/04 - 20/04/2025,SANTANA,DELIVERY,898.3
2025-04-17,2025,4,17,Abr,Abril,2025-04,Abr/2025,Quinta,Qui,4,16,2025-04-14,14/04 - 20/04/2025,SANTO ANDRÉ,CASA,99573.95
2025-04-17,2025,4,17,Abr,Abril,2025-04,Abr/2025,Quinta,Qui,4,16,2025-04-14,14/04 - 20/04/2025,SANTO ANDRÉ,DELIVERY,797.6
2025-04-17,2025,4,17,Abr,Abril,2025-04,Abr/2025,Quinta,Qui,4,16,2025-04-14,14/04 - 20/04/2025,TATUAPÉ,CASA,72107.51
2025-04-17,2025,4,17,Abr,Abril,2025-04,Abr/2025,Quinta,Qui,4,16,2025-04-14,14/04 - 20/04/2025,VILA MADALENA,CASA,39043.42
2025-04-17,2025,4,17,Abr,Abril,2025-04,Abr/2025,Quinta,Qui,4,16,2025-04-14,14/04 - 20/04/2025,VILA MADALENA,DELIVERY,417.9
2025-04-17,2025,4,17,Abr,Abril,2025-04,Abr/2025,Quinta,Qui,4,16,2025-04-14,14/04 - 20/04/2025,VILA MARIANA,CASA,17181.72
2025-04-17,2025,4,17,Abr,Abril,2025-04,Abr/2025,Quinta,Qui,4,16,2025-04-14,14/04 - 20/04/2025,VILA MARIANA,DELIVERY,737.0
2025-04-18,2025,4,18,Abr,Abril,2025-04,Abr/2025,Sexta,Sex,5,16,2025-04-14,14/04 - 20/04/2025,CARINAS,CASA,5471.77
2025-04-18,2025,4,18,Abr,Abril,2025-04,Abr/2025,Sexta,Sex,5,16,2025-04-14,14/04 - 20/04/2025,CARINAS,DELIVERY,623.5
2025-04-18,2025,4,18,Abr,Abril,2025-04,Abr/2025,Sexta,Sex,5,16,2025-04-14,14/04 - 20/04/2025,CHÁCARA,CASA,550.02
2025-04-18,2025,4,18,Abr,Abril,2025-04,Abr/2025,Sexta,Sex,5,16,2025-04-14,14/04 - 20/04/2025,CHÁCARA,DELIVERY,197.1
2025-04-18,2025,4,18,Abr,Abril,2025-04,Abr/2025,Sexta,Sex,5,16,2025-04-14,14/04 - 20/04/2025,PERDIZES,CASA,1332.69
2025-04-18,2025,4,18,Abr,Abril,2025-04,Abr/2025,Sexta,Sex,5,16,2025-04-14,14/04 - 20/04/2025,PERDIZES,DELIVERY,582.2
2025-04-18,2025,4,18,Abr,Abril,2025-04,Abr/2025,Sexta,Sex,5,16,2025-04-14,14/04 - 20/04/2025,SANTO ANDRÉ,CASA,4823.64
2025-04-18,2025,4,18,Abr,Abril,2025-04,Abr/2025,Sexta,Sex,5,16,2025-04-14,14/04 - 20/04/2025,SANTO ANDRÉ,DELIVERY,118.5
2025-04-18,2025,4,18,Abr,Abril,2025-04,Abr/2025,Sexta,Sex,5,16,2025-04-14,14/04 - 20/04/2025,TATUAPÉ,CASA,8781.19
2025-04-18,2025,4,18,Abr,Abril,2025-04,Abr/2025,Sexta,Sex,5,16,2025-04-14,14/04 - 20/04/2025,TATUAPÉ,DELIVERY,264.28
2025-04-18,2025,4,18,Abr,Abril,2025-04,Abr/2025,Sexta,Sex,5,16,2025-04-14,14/04 - 20/04/2025,VILA MADALENA,CASA,4522.28
2025-04-18,2025,4,18,Abr,Abril,2025-04,Abr/2025,Sexta,Sex,5,16,2025-04-14,14/04 - 20/04/2025,VILA MARIANA,CASA,8909.01
2025-04-18,2025,4,18,Abr,Abril,2025-04,Abr/2025,Sexta,Sex,5,16,2025-04-14,14/04 - 20/04/2025,VILA MARIANA,DELIVERY,253.2
2025-04-19,2025,4,19,Abr,Abril,2025-04,Abr/2025,Sábado,Sáb,6,16,2025-04-14,14/04 - 20/04/2025,CARINAS,CASA,104126.78
2025-04-19,2025,4,19,Abr,Abril,2025-04,Abr/2025,Sábado,Sáb,6,16,2025-04-14,14/04 - 20/04/2025,CARINAS,DELIVERY,1610.0
2025-04-19,2025,4,19,Abr,Abril,2025-04,Abr/2025,Sábado,Sáb,6,16,2025-04-14,14/04 - 20/04/2025,CHÁCARA,CASA,13644.16
2025-04-19,2025,4,19,Abr,Abril,2025-04,Abr/2025,Sábado,Sáb,6,16,2025-04-14,14/04 - 20/04/2025,CHÁCARA,DELIVERY,1424.5
2025-04-19,2025,4,19,Abr,Abril,2025-04,Abr/2025,Sábado,Sáb,6,16,2025-04-14,14/04 - 20/04/2025,LAPA,CASA,24002.57
2025-04-19,2025,4,19,Abr,Abril,2025-04,Abr/2025,Sábado,Sáb,6,16,2025-04-14,14/04 - 20/04/2025,LAPA,DELIVERY,925.4
2025-04-19,2025,4,19,Abr,Abril,2025-04,Abr/2025,Sábado,Sáb,6,16,2025-04-14,14/04 - 20/04/2025,PAVÃO,CASA,19036.12
2025-04-19,2025,4,19,Abr,Abril,2025-04,Abr/2025,Sábado,Sáb,6,16,2025-04-14,14/04 - 20/04/2025,PAVÃO,DELIVERY,726.72
2025-04-19,2025,4,19,Abr,Abril,2025-04,Abr/2025,Sábado,Sáb,6,16,2025-04-14,14/04 - 20/04/2025,PERDIZES,CASA,11808.83
2025-04-19,2025,4,19,Abr,Abril,2025-04,Abr/2025,Sábado,Sáb,6,16,2025-04-14,14/04 - 20/04/2025,PERDIZES,DELIVERY,1174.2
2025-04-19,2025,4,19,Abr,Abril,2025-04,Abr/2025,Sábado,Sáb,6,16,2025-04-14,14/04 - 20/04/2025,SANTANA,CASA,61445.32
2025-04-19,2025,4,19,Abr,Abril,2025-04,Abr/2025,Sábado,Sáb,6,16,2025-04-14,14/04 - 20/04/2025,SANTANA,DELIVERY,1841.9
2025-04-19,2025,4,19,Abr,Abril,2025-04,Abr/2025,Sábado,Sáb,6,16,2025-04-14,14/04 - 20/04/2025,SANTO ANDRÉ,CASA,42506.18
2025-04-19,2025,4,19,Abr,Abril,2025-04,Abr/2025,Sábado,Sáb,6,16,2025-04-14,14/04 - 20/04/2025,SANTO ANDRÉ,DELIVERY,204.3
2025-04-19,2025,4,19,Abr,Abril,2025-04,Abr/2025,Sábado,Sáb,6,16,2025-04-14,14/04 - 20/04/2025,TATUAPÉ,CASA,49763.55
2025-04-19,2025,4,19,Abr,Abril,2025-04,Abr/2025,Sábado,Sáb,6,16,2025-04-14,14/04 - 20/04/2025,TATUAPÉ,DELIVERY,1032.03
2025-04-19,2025,4,19,Abr,Abril,2025-04,Abr/2025,Sábado,Sáb,6,16,2025-04-14,14/04 - 20/04/2025,VILA MADALENA,CASA,24992.22
2025-04-19,2025,4,19,Abr,Abril,2025-04,Abr/2025,Sábado,Sáb,6,16,2025-04-14,14/04 - 20/04/2025,VILA MADALENA,DELIVERY,277.2
2025-04-19,2025,4,19,Abr,Abril,2025-04,Abr/2025,Sábado,Sáb,6,16,2025-04-14,14/04 - 20/04/2025,VILA MARIANA,CASA,37232.81
2025-04-19,2025,4,19,Abr,Abril,2025-04,Abr/2025,Sábado,Sáb,6,16,2025-04-14,14/04 - 20/04/2025,VILA MARIANA,DELIVERY,2629.2
2025-04-20,2025,4,20,Abr,Abril,2025-04,Abr/2025,Domingo,Dom,7,16,2025-04-14,14/04 - 20/04/2025,CARINAS,CASA,30030.17
2025-04-20,2025,4,20,Abr,Abril,2025-04,Abr/2025,Domingo,Dom,7,16,2025-04-14,14/04 - 20/04/2025,CARINAS,DELIVERY,2342.4
2025-04-20,2025,4,20,Abr,Abril,2025-04,Abr/2025,Domingo,Dom,7,16,2025-04-14,14/04 - 20/04/2025,CHÁCARA,CASA,1003.94
2025-04-20,2025,4,20,Abr,Abril,2025-04,Abr/2025,Domingo,Dom,7,16,2025-04-14,14/04 - 20/04/2025,CHÁCARA,DELIVERY,428.6
2025-04-20,2025,4,20,Abr,Abril,2025-04,Abr/2025,Domingo,Dom,7,16,2025-04-14,14/04 - 20/04/2025,LAPA,CASA,3945.83
2025-04-20,2025,4,20,Abr,Abril,2025-04,Abr/2025,Domingo,Dom,7,16,2025-04-14,14/04 - 20/04/2025,LAPA,DELIVERY,1155.7
2025-04-20,2025,4,20,Abr,Abril,2025-04,Abr/2025,Domingo,Dom,7,16,2025-04-14,14/04 - 20/04/2025,PAVÃO,CASA,6334.86
2025-04-20,2025,4,20,Abr,Abril,2025-04,Abr/2025,Domingo,Dom,7,16,2025-04-14,14/04 - 20/04/2025,PAVÃO,DELIVERY,1542.98
2025-04-20,2025,4,20,Abr,Abril,2025-04,Abr/2025,Domingo,Dom,7,16,2025-04-14,14/04 - 20/04/2025,PERDIZES,CASA,7572.11
2025-04-20,2025,4,20,Abr,Abril,2025-04,Abr/2025,Domingo,Dom,7,16,2025-04-14,14/04 - 20/04/2025,PERDIZES,DELIVERY,3826.9
2025-04-20,2025,4,20,Abr,Abril,2025-04,Abr/2025,Domingo,Dom,7,16,2025-04-14,14/04 - 20/04/2025,SANTANA,CASA,17573.62
2025-04-20,2025,4,20,Abr,Abril,2025-04,Abr/2025,Domingo,Dom,7,16,2025-04-14,14/04 - 20/04/2025,SANTANA,DELIVERY,2902.0
2025-04-20,2025,4,20,Abr,Abril,2025-04,Abr/2025,Domingo,Dom,7,16,2025-04-14,14/04 - 20/04/2025,SANTO ANDRÉ,CASA,27755.68
2025-04-20,2025,4,20,Abr,Abril,2025-04,Abr/2025,Domingo,Dom,7,16,2025-04-14,14/04 - 20/04/2025,SANTO ANDRÉ,DELIVERY,752.6
2025-04-20,2025,4,20,Abr,Abril,2025-04,Abr/2025,Domingo,Dom,7,16,2025-04-14,14/04 - 20/04/2025,TATUAPÉ,CASA,39640.84
2025-04-20,2025,4,20,Abr,Abril,2025-04,Abr/2025,Domingo,Dom,7,16,2025-04-14,14/04 - 20/04/2025,TATUAPÉ,DELIVERY,2174.05
2025-04-20,2025,4,20,Abr,Abril,2025-04,Abr/2025,Domingo,Dom,7,16,2025-04-14,14/04 - 20/04/2025,VILA MADALENA,CASA,16578.67
2025-04-20,2025,4,20,Abr,Abril,2025-04,Abr/2025,Domingo,Dom,7,16,2025-04-14,14/04 - 20/04/2025,VILA MARIANA,CASA,15678.06
2025-04-20,2025,4,20,Abr,Abril,2025-04,Abr/2025,Domingo,Dom,7,16,2025-04-14,14/04 - 20/04/2025,VILA MARIANA,DELIVERY,1291.4
2025-04-21,2025,4,21,Abr,Abril,2025-04,Abr/2025,Segunda,Seg,1,17,2025-04-21,21/04 - 27/04/2025,CARINAS,CASA,22168.15
2025-04-21,2025,4,21,Abr,Abril,2025-04,Abr/2025,Segunda,Seg,1,17,2025-04-21,21/04 - 27/04/2025,CHÁCARA,CASA,9561.29
2025-04-21,2025,4,21,Abr,Abril,2025-04,Abr/2025,Segunda,Seg,1,17,2025-04-21,21/04 - 27/04/2025,LAPA,CASA,7809.73
2025-04-21,2025,4,21,Abr,Abril,2025-04,Abr/2025,Segunda,Seg,1,17,2025-04-21,21/04 - 27/04/2025,LAPA,DELIVERY,2235.5
2025-04-21,2025,4,21,Abr,Abril,2025-04,Abr/2025,Segunda,Seg,1,17,2025-04-21,21/04 - 27/04/2025,PAVÃO,CASA,8108.65
2025-04-21,2025,4,21,Abr,Abril,2025-04,Abr/2025,Segunda,Seg,1,17,2025-04-21,21/04 - 27/04/2025,PAVÃO,DELIVERY,5501.06
2025-04-21,2025,4,21,Abr,Abril,2025-04,Abr/2025,Segunda,Seg,1,17,2025-04-21,21/04 - 27/04/2025,PERDIZES,CASA,5377.76
2025-04-21,2025,4,21,Abr,Abril,2025-04,Abr/2025,Segunda,Seg,1,17,2025-04-21,21/04 - 27/04/2025,PERDIZES,DELIVERY,1733.0
2025-04-21,2025,4,21,Abr,Abril,2025-04,Abr/2025,Segunda,Seg,1,17,2025-04-21,21/04 - 27/04/2025,SANTANA,CASA,34515.52
2025-04-21,2025,4,21,Abr,Abril,2025-04,Abr/2025,Segunda,Seg,1,17,2025-04-21,21/04 - 27/04/2025,SANTANA,DELIVERY,2331.3
2025-04-21,2025,4,21,Abr,Abril,2025-04,Abr/2025,Segunda,Seg,1,17,2025-04-21,21/04 - 27/04/2025,SANTO ANDRÉ,CASA,24036.58
2025-04-21,2025,4,21,Abr,Abril,2025-04,Abr/2025,Segunda,Seg,1,17,2025-04-21,21/04 - 27/04/2025,SANTO ANDRÉ,DELIVERY,851.8
2025-04-21,2025,4,21,Abr,Abril,2025-04,Abr/2025,Segunda,Seg,1,17,2025-04-21,21/04 - 27/04/2025,TATUAPÉ,CASA,52100.17
2025-04-21,2025,4,21,Abr,Abril,2025-04,Abr/2025,Segunda,Seg,1,17,2025-04-21,21/04 - 27/04/2025,VILA MADALENA,CASA,8461.11
2025-04-21,2025,4,21,Abr,Abril,2025-04,Abr/2025,Segunda,Seg,1,17,2025-04-21,21/04 - 27/04/2025,VILA MARIANA,CASA,26452.89
2025-04-21,2025,4,21,Abr,Abril,2025-04,Abr/2025,Segunda,Seg,1,17,2025-04-21,21/04 - 27/04/2025,VILA MARIANA,DELIVERY,169.5
2025-04-22,2025,4,22,Abr,Abril,2025-04,Abr/2025,Terça,Ter,2,17,2025-04-21,21/04 - 27/04/2025,CARINAS,CASA,34736.92
2025-04-22,2025,4,22,Abr,Abril,2025-04,Abr/2025,Terça,Ter,2,17,2025-04-21,21/04 - 27/04/2025,CARINAS,DELIVERY,274.8
2025-04-22,2025,4,22,Abr,Abril,2025-04,Abr/2025,Terça,Ter,2,17,2025-04-21,21/04 - 27/04/2025,CHÁCARA,CASA,1925.76
2025-04-22,2025,4,22,Abr,Abril,2025-04,Abr/2025,Terça,Ter,2,17,2025-04-21,21/04 - 27/04/2025,CHÁCARA,DELIVERY,434.4
2025-04-22,2025,4,22,Abr,Abril,2025-04,Abr/2025,Terça,Ter,2,17,2025-04-21,21/04 - 27/04/2025,PAVÃO,CASA,4940.0
2025-04-22,2025,4,22,Abr,Abril,2025-04,Abr/2025,Terça,Ter,2,17,2025-04-21,21/04 - 27/04/2025,PAVÃO,DELIVERY,802.75
2025-04-22,2025,4,22,Abr,Abril,2025-04,Abr/2025,Terça,Ter,2,17,2025-04-21,21/04 - 27/04/2025,PERDIZES,CASA,1109.35
2025-04-22,2025,4,22,Abr,Abril,2025-04,Abr/2025,Terça,Ter,2,17,2025-04-21,21/04 - 27/04/2025,PERDIZES,DELIVERY,1035.1
2025-04-22,2025,4,22,Abr,Abril,2025-04,Abr/2025,Terça,Ter,2,17,2025-04-21,21/04 - 27/04/2025,SANTANA,CASA,19925.31
2025-04-22,2025,4,22,Abr,Abril,2025-04,Abr/2025,Terça,Ter,2,17,2025-04-21,21/04 - 27/04/2025,SANTANA,DELIVERY,1683.5
2025-04-22,2025,4,22,Abr,Abril,2025-04,Abr/2025,Terça,Ter,2,17,2025-04-21,21/04 - 27/04/2025,SANTO ANDRÉ,CASA,98470.9
2025-04-22,2025,4,22,Abr,Abril,2025-04,Abr/2025,Terça,Ter,2,17,2025-04-21,21/04 - 27/04/2025,SANTO ANDRÉ,DELIVERY,109.5
2025-04-22,2025,4,22,Abr,Abril,2025-04,Abr/2025,Terça,Ter,2,17,2025-04-21,21/04 - 27/04/2025,TATUAPÉ,CASA,21027.44
2025-04-22,2025,4,22,Abr,Abril,2025-04,Abr/2025,Terça,Ter,2,17,2025-04-21,21/04 - 27/04/2025,TATUAPÉ,DELIVERY,508.55
2025-04-22,2025,4,22,Abr,Abril,2025-04,Abr/2025,Terça,Ter,2,17,2025-04-21,21/04 - 27/04/2025,VILA MADALENA,CASA,2404.16
2025-04-22,2025,4,22,Abr,Abril,2025-04,Abr/2025,Terça,Ter,2,17,2025-04-21,21/04 - 27/04/2025,VILA MADALENA,DELIVERY,251.1
2025-04-22,2025,4,22,Abr,Abril,2025-04,Abr/2025,Terça,Ter,2,17,2025-04-21,21/04 - 27/04/2025,VILA MARIANA,CASA,5850.81
2025-04-22,2025,4,22,Abr,Abril,2025-04,Abr/2025,Terça,Ter,2,17,2025-04-21,21/04 - 27/04/2025,VILA MARIANA,DELIVERY,607.2
2025-04-23,2025,4,23,Abr,Abril,2025-04,Abr/2025,Quarta,Qua,3,17,2025-04-21,21/04 - 27/04/2025,CARINAS,CASA,28217.77
2025-04-23,2025,4,23,Abr,Abril,2025-04,Abr/2025,Quarta,Qua,3,17,2025-04-21,21/04 - 27/04/2025,CARINAS,DELIVERY,620.7
2025-04-23,2025,4,23,Abr,Abril,2025-04,Abr/2025,Quarta,Qua,3,17,2025-04-21,21/04 - 27/04/2025,CHÁCARA,CASA,8035.51
2025-04-23,2025,4,23,Abr,Abril,2025-04,Abr/2025,Quarta,Qua,3,17,2025-04-21,21/04 - 27/04/2025,CHÁCARA,DELIVERY,520.4
2025-04-23,2025,4,23,Abr,Abril,2025-04,Abr/2025,Quarta,Qua,3,17,2025-04-21,21/04 - 27/04/2025,LAPA,CASA,6439.55
2025-04-23,2025,4,23,Abr,Abril,2025-04,Abr/2025,Quarta,Qua,3,17,2025-04-21,21/04 - 27/04/2025,LAPA,DELIVERY,360.5
2025-04-23,2025,4,23,Abr,Abril,2025-04,Abr/2025,Quarta,Qua,3,17,2025-04-21,21/04 - 27/04/2025,PAVÃO,CASA,6467.76
2025-04-23,2025,4,23,Abr,Abril,2025-04,Abr/2025,Quarta,Qua,3,17,2025-04-21,21/04 - 27/04/2025,PAVÃO,DELIVERY,815.74
2025-04-23,2025,4,23,Abr,Abril,2025-04,Abr/2025,Quarta,Qua,3,17,2025-04-21,21/04 - 27/04/2025,PERDIZES,CASA,3939.31
2025-04-23,2025,4,23,Abr,Abril,2025-04,Abr/2025,Quarta,Qua,3,17,2025-04-21,21/04 - 27/04/2025,PERDIZES,DELIVERY,919.8
2025-04-23,2025,4,23,Abr,Abril,2025-04,Abr/2025,Quarta,Qua,3,17,2025-04-21,21/04 - 27/04/2025,SANTANA,CASA,24247.53
2025-04-23,2025,4,23,Abr,Abril,2025-04,Abr/2025,Quarta,Qua,3,17,2025-04-21,21/04 - 27/04/2025,SANTANA,DELIVERY,1151.4
2025-04-23,2025,4,23,Abr,Abril,2025-04,Abr/2025,Quarta,Qua,3,17,2025-04-21,21/04 - 27/04/2025,SANTO ANDRÉ,CASA,2896.21
2025-04-23,2025,4,23,Abr,Abril,2025-04,Abr/2025,Quarta,Qua,3,17,2025-04-21,21/04 - 27/04/2025,SANTO ANDRÉ,DELIVERY,219.7
2025-04-23,2025,4,23,Abr,Abril,2025-04,Abr/2025,Quarta,Qua,3,17,2025-04-21,21/04 - 27/04/2025,TATUAPÉ,CASA,8762.68
2025-04-23,2025,4,23,Abr,Abril,2025-04,Abr/2025,Quarta,Qua,3,17,2025-04-21,21/04 - 27/04/2025,TATUAPÉ,DELIVERY,810.53
2025-04-23,2025,4,23,Abr,Abril,2025-04,Abr/2025,Quarta,Qua,3,17,2025-04-21,21/04 - 27/04/2025,VILA MADALENA,CASA,6962.82
2025-04-23,2025,4,23,Abr,Abril,2025-04,Abr/2025,Quarta,Qua,3,17,2025-04-21,21/04 - 27/04/2025,VILA MADALENA,DELIVERY,219.6
2025-04-23,2025,4,23,Abr,Abril,2025-04,Abr/2025,Quarta,Qua,3,17,2025-04-21,21/04 - 27/04/2025,VILA MARIANA,CASA,4381.69
2025-04-23,2025,4,23,Abr,Abril,2025-04,Abr/2025,Quarta,Qua,3,17,2025-04-21,21/04 - 27/04/2025,VILA MARIANA,DELIVERY,485.5
2025-04-24,2025,4,24,Abr,Abril,2025-04,Abr/2025,Quinta,Qui,4,17,2025-04-21,21/04 - 27/04/2025,CARINAS,CASA,51941.52
2025-04-24,2025,4,24,Abr,Abril,2025-04,Abr/2025,Quinta,Qui,4,17,2025-04-21,21/04 - 27/04/2025,CARINAS,DELIVERY,157.8
2025-04-24,2025,4,24,Abr,Abril,2025-04,Abr/2025,Quinta,Qui,4,17,2025-04-21,21/04 - 27/04/2025,CHÁCARA,CASA,15958.91
2025-04-24,2025,4,24,Abr,Abril,2025-04,Abr/2025,Quinta,Qui,4,17,2025-04-21,21/04 - 27/04/2025,CHÁCARA,DELIVERY,198.3
2025-04-24,2025,4,24,Abr,Abril,2025-04,Abr/2025,Quinta,Qui,4,17,2025-04-21,21/04 - 27/04/2025,LAPA,CASA,3840.73
2025-04-24,2025,4,24,Abr,Abril,2025-04,Abr/2025,Quinta,Qui,4,17,2025-04-21,21/04 - 27/04/2025,LAPA,DELIVERY,866.4
2025-04-24,2025,4,24,Abr,Abril,2025-04,Abr/2025,Quinta,Qui,4,17,2025-04-21,21/04 - 27/04/2025,PAVÃO,CASA,11443.41
2025-04-24,2025,4,24,Abr,Abril,2025-04,Abr/2025,Quinta,Qui,4,17,2025-04-21,21/04 - 27/04/2025,PAVÃO,DELIVERY,1358.8
2025-04-24,2025,4,24,Abr,Abril,2025-04,Abr/2025,Quinta,Qui,4,17,2025-04-21,21/04 - 27/04/2025,PERDIZES,CASA,17701.79
2025-04-24,2025,4,24,Abr,Abril,2025-04,Abr/2025,Quinta,Qui,4,17,2025-04-21,21/04 - 27/04/2025,PERDIZES,DELIVERY,882.2
2025-04-24,2025,4,24,Abr,Abril,2025-04,Abr/2025,Quinta,Qui,4,17,2025-04-21,21/04 - 27/04/2025,SANTANA,CASA,36326.79
2025-04-24,2025,4,24,Abr,Abril,2025-04,Abr/2025,Quinta,Qui,4,17,2025-04-21,21/04 - 27/04/2025,SANTANA,DELIVERY,1013.4
2025-04-24,2025,4,24,Abr,Abril,2025-04,Abr/2025,Quinta,Qui,4,17,2025-04-21,21/04 - 27/04/2025,SANTO ANDRÉ,CASA,5413.8
2025-04-24,2025,4,24,Abr,Abril,2025-04,Abr/2025,Quinta,Qui,4,17,2025-04-21,21/04 - 27/04/2025,SANTO ANDRÉ,DELIVERY,217.1
2025-04-24,2025,4,24,Abr,Abril,2025-04,Abr/2025,Quinta,Qui,4,17,2025-04-21,21/04 - 27/04/2025,TATUAPÉ,CASA,3791.26
2025-04-24,2025,4,24,Abr,Abril,2025-04,Abr/2025,Quinta,Qui,4,17,2025-04-21,21/04 - 27/04/2025,TATUAPÉ,DELIVERY,893.71
2025-04-24,2025,4,24,Abr,Abril,2025-04,Abr/2025,Quinta,Qui,4,17,2025-04-21,21/04 - 27/04/2025,VILA MADALENA,CASA,29878.67
2025-04-24,2025,4,24,Abr,Abril,2025-04,Abr/2025,Quinta,Qui,4,17,2025-04-21,21/04 - 27/04/2025,VILA MADALENA,DELIVERY,760.1
2025-04-24,2025,4,24,Abr,Abril,2025-04,Abr/2025,Quinta,Qui,4,17,2025-04-21,21/04 - 27/04/2025,VILA MARIANA,CASA,22557.73
2025-04-24,2025,4,24,Abr,Abril,2025-04,Abr/2025,Quinta,Qui,4,17,2025-04-21,21/04 - 27/04/2025,VILA MARIANA,DELIVERY,999.8
2025-04-25,2025,4,25,Abr,Abril,2025-04,Abr/2025,Sexta,Sex,5,17,2025-04-21,21/04 - 27/04/2025,CARINAS,CASA,53351.7
2025-04-25,2025,4,25,Abr,Abril,2025-04,Abr/2025,Sexta,Sex,5,17,2025-04-21,21/04 - 27/04/2025,CARINAS,DELIVERY,808.9
2025-04-25,2025,4,25,Abr,Abril,2025-04,Abr/2025,Sexta,Sex,5,17,2025-04-21,21/04 - 27/04/2025,CHÁCARA,CASA,15068.37
2025-04-25,2025,4,25,Abr,Abril,2025-04,Abr/2025,Sexta,Sex,5,17,2025-04-21,21/04 - 27/04/2025,CHÁCARA,DELIVERY,501.9
2025-04-25,2025,4,25,Abr,Abril,2025-04,Abr/2025,Sexta,Sex,5,17,2025-04-21,21/04 - 27/04/2025,LAPA,CASA,34187.87
2025-04-25,2025,4,25,Abr,Abril,2025-04,Abr/2025,Sexta,Sex,5,17,2025-04-21,21/04 - 27/04/2025,LAPA,DELIVERY,861.5
2025-04-25,2025,4,25,Abr,Abril,2025-04,Abr/2025,Sexta,Sex,5,17,2025-04-21,21/04 - 27/04/2025,PAVÃO,CASA,4341.77
2025-04-25,2025,4,25,Abr,Abril,2025-04,Abr/2025,Sexta,Sex,5,17,2025-04-21,21/04 - 27/04/2025,PAVÃO,DELIVERY,1151.83
2025-04-25,2025,4,25,Abr,Abril,2025-04,Abr/2025,Sexta,Sex,5,17,2025-04-21,21/04 - 27/04/2025,PERDIZES,CASA,15353.48
2025-04-25,2025,4,25,Abr,Abril,2025-04,Abr/2025,Sexta,Sex,5,17,2025-04-21,21/04 - 27/04/2025,PERDIZES,DELIVERY,1093.7
2025-04-25,2025,4,25,Abr,Abril,2025-04,Abr/2025,Sexta,Sex,5,17,2025-04-21,21/04 - 27/04/2025,SANTANA,CASA,93771.71
2025-04-25,2025,4,25,Abr,Abril,2025-04,Abr/2025,Sexta,Sex,5,17,2025-04-21,21/04 - 27/04/2025,SANTANA,DELIVERY,1022.1
2025-04-25,2025,4,25,Abr,Abril,2025-04,Abr/2025,Sexta,Sex,5,17,2025-04-21,21/04 - 27/04/2025,SANTO ANDRÉ,CASA,91622.11
2025-04-25,2025,4,25,Abr,Abril,2025-04,Abr/2025,Sexta,Sex,5,17,2025-04-21,21/04 - 27/04/2025,SANTO ANDRÉ,DELIVERY,639.6
2025-04-25,2025,4,25,Abr,Abril,2025-04,Abr/2025,Sexta,Sex,5,17,2025-04-21,21/04 - 27/04/2025,TATUAPÉ,CASA,31934.37
2025-04-25,2025,4,25,Abr,Abril,2025-04,Abr/2025,Sexta,Sex,5,17,2025-04-21,21/04 - 27/04/2025,TATUAPÉ,DELIVERY,660.04
2025-04-25,2025,4,25,Abr,Abril,2025-04,Abr/2025,Sexta,Sex,5,17,2025-04-21,21/04 - 27/04/2025,VILA MADALENA,CASA,11805.26
2025-04-25,2025,4,25,Abr,Abril,2025-04,Abr/2025,Sexta,Sex,5,17,2025-04-21,21/04 - 27/04/2025,VILA MADALENA,DELIVERY,617.5
2025-04-25,2025,4,25,Abr,Abril,2025-04,Abr/2025,Sexta,Sex,5,17,2025-04-21,21/04 - 27/04/2025,VILA MARIANA,CASA,50179.77
2025-04-25,2025,4,25,Abr,Abril,2025-04,Abr/2025,Sexta,Sex,5,17,2025-04-21,21/04 - 27/04/2025,VILA MARIANA,DELIVERY,1179.4
2025-04-26,2025,4,26,Abr,Abril,2025-04,Abr/2025,Sábado,Sáb,6,17,2025-04-21,21/04 - 27/04/2025,CARINAS,CASA,192679.62
2025-04-26,2025,4,26,Abr,Abril,2025-04,Abr/2025,Sábado,Sáb,6,17,2025-04-21,21/04 - 27/04/2025,CHÁCARA,CASA,9515.78
2025-04-26,2025,4,26,Abr,Abril,2025-04,Abr/2025,Sábado,Sáb,6,17,2025-04-21,21/04 - 27/04/2025,CHÁCARA,DELIVERY,1336.7
2025-04-26,2025,4,26,Abr,Abril,2025-04,Abr/2025,Sábado,Sáb,6,17,2025-04-21,21/04 - 27/04/2025,LAPA,CASA,49485.88
2025-04-26,2025,4,26,Abr,Abril,2025-04,Abr/2025,Sábado,Sáb,6,17,2025-04-21,21/04 - 27/04/2025,LAPA,DELIVERY,1965.4
2025-04-26,2025,4,26,Abr,Abril,2025-04,Abr/2025,Sábado,Sáb,6,17,2025-04-21,21/04 - 27/04/2025,PAVÃO,CASA,47175.66
2025-04-26,2025,4,26,Abr,Abril,2025-04,Abr/2025,Sábado,Sáb,6,17,2025-04-21,21/04 - 27/04/2025,PAVÃO,DELIVERY,1674.87
2025-04-26,2025,4,26,Abr,Abril,2025-04,Abr/2025,Sábado,Sáb,6,17,2025-04-21,21/04 - 27/04/2025,PERDIZES,CASA,50714.9
2025-04-26,2025,4,26,Abr,Abril,2025-04,Abr/2025,Sábado,Sáb,6,17,2025-04-21,21/04 - 27/04/2025,PERDIZES,DELIVERY,2465.9
2025-04-26,2025,4,26,Abr,Abril,2025-04,Abr/2025,Sábado,Sáb,6,17,2025-04-21,21/04 - 27/04/2025,SANTANA,CASA,127342.14
2025-04-26,2025,4,26,Abr,Abril,2025-04,Abr/2025,Sábado,Sáb,6,17,2025-04-21,21/04 - 27/04/2025,SANTANA,DELIVERY,3378.6
2025-04-26,2025,4,26,Abr,Abril,2025-04,Abr/2025,Sábado,Sáb,6,17,2025-04-21,21/04 - 27/04/2025,SANTO ANDRÉ,CASA,179230.92
2025-04-26,2025,4,26,Abr,Abril,2025-04,Abr/2025,Sábado,Sáb,6,17,2025-04-21,21/04 - 27/04/2025,SANTO ANDRÉ,DELIVERY,641.4
2025-04-26,2025,4,26,Abr,Abril,2025-04,Abr/2025,Sábado,Sáb,6,17,2025-04-21,21/04 - 27/04/2025,TATUAPÉ,CASA,172132.68
2025-04-26,2025,4,26,Abr,Abril,2025-04,Abr/2025,Sábado,Sáb,6,17,2025-04-21,21/04 - 27/04/2025,TATUAPÉ,DELIVERY,2458.34
2025-04-26,2025,4,26,Abr,Abril,2025-04,Abr/2025,Sábado,Sáb,6,17,2025-04-21,21/04 - 27/04/2025,VILA MADALENA,CASA,63224.66
2025-04-26,2025,4,26,Abr,Abril,2025-04,Abr/2025,Sábado,Sáb,6,17,2025-04-21,21/04 - 27/04/2025,VILA MADALENA,DELIVERY,563.4
2025-04-26,2025,4,26,Abr,Abril,2025-04,Abr/2025,Sábado,Sáb,6,17,2025-04-21,21/04 - 27/04/2025,VILA MARIANA,CASA,59156.38
2025-04-26,2025,4,26,Abr,Abril,2025-04,Abr/2025,Sábado,Sáb,6,17,2025-04-21,21/04 - 27/04/2025,VILA MARIANA,DELIVERY,4049.5
2025-04-27,2025,4,27,Abr,Abril,2025-04,Abr/2025,Domingo,Dom,7,17,2025-04-21,21/04 - 27/04/2025,CARINAS,CASA,57624.75
2025-04-27,2025,4,27,Abr,Abril,2025-04,Abr/2025,Domingo,Dom,7,17,2025-04-21,21/04 - 27/04/2025,CARINAS,DELIVERY,5132.1
2025-04-27,2025,4,27,Abr,Abril,2025-04,Abr/2025,Domingo,Dom,7,17,2025-04-21,21/04 - 27/04/2025,CHÁCARA,CASA,21888.54
2025-04-27,2025,4,27,Abr,Abril,2025-04,Abr/2025,Domingo,Dom,7,17,2025-04-21,21/04 - 27/04/2025,CHÁCARA,DELIVERY,1811.1
2025-04-27,2025,4,27,Abr,Abril,2025-04,Abr/2025,Domingo,Dom,7,17,2025-04-21,21/04 - 27/04/2025,LAPA,CASA,26046.19
2025-04-27,2025,4,27,Abr,Abril,2025-04,Abr/2025,Domingo,Dom,7,17,2025-04-21,21/04 - 27/04/2025,LAPA,DELIVERY,3883.7
2025-04-27,2025,4,27,Abr,Abril,2025-04,Abr/2025,Domingo,Dom,7,17,2025-04-21,21/04 - 27/04/2025,PAVÃO,CASA,12017.77
2025-04-27,2025,4,27,Abr,Abril,2025-04,Abr/2025,Domingo,Dom,7,17,2025-04-21,21/04 - 27/04/2025,PAVÃO,DELIVERY,4846.22
2025-04-27,2025,4,27,Abr,Abril,2025-04,Abr/2025,Domingo,Dom,7,17,2025-04-21,21/04 - 27/04/2025,PERDIZES,CASA,29037.17
2025-04-27,2025,4,27,Abr,Abril,2025-04,Abr/2025,Domingo,Dom,7,17,2025-04-21,21/04 - 27/04/2025,PERDIZES,DELIVERY,2316.8
2025-04-27,2025,4,27,Abr,Abril,2025-04,Abr/2025,Domingo,Dom,7,17,2025-04-21,21/04 - 27/04/2025,SANTANA,CASA,65389.16
2025-04-27,2025,4,27,Abr,Abril,2025-04,Abr/2025,Domingo,Dom,7,17,2025-04-21,21/04 - 27/04/2025,SANTANA,DELIVERY,3544.6
2025-04-27,2025,4,27,Abr,Abril,2025-04,Abr/2025,Domingo,Dom,7,17,2025-04-21,21/04 - 27/04/2025,SANTO ANDRÉ,CASA,46584.01
2025-04-27,2025,4,27,Abr,Abril,2025-04,Abr/2025,Domingo,Dom,7,17,2025-04-21,21/04 - 27/04/2025,SANTO ANDRÉ,DELIVERY,1243.6
2025-04-27,2025,4,27,Abr,Abril,2025-04,Abr/2025,Domingo,Dom,7,17,2025-04-21,21/04 - 27/04/2025,TATUAPÉ,CASA,47552.13
2025-04-27,2025,4,27,Abr,Abril,2025-04,Abr/2025,Domingo,Dom,7,17,2025-04-21,21/04 - 27/04/2025,TATUAPÉ,DELIVERY,2686.9
2025-04-27,2025,4,27,Abr,Abril,2025-04,Abr/2025,Domingo,Dom,7,17,2025-04-21,21/04 - 27/04/2025,VILA MADALENA,CASA,16553.46
2025-04-27,2025,4,27,Abr,Abril,2025-04,Abr/2025,Domingo,Dom,7,17,2025-04-21,21/04 - 27/04/2025,VILA MADALENA,DELIVERY,1404.7
2025-04-27,2025,4,27,Abr,Abril,2025-04,Abr/2025,Domingo,Dom,7,17,2025-04-21,21/04 - 27/04/2025,VILA MARIANA,CASA,33548.08
2025-04-27,2025,4,27,Abr,Abril,2025-04,Abr/2025,Domingo,Dom,7,17,2025-04-21,21/04 - 27/04/2025,VILA MARIANA,DELIVERY,3546.1
2025-04-28,2025,4,28,Abr,Abril,2025-04,Abr/2025,Segunda,Seg,1,18,2025-04-28,28/04 - 04/05/2025,LAPA,CASA,13000.0
2025-04-28,2025,4,28,Abr,Abril,2025-04,Abr/2025,Segunda,Seg,1,18,2025-04-28,28/04 - 04/05/2025,TATUAPÉ,CASA,15181.42
2025-04-29,2025,4,29,Abr,Abril,2025-04,Abr/2025,Terça,Ter,2,18,2025-04-28,28/04 - 04/05/2025,CARINAS,CASA,24708.93
2025-04-29,2025,4,29,Abr,Abril,2025-04,Abr/2025,Terça,Ter,2,18,2025-04-28,28/04 - 04/05/2025,CARINAS,DELIVERY,509.3
2025-04-29,2025,4,29,Abr,Abril,2025-04,Abr/2025,Terça,Ter,2,18,2025-04-28,28/04 - 04/05/2025,CHÁCARA,CASA,3424.45
2025-04-29,2025,4,29,Abr,Abril,2025-04,Abr/2025,Terça,Ter,2,18,2025-04-28,28/04 - 04/05/2025,CHÁCARA,DELIVERY,479.1
2025-04-29,2025,4,29,Abr,Abril,2025-04,Abr/2025,Terça,Ter,2,18,2025-04-28,28/04 - 04/05/2025,LAPA,CASA,6305.38
2025-04-29,2025,4,29,Abr,Abril,2025-04,Abr/2025,Terça,Ter,2,18,2025-04-28,28/04 - 04/05/2025,LAPA,DELIVERY,1187.1
2025-04-29,2025,4,29,Abr,Abril,2025-04,Abr/2025,Terça,Ter,2,18,2025-04-28,28/04 - 04/05/2025,PAVÃO,CASA,3700.62
2025-04-29,2025,4,29,Abr,Abril,2025-04,Abr/2025,Terça,Ter,2,18,2025-04-28,28/04 - 04/05/2025,PAVÃO,DELIVERY,1079.17
2025-04-29,2025,4,29,Abr,Abril,2025-04,Abr/2025,Terça,Ter,2,18,2025-04-28,28/04 - 04/05/2025,PERDIZES,CASA,2007.64
2025-04-29,2025,4,29,Abr,Abril,2025-04,Abr/2025,Terça,Ter,2,18,2025-04-28,28/04 - 04/05/2025,PERDIZES,DELIVERY,662.4
2025-04-29,2025,4,29,Abr,Abril,2025-04,Abr/2025,Terça,Ter,2,18,2025-04-28,28/04 - 04/05/2025,SANTANA,CASA,11403.59
2025-04-29,2025,4,29,Abr,Abril,2025-04,Abr/2025,Terça,Ter,2,18,2025-04-28,28/04 - 04/05/2025,SANTANA,DELIVERY,912.1
2025-04-29,2025,4,29,Abr,Abril,2025-04,Abr/2025,Terça,Ter,2,18,2025-04-28,28/04 - 04/05/2025,TATUAPÉ,CASA,13293.34
2025-04-29,2025,4,29,Abr,Abril,2025-04,Abr/2025,Terça,Ter,2,18,2025-04-28,28/04 - 04/05/2025,TATUAPÉ,DELIVERY,727.53
2025-04-29,2025,4,29,Abr,Abril,2025-04,Abr/2025,Terça,Ter,2,18,2025-04-28,28/04 - 04/05/2025,VILA MADALENA,CASA,32554.97
2025-04-29,2025,4,29,Abr,Abril,2025-04,Abr/2025,Terça,Ter,2,18,2025-04-28,28/04 - 04/05/2025,VILA MADALENA,DELIVERY,672.0
2025-04-29,2025,4,29,Abr,Abril,2025-04,Abr/2025,Terça,Ter,2,18,2025-04-28,28/04 - 04/05/2025,VILA MARIANA,CASA,8659.84
2025-04-29,2025,4,29,Abr,Abril,2025-04,Abr/2025,Terça,Ter,2,18,2025-04-28,28/04 - 04/05/2025,VILA MARIANA,DELIVERY,631.4
2025-04-30,2025,4,30,Abr,Abril,2025-04,Abr/2025,Quarta,Qua,3,18,2025-04-28,28/04 - 04/05/2025,CARINAS,CASA,21794.95
2025-04-30,2025,4,30,Abr,Abril,2025-04,Abr/2025,Quarta,Qua,3,18,2025-04-28,28/04 - 04/05/2025,CARINAS,DELIVERY,836.5
2025-04-30,2025,4,30,Abr,Abril,2025-04,Abr/2025,Quarta,Qua,3,18,2025-04-28,28/04 - 04/05/2025,CHÁCARA,CASA,9806.89
2025-04-30,2025,4,30,Abr,Abril,2025-04,Abr/2025,Quarta,Qua,3,18,2025-04-28,28/04 - 04/05/2025,CHÁCARA,DELIVERY,879.8
2025-04-30,2025,4,30,Abr,Abril,2025-04,Abr/2025,Quarta,Qua,3,18,2025-04-28,28/04 - 04/05/2025,LAPA,CASA,17418.34
2025-04-30,2025,4,30,Abr,Abril,2025-04,Abr/2025,Quarta,Qua,3,18,2025-04-28,28/04 - 04/05/2025,LAPA,DELIVERY,963.5
2025-04-30,2025,4,30,Abr,Abril,2025-04,Abr/2025,Quarta,Qua,3,18,2025-04-28,28/04 - 04/05/2025,PAVÃO,CASA,10116.66
2025-04-30,2025,4,30,Abr,Abril,2025-04,Abr/2025,Quarta,Qua,3,18,2025-04-28,28/04 - 04/05/2025,PAVÃO,DELIVERY,1892.72
2025-04-30,2025,4,30,Abr,Abril,2025-04,Abr/2025,Quarta,Qua,3,18,2025-04-28,28/04 - 04/05/2025,PERDIZES,CASA,5547.43
2025-04-30,2025,4,30,Abr,Abril,2025-04,Abr/2025,Quarta,Qua,3,18,2025-04-28,28/04 - 04/05/2025,PERDIZES,DELIVERY,1225.0
2025-04-30,2025,4,30,Abr,Abril,2025-04,Abr/2025,Quarta,Qua,3,18,2025-04-28,28/04 - 04/05/2025,SANTANA,CASA,39497.35
2025-04-30,2025,4,30,Abr,Abril,2025-04,Abr/2025,Quarta,Qua,3,18,2025-04-28,28/04 - 04/05/2025,SANTANA,DELIVERY,1314.0
2025-04-30,2025,4,30,Abr,Abril,2025-04,Abr/2025,Quarta,Qua,3,18,2025-04-28,28/04 - 04/05/2025,SANTO ANDRÉ,CASA,86618.17
2025-04-30,2025,4,30,Abr,Abril,2025-04,Abr/2025,Quarta,Qua,3,18,2025-04-28,28/04 - 04/05/2025,SANTO ANDRÉ,DELIVERY,165.6
2025-04-30,2025,4,30,Abr,Abril,2025-04,Abr/2025,Quarta,Qua,3,18,2025-04-28,28/04 - 04/05/2025,TATUAPÉ,CASA,97877.49
2025-04-30,2025,4,30,Abr,Abril,2025-04,Abr/2025,Quarta,Qua,3,18,2025-04-28,28/04 - 04/05/2025,TATUAPÉ,DELIVERY,634.22
2025-04-30,2025,4,30,Abr,Abril,2025-04,Abr/2025,Quarta,Qua,3,18,2025-04-28,28/04 - 04/05/2025,VILA MADALENA,CASA,21332.0
2025-04-30,2025,4,30,Abr,Abril,2025-04,Abr/2025,Quarta,Qua,3,18,2025-04-28,28/04 - 04/05/2025,VILA MADALENA,DELIVERY,358.7
2025-04-30,2025,4,30,Abr,Abril,2025-04,Abr/2025,Quarta,Qua,3,18,2025-04-28,28/04 - 04/05/2025,VILA MARIANA,CASA,21115.8
2025-04-30,2025,4,30,Abr,Abril,2025-04,Abr/2025,Quarta,Qua,3,18,2025-04-28,28/04 - 04/05/2025,VILA MARIANA,DELIVERY,1084.2
2025-05-01,2025,5,1,Mai,Maio,2025-05,Mai/2025,Quinta,Qui,4,18,2025-04-28,28/04 - 04/05/2025,CARINAS,CASA,49444.14
2025-05-01,2025,5,1,Mai,Maio,2025-05,Mai/2025,Quinta,Qui,4,18,2025-04-28,28/04 - 04/05/2025,CARINAS,DELIVERY,3094.7
2025-05-01,2025,5,1,Mai,Maio,2025-05,Mai/2025,Quinta,Qui,4,18,2025-04-28,28/04 - 04/05/2025,CHÁCARA,CASA,16733.74
2025-05-01,2025,5,1,Mai,Maio,2025-05,Mai/2025,Quinta,Qui,4,18,2025-04-28,28/04 - 04/05/2025,CHÁCARA,DELIVERY,650.3
2025-05-01,2025,5,1,Mai,Maio,2025-05,Mai/2025,Quinta,Qui,4,18,2025-04-28,28/04 - 04/05/2025,LAPA,CASA,27861.92
2025-05-01,2025,5,1,Mai,Maio,2025-05,Mai/2025,Quinta,Qui,4,18,2025-04-28,28/04 - 04/05/2025,LAPA,DELIVERY,977.9
2025-05-01,2025,5,1,Mai,Maio,2025-05,Mai/2025,Quinta,Qui,4,18,2025-04-28,28/04 - 04/05/2025,PAVÃO,CASA,15244.11
2025-05-01,2025,5,1,Mai,Maio,2025-05,Mai/2025,Quinta,Qui,4,18,2025-04-28,28/04 - 04/05/2025,PAVÃO,DELIVERY,3206.36
2025-05-01,2025,5,1,Mai,Maio,2025-05,Mai/2025,Quinta,Qui,4,18,2025-04-28,28/04 - 04/05/2025,PERDIZES,CASA,20603.66
2025-05-01,2025,5,1,Mai,Maio,2025-05,Mai/2025,Quinta,Qui,4,18,2025-04-28,28/04 - 04/05/2025,PERDIZES,DELIVERY,2145.5
2025-05-01,2025,5,1,Mai,Maio,2025-05,Mai/2025,Quinta,Qui,4,18,2025-04-28,28/04 - 04/05/2025,SANTANA,CASA,63355.05
2025-05-01,2025,5,1,Mai,Maio,2025-05,Mai/2025,Quinta,Qui,4,18,2025-04-28,28/04 - 04/05/2025,SANTANA,DELIVERY,2454.6
2025-05-01,2025,5,1,Mai,Maio,2025-05,Mai/2025,Quinta,Qui,4,18,2025-04-28,28/04 - 04/05/2025,SANTO ANDRÉ,CASA,46022.52
2025-05-01,2025,5,1,Mai,Maio,2025-05,Mai/2025,Quinta,Qui,4,18,2025-04-28,28/04 - 04/05/2025,SANTO ANDRÉ,DELIVERY,974.1
2025-05-01,2025,5,1,Mai,Maio,2025-05,Mai/2025,Quinta,Qui,4,18,2025-04-28,28/04 - 04/05/2025,TATUAPÉ,CASA,64353.93
2025-05-01,2025,5,1,Mai,Maio,2025-05,Mai/2025,Quinta,Qui,4,18,2025-04-28,28/04 - 04/05/2025,TATUAPÉ,DELIVERY,2123.49
2025-05-01,2025,5,1,Mai,Maio,2025-05,Mai/2025,Quinta,Qui,4,18,2025-04-28,28/04 - 04/05/2025,VILA MADALENA,CASA,32680.27
2025-05-01,2025,5,1,Mai,Maio,2025-05,Mai/2025,Quinta,Qui,4,18,2025-04-28,28/04 - 04/05/2025,VILA MADALENA,DELIVERY,272.4
2025-05-01,2025,5,1,Mai,Maio,2025-05,Mai/2025,Quinta,Qui,4,18,2025-04-28,28/04 - 04/05/2025,VILA MARIANA,CASA,38280.42
2025-05-01,2025,5,1,Mai,Maio,2025-05,Mai/2025,Quinta,Qui,4,18,2025-04-28,28/04 - 04/05/2025,VILA MARIANA,DELIVERY,1271.9
2025-05-02,2025,5,2,Mai,Maio,2025-05,Mai/2025,Sexta,Sex,5,18,2025-04-28,28/04 - 04/05/2025,CARINAS,CASA,25461.83
2025-05-02,2025,5,2,Mai,Maio,2025-05,Mai/2025,Sexta,Sex,5,18,2025-04-28,28/04 - 04/05/2025,CARINAS,DELIVERY,723.8
2025-05-02,2025,5,2,Mai,Maio,2025-05,Mai/2025,Sexta,Sex,5,18,2025-04-28,28/04 - 04/05/2025,CHÁCARA,CASA,3963.27
2025-05-02,2025,5,2,Mai,Maio,2025-05,Mai/2025,Sexta,Sex,5,18,2025-04-28,28/04 - 04/05/2025,LAPA,CASA,22181.29
2025-05-02,2025,5,2,Mai,Maio,2025-05,Mai/2025,Sexta,Sex,5,18,2025-04-28,28/04 - 04/05/2025,LAPA,DELIVERY,2442.6
2025-05-02,2025,5,2,Mai,Maio,2025-05,Mai/2025,Sexta,Sex,5,18,2025-04-28,28/04 - 04/05/2025,PAVÃO,CASA,7131.45
2025-05-02,2025,5,2,Mai,Maio,2025-05,Mai/2025,Sexta,Sex,5,18,2025-04-28,28/04 - 04/05/2025,PAVÃO,DELIVERY,1076.55
2025-05-02,2025,5,2,Mai,Maio,2025-05,Mai/2025,Sexta,Sex,5,18,2025-04-28,28/04 - 04/05/2025,PERDIZES,CASA,10438.63
2025-05-02,2025,5,2,Mai,Maio,2025-05,Mai/2025,Sexta,Sex,5,18,2025-04-28,28/04 - 04/05/2025,PERDIZES,DELIVERY,671.1
2025-05-02,2025,5,2,Mai,Maio,2025-05,Mai/2025,Sexta,Sex,5,18,2025-04-28,28/04 - 04/05/2025,SANTANA,CASA,23992.71
2025-05-02,2025,5,2,Mai,Maio,2025-05,Mai/2025,Sexta,Sex,5,18,2025-04-28,28/04 - 04/05/2025,SANTANA,DELIVERY,1533.7
2025-05-02,2025,5,2,Mai,Maio,2025-05,Mai/2025,Sexta,Sex,5,18,2025-04-28,28/04 - 04/05/2025,SANTO ANDRÉ,CASA,15935.88
2025-05-02,2025,5,2,Mai,Maio,2025-05,Mai/2025,Sexta,Sex,5,18,2025-04-28,28/04 - 04/05/2025,SANTO ANDRÉ,DELIVERY,276.5
2025-05-02,2025,5,2,Mai,Maio,2025-05,Mai/2025,Sexta,Sex,5,18,2025-04-28,28/04 - 04/05/2025,TATUAPÉ,CASA,18301.24
2025-05-02,2025,5,2,Mai,Maio,2025-05,Mai/2025,Sexta,Sex,5,18,2025-04-28,28/04 - 04/05/2025,TATUAPÉ,DELIVERY,793.47
2025-05-02,2025,5,2,Mai,Maio,2025-05,Mai/2025,Sexta,Sex,5,18,2025-04-28,28/04 - 04/05/2025,VILA MADALENA,CASA,5815.21
2025-05-02,2025,5,2,Mai,Maio,2025-05,Mai/2025,Sexta,Sex,5,18,2025-04-28,28/04 - 04/05/2025,VILA MADALENA,DELIVERY,613.8
2025-05-02,2025,5,2,Mai,Maio,2025-05,Mai/2025,Sexta,Sex,5,18,2025-04-28,28/04 - 04/05/2025,VILA MARIANA,CASA,16911.23
2025-05-02,2025,5,2,Mai,Maio,2025-05,Mai/2025,Sexta,Sex,5,18,2025-04-28,28/04 - 04/05/2025,VILA MARIANA,DELIVERY,761.0
2025-05-03,2025,5,3,Mai,Maio,2025-05,Mai/2025,Sábado,Sáb,6,18,2025-04-28,28/04 - 04/05/2025,CARINAS,CASA,139836.27
2025-05-03,2025,5,3,Mai,Maio,2025-05,Mai/2025,Sábado,Sáb,6,18,2025-04-28,28/04 - 04/05/2025,CARINAS,DELIVERY,2222.9
2025-05-03,2025,5,3,Mai,Maio,2025-05,Mai/2025,Sábado,Sáb,6,18,2025-04-28,28/04 - 04/05/2025,CHÁCARA,CASA,14809.06
2025-05-03,2025,5,3,Mai,Maio,2025-05,Mai/2025,Sábado,Sáb,6,18,2025-04-28,28/04 - 04/05/2025,CHÁCARA,DELIVERY,2110.9
2025-05-03,2025,5,3,Mai,Maio,2025-05,Mai/2025,Sábado,Sáb,6,18,2025-04-28,28/04 - 04/05/2025,LAPA,CASA,45921.61
2025-05-03,2025,5,3,Mai,Maio,2025-05,Mai/2025,Sábado,Sáb,6,18,2025-04-28,28/04 - 04/05/2025,LAPA,DELIVERY,2108.9
2025-05-03,2025,5,3,Mai,Maio,2025-05,Mai/2025,Sábado,Sáb,6,18,2025-04-28,28/04 - 04/05/2025,PAVÃO,CASA,25814.38
2025-05-03,2025,5,3,Mai,Maio,2025-05,Mai/2025,Sábado,Sáb,6,18,2025-04-28,28/04 - 04/05/2025,PAVÃO,DELIVERY,1999.78
2025-05-03,2025,5,3,Mai,Maio,2025-05,Mai/2025,Sábado,Sáb,6,18,2025-04-28,28/04 - 04/05/2025,PERDIZES,CASA,54254.78
2025-05-03,2025,5,3,Mai,Maio,2025-05,Mai/2025,Sábado,Sáb,6,18,2025-04-28,28/04 - 04/05/2025,PERDIZES,DELIVERY,825.7
2025-05-03,2025,5,3,Mai,Maio,2025-05,Mai/2025,Sábado,Sáb,6,18,2025-04-28,28/04 - 04/05/2025,SANTANA,CASA,107397.5
2025-05-03,2025,5,3,Mai,Maio,2025-05,Mai/2025,Sábado,Sáb,6,18,2025-04-28,28/04 - 04/05/2025,SANTANA,DELIVERY,4039.7
2025-05-03,2025,5,3,Mai,Maio,2025-05,Mai/2025,Sábado,Sáb,6,18,2025-04-28,28/04 - 04/05/2025,SANTO ANDRÉ,CASA,114001.92
2025-05-03,2025,5,3,Mai,Maio,2025-05,Mai/2025,Sábado,Sáb,6,18,2025-04-28,28/04 - 04/05/2025,SANTO ANDRÉ,DELIVERY,1522.9
2025-05-03,2025,5,3,Mai,Maio,2025-05,Mai/2025,Sábado,Sáb,6,18,2025-04-28,28/04 - 04/05/2025,TATUAPÉ,CASA,125224.04
2025-05-03,2025,5,3,Mai,Maio,2025-05,Mai/2025,Sábado,Sáb,6,18,2025-04-28,28/04 - 04/05/2025,TATUAPÉ,DELIVERY,3011.09
2025-05-03,2025,5,3,Mai,Maio,2025-05,Mai/2025,Sábado,Sáb,6,18,2025-04-28,28/04 - 04/05/2025,VILA MADALENA,CASA,34973.36
2025-05-03,2025,5,3,Mai,Maio,2025-05,Mai/2025,Sábado,Sáb,6,18,2025-04-28,28/04 - 04/05/2025,VILA MADALENA,DELIVERY,1599.1
2025-05-03,2025,5,3,Mai,Maio,2025-05,Mai/2025,Sábado,Sáb,6,18,2025-04-28,28/04 - 04/05/2025,VILA MARIANA,CASA,42422.22
2025-05-03,2025,5,3,Mai,Maio,2025-05,Mai/2025,Sábado,Sáb,6,18,2025-04-28,28/04 - 04/05/2025,VILA MARIANA,DELIVERY,2294.0
2025-05-04,2025,5,4,Mai,Maio,2025-05,Mai/2025,Domingo,Dom,7,18,2025-04-28,28/04 - 04/05/2025,CARINAS,CASA,46789.44
2025-05-04,2025,5,4,Mai,Maio,2025-05,Mai/2025,Domingo,Dom,7,18,2025-04-28,28/04 - 04/05/2025,CARINAS,DELIVERY,2720.4
2025-05-04,2025,5,4,Mai,Maio,2025-05,Mai/2025,Domingo,Dom,7,18,2025-04-28,28/04 - 04/05/2025,CHÁCARA,CASA,4674.19
2025-05-04,2025,5,4,Mai,Maio,2025-05,Mai/2025,Domingo,Dom,7,18,2025-04-28,28/04 - 04/05/2025,CHÁCARA,DELIVERY,3480.6
2025-05-04,2025,5,4,Mai,Maio,2025-05,Mai/2025,Domingo,Dom,7,18,2025-04-28,28/04 - 04/05/2025,LAPA,CASA,24364.89
2025-05-04,2025,5,4,Mai,Maio,2025-05,Mai/2025,Domingo,Dom,7,18,2025-04-28,28/04 - 04/05/2025,LAPA,DELIVERY,2917.5
2025-05-04,2025,5,4,Mai,Maio,2025-05,Mai/2025,Domingo,Dom,7,18,2025-04-28,28/04 - 04/05/2025,PAVÃO,CASA,8208.0
2025-05-04,2025,5,4,Mai,Maio,2025-05,Mai/2025,Domingo,Dom,7,18,2025-04-28,28/04 - 04/05/2025,PAVÃO,DELIVERY,2387.97
2025-05-04,2025,5,4,Mai,Maio,2025-05,Mai/2025,Domingo,Dom,7,18,2025-04-28,28/04 - 04/05/2025,PERDIZES,CASA,36229.78
2025-05-04,2025,5,4,Mai,Maio,2025-05,Mai/2025,Domingo,Dom,7,18,2025-04-28,28/04 - 04/05/2025,PERDIZES,DELIVERY,3641.5
2025-05-04,2025,5,4,Mai,Maio,2025-05,Mai/2025,Domingo,Dom,7,18,2025-04-28,28/04 - 04/05/2025,SANTANA,CASA,32391.11
2025-05-04,2025,5,4,Mai,Maio,2025-05,Mai/2025,Domingo,Dom,7,18,2025-04-28,28/04 - 04/05/2025,SANTANA,DELIVERY,7170.0
2025-05-04,2025,5,4,Mai,Maio,2025-05,Mai/2025,Domingo,Dom,7,18,2025-04-28,28/04 - 04/05/2025,SANTO ANDRÉ,CASA,14305.61
2025-05-04,2025,5,4,Mai,Maio,2025-05,Mai/2025,Domingo,Dom,7,18,2025-04-28,28/04 - 04/05/2025,SANTO ANDRÉ,DELIVERY,928.3
2025-05-04,2025,5,4,Mai,Maio,2025-05,Mai/2025,Domingo,Dom,7,18,2025-04-28,28/04 - 04/05/2025,TATUAPÉ,CASA,44448.01
2025-05-04,2025,5,4,Mai,Maio,2025-05,Mai/2025,Domingo,Dom,7,18,2025-04-28,28/04 - 04/05/2025,TATUAPÉ,DELIVERY,3005.54
2025-05-04,2025,5,4,Mai,Maio,2025-05,Mai/2025,Domingo,Dom,7,18,2025-04-28,28/04 - 04/05/2025,VILA MADALENA,CASA,13383.96
2025-05-04,2025,5,4,Mai,Maio,2025-05,Mai/2025,Domingo,Dom,7,18,2025-04-28,28/04 - 04/05/2025,VILA MADALENA,DELIVERY,609.1
2025-05-04,2025,5,4,Mai,Maio,2025-05,Mai/2025,Domingo,Dom,7,18,2025-04-28,28/04 - 04/05/2025,VILA MARIANA,CASA,29016.89
2025-05-04,2025,5,4,Mai,Maio,2025-05,Mai/2025,Domingo,Dom,7,18,2025-04-28,28/04 - 04/05/2025,VILA MARIANA,DELIVERY,3270.2
2025-05-05,2025,5,5,Mai,Maio,2025-05,Mai/2025,Segunda,Seg,1,19,2025-05-05,05/05 - 11/05/2025,SANTO ANDRÉ,CASA,219.9
2025-05-05,2025,5,5,Mai,Maio,2025-05,Mai/2025,Segunda,Seg,1,19,2025-05-05,05/05 - 11/05/2025,TATUAPÉ,CASA,14178.32
2025-05-05,2025,5,5,Mai,Maio,2025-05,Mai/2025,Segunda,Seg,1,19,2025-05-05,05/05 - 11/05/2025,TATUAPÉ,DELIVERY,1585.59
2025-05-06,2025,5,6,Mai,Maio,2025-05,Mai/2025,Terça,Ter,2,19,2025-05-05,05/05 - 11/05/2025,CARINAS,CASA,28415.06
2025-05-06,2025,5,6,Mai,Maio,2025-05,Mai/2025,Terça,Ter,2,19,2025-05-05,05/05 - 11/05/2025,CARINAS,DELIVERY,824.7
2025-05-06,2025,5,6,Mai,Maio,2025-05,Mai/2025,Terça,Ter,2,19,2025-05-05,05/05 - 11/05/2025,CHÁCARA,CASA,24338.38
2025-05-06,2025,5,6,Mai,Maio,2025-05,Mai/2025,Terça,Ter,2,19,2025-05-05,05/05 - 11/05/2025,CHÁCARA,DELIVERY,1172.1
2025-05-06,2025,5,6,Mai,Maio,2025-05,Mai/2025,Terça,Ter,2,19,2025-05-05,05/05 - 11/05/2025,LAPA,CASA,15448.48
2025-05-06,2025,5,6,Mai,Maio,2025-05,Mai/2025,Terça,Ter,2,19,2025-05-05,05/05 - 11/05/2025,LAPA,DELIVERY,1352.3
2025-05-06,2025,5,6,Mai,Maio,2025-05,Mai/2025,Terça,Ter,2,19,2025-05-05,05/05 - 11/05/2025,PAVÃO,CASA,1741.82
2025-05-06,2025,5,6,Mai,Maio,2025-05,Mai/2025,Terça,Ter,2,19,2025-05-05,05/05 - 11/05/2025,PAVÃO,DELIVERY,985.68
2025-05-06,2025,5,6,Mai,Maio,2025-05,Mai/2025,Terça,Ter,2,19,2025-05-05,05/05 - 11/05/2025,PERDIZES,CASA,2653.64
2025-05-06,2025,5,6,Mai,Maio,2025-05,Mai/2025,Terça,Ter,2,19,2025-05-05,05/05 - 11/05/2025,PERDIZES,DELIVERY,479.9
2025-05-06,2025,5,6,Mai,Maio,2025-05,Mai/2025,Terça,Ter,2,19,2025-05-05,05/05 - 11/05/2025,SANTANA,CASA,61737.03
2025-05-06,2025,5,6,Mai,Maio,2025-05,Mai/2025,Terça,Ter,2,19,2025-05-05,05/05 - 11/05/2025,SANTANA,DELIVERY,935.5
2025-05-06,2025,5,6,Mai,Maio,2025-05,Mai/2025,Terça,Ter,2,19,2025-05-05,05/05 - 11/05/2025,TATUAPÉ,CASA,21552.79
2025-05-06,2025,5,6,Mai,Maio,2025-05,Mai/2025,Terça,Ter,2,19,2025-05-05,05/05 - 11/05/2025,TATUAPÉ,DELIVERY,564.0
2025-05-06,2025,5,6,Mai,Maio,2025-05,Mai/2025,Terça,Ter,2,19,2025-05-05,05/05 - 11/05/2025,VILA MADALENA,CASA,1705.0
2025-05-06,2025,5,6,Mai,Maio,2025-05,Mai/2025,Terça,Ter,2,19,2025-05-05,05/05 - 11/05/2025,VILA MADALENA,DELIVERY,406.6
2025-05-06,2025,5,6,Mai,Maio,2025-05,Mai/2025,Terça,Ter,2,19,2025-05-05,05/05 - 11/05/2025,VILA MARIANA,CASA,7196.31
2025-05-06,2025,5,6,Mai,Maio,2025-05,Mai/2025,Terça,Ter,2,19,2025-05-05,05/05 - 11/05/2025,VILA MARIANA,DELIVERY,1152.8
2025-05-07,2025,5,7,Mai,Maio,2025-05,Mai/2025,Quarta,Qua,3,19,2025-05-05,05/05 - 11/05/2025,CARINAS,CASA,40288.66
2025-05-07,2025,5,7,Mai,Maio,2025-05,Mai/2025,Quarta,Qua,3,19,2025-05-05,05/05 - 11/05/2025,CARINAS,DELIVERY,629.81
2025-05-07,2025,5,7,Mai,Maio,2025-05,Mai/2025,Quarta,Qua,3,19,2025-05-05,05/05 - 11/05/2025,CHÁCARA,CASA,9011.69
2025-05-07,2025,5,7,Mai,Maio,2025-05,Mai/2025,Quarta,Qua,3,19,2025-05-05,05/05 - 11/05/2025,CHÁCARA,DELIVERY,711.3
2025-05-07,2025,5,7,Mai,Maio,2025-05,Mai/2025,Quarta,Qua,3,19,2025-05-05,05/05 - 11/05/2025,LAPA,CASA,1554.92
2025-05-07,2025,5,7,Mai,Maio,2025-05,Mai/2025,Quarta,Qua,3,19,2025-05-05,05/05 - 11/05/2025,LAPA,DELIVERY,1330.3
2025-05-07,2025,5,7,Mai,Maio,2025-05,Mai/2025,Quarta,Qua,3,19,2025-05-05,05/05 - 11/05/2025,PAVÃO,CASA,3385.98
2025-05-07,2025,5,7,Mai,Maio,2025-05,Mai/2025,Quarta,Qua,3,19,2025-05-05,05/05 - 11/05/2025,PAVÃO,DELIVERY,854.76
2025-05-07,2025,5,7,Mai,Maio,2025-05,Mai/2025,Quarta,Qua,3,19,2025-05-05,05/05 - 11/05/2025,PERDIZES,CASA,9844.2
2025-05-07,2025,5,7,Mai,Maio,2025-05,Mai/2025,Quarta,Qua,3,19,2025-05-05,05/05 - 11/05/2025,PERDIZES,DELIVERY,526.8
2025-05-07,2025,5,7,Mai,Maio,2025-05,Mai/2025,Quarta,Qua,3,19,2025-05-05,05/05 - 11/05/2025,SANTANA,CASA,19336.06
2025-05-07,2025,5,7,Mai,Maio,2025-05,Mai/2025,Quarta,Qua,3,19,2025-05-05,05/05 - 11/05/2025,SANTANA,DELIVERY,473.3
2025-05-07,2025,5,7,Mai,Maio,2025-05,Mai/2025,Quarta,Qua,3,19,2025-05-05,05/05 - 11/05/2025,SANTO ANDRÉ,CASA,4845.79
2025-05-07,2025,5,7,Mai,Maio,2025-05,Mai/2025,Quarta,Qua,3,19,2025-05-05,05/05 - 11/05/2025,SANTO ANDRÉ,DELIVERY,101.3
2025-05-07,2025,5,7,Mai,Maio,2025-05,Mai/2025,Quarta,Qua,3,19,2025-05-05,05/05 - 11/05/2025,TATUAPÉ,CASA,9491.67
2025-05-07,2025,5,7,Mai,Maio,2025-05,Mai/2025,Quarta,Qua,3,19,2025-05-05,05/05 - 11/05/2025,TATUAPÉ,DELIVERY,749.3
2025-05-07,2025,5,7,Mai,Maio,2025-05,Mai/2025,Quarta,Qua,3,19,2025-05-05,05/05 - 11/05/2025,VILA MADALENA,CASA,1514.08
2025-05-07,2025,5,7,Mai,Maio,2025-05,Mai/2025,Quarta,Qua,3,19,2025-05-05,05/05 - 11/05/2025,VILA MADALENA,DELIVERY,505.0
2025-05-07,2025,5,7,Mai,Maio,2025-05,Mai/2025,Quarta,Qua,3,19,2025-05-05,05/05 - 11/05/2025,VILA MARIANA,CASA,11416.84
2025-05-07,2025,5,7,Mai,Maio,2025-05,Mai/2025,Quarta,Qua,3,19,2025-05-05,05/05 - 11/05/2025,VILA MARIANA,DELIVERY,1563.8
2025-05-08,2025,5,8,Mai,Maio,2025-05,Mai/2025,Quinta,Qui,4,19,2025-05-05,05/05 - 11/05/2025,CARINAS,CASA,47756.44
2025-05-08,2025,5,8,Mai,Maio,2025-05,Mai/2025,Quinta,Qui,4,19,2025-05-05,05/05 - 11/05/2025,CARINAS,DELIVERY,1535.4
2025-05-08,2025,5,8,Mai,Maio,2025-05,Mai/2025,Quinta,Qui,4,19,2025-05-05,05/05 - 11/05/2025,CHÁCARA,CASA,36586.46
2025-05-08,2025,5,8,Mai,Maio,2025-05,Mai/2025,Quinta,Qui,4,19,2025-05-05,05/05 - 11/05/2025,LAPA,CASA,5943.87
2025-05-08,2025,5,8,Mai,Maio,2025-05,Mai/2025,Quinta,Qui,4,19,2025-05-05,05/05 - 11/05/2025,LAPA,DELIVERY,1304.7
2025-05-08,2025,5,8,Mai,Maio,2025-05,Mai/2025,Quinta,Qui,4,19,2025-05-05,05/05 - 11/05/2025,PAVÃO,CASA,9942.7
2025-05-08,2025,5,8,Mai,Maio,2025-05,Mai/2025,Quinta,Qui,4,19,2025-05-05,05/05 - 11/05/2025,PAVÃO,DELIVERY,1093.8
2025-05-08,2025,5,8,Mai,Maio,2025-05,Mai/2025,Quinta,Qui,4,19,2025-05-05,05/05 - 11/05/2025,PERDIZES,CASA,23861.82
2025-05-08,2025,5,8,Mai,Maio,2025-05,Mai/2025,Quinta,Qui,4,19,2025-05-05,05/05 - 11/05/2025,PERDIZES,DELIVERY,79.9
2025-05-08,2025,5,8,Mai,Maio,2025-05,Mai/2025,Quinta,Qui,4,19,2025-05-05,05/05 - 11/05/2025,SANTANA,CASA,12389.47
2025-05-08,2025,5,8,Mai,Maio,2025-05,Mai/2025,Quinta,Qui,4,19,2025-05-05,05/05 - 11/05/2025,SANTANA,DELIVERY,1266.4
2025-05-08,2025,5,8,Mai,Maio,2025-05,Mai/2025,Quinta,Qui,4,19,2025-05-05,05/05 - 11/05/2025,SANTO ANDRÉ,CASA,9847.92
2025-05-08,2025,5,8,Mai,Maio,2025-05,Mai/2025,Quinta,Qui,4,19,2025-05-05,05/05 - 11/05/2025,SANTO ANDRÉ,DELIVERY,192.8
2025-05-08,2025,5,8,Mai,Maio,2025-05,Mai/2025,Quinta,Qui,4,19,2025-05-05,05/05 - 11/05/2025,TATUAPÉ,CASA,3192.61
2025-05-08,2025,5,8,Mai,Maio,2025-05,Mai/2025,Quinta,Qui,4,19,2025-05-05,05/05 - 11/05/2025,TATUAPÉ,DELIVERY,1238.45
2025-05-08,2025,5,8,Mai,Maio,2025-05,Mai/2025,Quinta,Qui,4,19,2025-05-05,05/05 - 11/05/2025,VILA MADALENA,CASA,33565.44
2025-05-08,2025,5,8,Mai,Maio,2025-05,Mai/2025,Quinta,Qui,4,19,2025-05-05,05/05 - 11/05/2025,VILA MADALENA,DELIVERY,662.7
2025-05-08,2025,5,8,Mai,Maio,2025-05,Mai/2025,Quinta,Qui,4,19,2025-05-05,05/05 - 11/05/2025,VILA MARIANA,CASA,16674.89
2025-05-08,2025,5,8,Mai,Maio,2025-05,Mai/2025,Quinta,Qui,4,19,2025-05-05,05/05 - 11/05/2025,VILA MARIANA,DELIVERY,1209.6
2025-05-09,2025,5,9,Mai,Maio,2025-05,Mai/2025,Sexta,Sex,5,19,2025-05-05,05/05 - 11/05/2025,CARINAS,CASA,34084.79
2025-05-09,2025,5,9,Mai,Maio,2025-05,Mai/2025,Sexta,Sex,5,19,2025-05-05,05/05 - 11/05/2025,CARINAS,DELIVERY,1049.1
2025-05-09,2025,5,9,Mai,Maio,2025-05,Mai/2025,Sexta,Sex,5,19,2025-05-05,05/05 - 11/05/2025,CHÁCARA,CASA,4379.95
2025-05-09,2025,5,9,Mai,Maio,2025-05,Mai/2025,Sexta,Sex,5,19,2025-05-05,05/05 - 11/05/2025,CHÁCARA,DELIVERY,2472.4
2025-05-09,2025,5,9,Mai,Maio,2025-05,Mai/2025,Sexta,Sex,5,19,2025-05-05,05/05 - 11/05/2025,LAPA,CASA,7489.04
2025-05-09,2025,5,9,Mai,Maio,2025-05,Mai/2025,Sexta,Sex,5,19,2025-05-05,05/05 - 11/05/2025,LAPA,DELIVERY,1396.3
2025-05-09,2025,5,9,Mai,Maio,2025-05,Mai/2025,Sexta,Sex,5,19,2025-05-05,05/05 - 11/05/2025,PAVÃO,CASA,6431.04
2025-05-09,2025,5,9,Mai,Maio,2025-05,Mai/2025,Sexta,Sex,5,19,2025-05-05,05/05 - 11/05/2025,PAVÃO,DELIVERY,1170.8
2025-05-09,2025,5,9,Mai,Maio,2025-05,Mai/2025,Sexta,Sex,5,19,2025-05-05,05/05 - 11/05/2025,PERDIZES,CASA,24215.32
2025-05-09,2025,5,9,Mai,Maio,2025-05,Mai/2025,Sexta,Sex,5,19,2025-05-05,05/05 - 11/05/2025,PERDIZES,DELIVERY,1927.5
2025-05-09,2025,5,9,Mai,Maio,2025-05,Mai/2025,Sexta,Sex,5,19,2025-05-05,05/05 - 11/05/2025,SANTANA,CASA,109972.64
2025-05-09,2025,5,9,Mai,Maio,2025-05,Mai/2025,Sexta,Sex,5,19,2025-05-05,05/05 - 11/05/2025,SANTANA,DELIVERY,1870.8
2025-05-09,2025,5,9,Mai,Maio,2025-05,Mai/2025,Sexta,Sex,5,19,2025-05-05,05/05 - 11/05/2025,SANTO ANDRÉ,CASA,156047.19
2025-05-09,2025,5,9,Mai,Maio,2025-05,Mai/2025,Sexta,Sex,5,19,2025-05-05,05/05 - 11/05/2025,SANTO ANDRÉ,DELIVERY,667.0
2025-05-09,2025,5,9,Mai,Maio,2025-05,Mai/2025,Sexta,Sex,5,19,2025-05-05,05/05 - 11/05/2025,TATUAPÉ,CASA,26488.73
2025-05-09,2025,5,9,Mai,Maio,2025-05,Mai/2025,Sexta,Sex,5,19,2025-05-05,05/05 - 11/05/2025,TATUAPÉ,DELIVERY,2072.68
2025-05-09,2025,5,9,Mai,Maio,2025-05,Mai/2025,Sexta,Sex,5,19,2025-05-05,05/05 - 11/05/2025,VILA MADALENA,CASA,20759.8
2025-05-09,2025,5,9,Mai,Maio,2025-05,Mai/2025,Sexta,Sex,5,19,2025-05-05,05/05 - 11/05/2025,VILA MADALENA,DELIVERY,716.1
2025-05-09,2025,5,9,Mai,Maio,2025-05,Mai/2025,Sexta,Sex,5,19,2025-05-05,05/05 - 11/05/2025,VILA MARIANA,CASA,32338.69
2025-05-09,2025,5,9,Mai,Maio,2025-05,Mai/2025,Sexta,Sex,5,19,2025-05-05,05/05 - 11/05/2025,VILA MARIANA,DELIVERY,2010.3
2025-05-10,2025,5,10,Mai,Maio,2025-05,Mai/2025,Sábado,Sáb,6,19,2025-05-05,05/05 - 11/05/2025,CARINAS,CASA,139464.76
2025-05-10,2025,5,10,Mai,Maio,2025-05,Mai/2025,Sábado,Sáb,6,19,2025-05-05,05/05 - 11/05/2025,CHÁCARA,CASA,33516.59
2025-05-10,2025,5,10,Mai,Maio,2025-05,Mai/2025,Sábado,Sáb,6,19,2025-05-05,05/05 - 11/05/2025,CHÁCARA,DELIVERY,1197.9
2025-05-10,2025,5,10,Mai,Maio,2025-05,Mai/2025,Sábado,Sáb,6,19,2025-05-05,05/05 - 11/05/2025,LAPA,CASA,55798.86
2025-05-10,2025,5,10,Mai,Maio,2025-05,Mai/2025,Sábado,Sáb,6,19,2025-05-05,05/05 - 11/05/2025,LAPA,DELIVERY,2866.5
2025-05-10,2025,5,10,Mai,Maio,2025-05,Mai/2025,Sábado,Sáb,6,19,2025-05-05,05/05 - 11/05/2025,PAVÃO,CASA,19308.71
2025-05-10,2025,5,10,Mai,Maio,2025-05,Mai/2025,Sábado,Sáb,6,19,2025-05-05,05/05 - 11/05/2025,PAVÃO,DELIVERY,1291.0
2025-05-10,2025,5,10,Mai,Maio,2025-05,Mai/2025,Sábado,Sáb,6,19,2025-05-05,05/05 - 11/05/2025,PERDIZES,CASA,64717.09
2025-05-10,2025,5,10,Mai,Maio,2025-05,Mai/2025,Sábado,Sáb,6,19,2025-05-05,05/05 - 11/05/2025,PERDIZES,DELIVERY,1756.4
2025-05-10,2025,5,10,Mai,Maio,2025-05,Mai/2025,Sábado,Sáb,6,19,2025-05-05,05/05 - 11/05/2025,SANTANA,CASA,129025.16
2025-05-10,2025,5,10,Mai,Maio,2025-05,Mai/2025,Sábado,Sáb,6,19,2025-05-05,05/05 - 11/05/2025,SANTANA,DELIVERY,3952.1
2025-05-10,2025,5,10,Mai,Maio,2025-05,Mai/2025,Sábado,Sáb,6,19,2025-05-05,05/05 - 11/05/2025,SANTO ANDRÉ,CASA,140569.39
2025-05-10,2025,5,10,Mai,Maio,2025-05,Mai/2025,Sábado,Sáb,6,19,2025-05-05,05/05 - 11/05/2025,SANTO ANDRÉ,DELIVERY,398.4
2025-05-10,2025,5,10,Mai,Maio,2025-05,Mai/2025,Sábado,Sáb,6,19,2025-05-05,05/05 - 11/05/2025,TATUAPÉ,CASA,131283.46
2025-05-10,2025,5,10,Mai,Maio,2025-05,Mai/2025,Sábado,Sáb,6,19,2025-05-05,05/05 - 11/05/2025,TATUAPÉ,DELIVERY,2577.16
2025-05-10,2025,5,10,Mai,Maio,2025-05,Mai/2025,Sábado,Sáb,6,19,2025-05-05,05/05 - 11/05/2025,VILA MADALENA,CASA,36566.96
2025-05-10,2025,5,10,Mai,Maio,2025-05,Mai/2025,Sábado,Sáb,6,19,2025-05-05,05/05 - 11/05/2025,VILA MADALENA,DELIVERY,919.1
2025-05-10,2025,5,10,Mai,Maio,2025-05,Mai/2025,Sábado,Sáb,6,19,2025-05-05,05/05 - 11/05/2025,VILA MARIANA,CASA,53143.15
2025-05-10,2025,5,10,Mai,Maio,2025-05,Mai/2025,Sábado,Sáb,6,19,2025-05-05,05/05 - 11/05/2025,VILA MARIANA,DELIVERY,2799.2
2025-05-11,2025,5,11,Mai,Maio,2025-05,Mai/2025,Domingo,Dom,7,19,2025-05-05,05/05 - 11/05/2025,CARINAS,CASA,37592.18
2025-05-11,2025,5,11,Mai,Maio,2025-05,Mai/2025,Domingo,Dom,7,19,2025-05-05,05/05 - 11/05/2025,CARINAS,DELIVERY,4707.9
2025-05-11,2025,5,11,Mai,Maio,2025-05,Mai/2025,Domingo,Dom,7,19,2025-05-05,05/05 - 11/05/2025,CHÁCARA,CASA,12067.21
2025-05-11,2025,5,11,Mai,Maio,2025-05,Mai/2025,Domingo,Dom,7,19,2025-05-05,05/05 - 11/05/2025,CHÁCARA,DELIVERY,861.6
2025-05-11,2025,5,11,Mai,Maio,2025-05,Mai/2025,Domingo,Dom,7,19,2025-05-05,05/05 - 11/05/2025,LAPA,CASA,30337.3
2025-05-11,2025,5,11,Mai,Maio,2025-05,Mai/2025,Domingo,Dom,7,19,2025-05-05,05/05 - 11/05/2025,LAPA,DELIVERY,1744.0
2025-05-11,2025,5,11,Mai,Maio,2025-05,Mai/2025,Domingo,Dom,7,19,2025-05-05,05/05 - 11/05/2025,PAVÃO,CASA,8249.19
2025-05-11,2025,5,11,Mai,Maio,2025-05,Mai/2025,Domingo,Dom,7,19,2025-05-05,05/05 - 11/05/2025,PAVÃO,DELIVERY,2207.16
2025-05-11,2025,5,11,Mai,Maio,2025-05,Mai/2025,Domingo,Dom,7,19,2025-05-05,05/05 - 11/05/2025,PERDIZES,CASA,20145.17
2025-05-11,2025,5,11,Mai,Maio,2025-05,Mai/2025,Domingo,Dom,7,19,2025-05-05,05/05 - 11/05/2025,PERDIZES,DELIVERY,1018.8
2025-05-11,2025,5,11,Mai,Maio,2025-05,Mai/2025,Domingo,Dom,7,19,2025-05-05,05/05 - 11/05/2025,SANTANA,CASA,50317.77
2025-05-11,2025,5,11,Mai,Maio,2025-05,Mai/2025,Domingo,Dom,7,19,2025-05-05,05/05 - 11/05/2025,SANTANA,DELIVERY,4940.5
2025-05-11,2025,5,11,Mai,Maio,2025-05,Mai/2025,Domingo,Dom,7,19,2025-05-05,05/05 - 11/05/2025,SANTO ANDRÉ,CASA,45734.45
2025-05-11,2025,5,11,Mai,Maio,2025-05,Mai/2025,Domingo,Dom,7,19,2025-05-05,05/05 - 11/05/2025,SANTO ANDRÉ,DELIVERY,853.3
2025-05-11,2025,5,11,Mai,Maio,2025-05,Mai/2025,Domingo,Dom,7,19,2025-05-05,05/05 - 11/05/2025,TATUAPÉ,CASA,56135.13
2025-05-11,2025,5,11,Mai,Maio,2025-05,Mai/2025,Domingo,Dom,7,19,2025-05-05,05/05 - 11/05/2025,TATUAPÉ,DELIVERY,3845.91
2025-05-11,2025,5,11,Mai,Maio,2025-05,Mai/2025,Domingo,Dom,7,19,2025-05-05,05/05 - 11/05/2025,VILA MADALENA,CASA,10595.5
2025-05-11,2025,5,11,Mai,Maio,2025-05,Mai/2025,Domingo,Dom,7,19,2025-05-05,05/05 - 11/05/2025,VILA MADALENA,DELIVERY,1154.1
2025-05-11,2025,5,11,Mai,Maio,2025-05,Mai/2025,Domingo,Dom,7,19,2025-05-05,05/05 - 11/05/2025,VILA MARIANA,CASA,22078.6
2025-05-11,2025,5,11,Mai,Maio,2025-05,Mai/2025,Domingo,Dom,7,19,2025-05-05,05/05 - 11/05/2025,VILA MARIANA,DELIVERY,2242.2
2025-05-13,2025,5,13,Mai,Maio,2025-05,Mai/2025,Terça,Ter,2,20,2025-05-12,12/05 - 18/05/2025,CARINAS,CASA,18298.26
2025-05-13,2025,5,13,Mai,Maio,2025-05,Mai/2025,Terça,Ter,2,20,2025-05-12,12/05 - 18/05/2025,CARINAS,DELIVERY,641.8
2025-05-13,2025,5,13,Mai,Maio,2025-05,Mai/2025,Terça,Ter,2,20,2025-05-12,12/05 - 18/05/2025,CHÁCARA,CASA,2159.98
2025-05-13,2025,5,13,Mai,Maio,2025-05,Mai/2025,Terça,Ter,2,20,2025-05-12,12/05 - 18/05/2025,CHÁCARA,DELIVERY,777.3
2025-05-13,2025,5,13,Mai,Maio,2025-05,Mai/2025,Terça,Ter,2,20,2025-05-12,12/05 - 18/05/2025,LAPA,CASA,10402.83
2025-05-13,2025,5,13,Mai,Maio,2025-05,Mai/2025,Terça,Ter,2,20,2025-05-12,12/05 - 18/05/2025,LAPA,DELIVERY,1671.2
2025-05-13,2025,5,13,Mai,Maio,2025-05,Mai/2025,Terça,Ter,2,20,2025-05-12,12/05 - 18/05/2025,PAVÃO,CASA,8224.77
2025-05-13,2025,5,13,Mai,Maio,2025-05,Mai/2025,Terça,Ter,2,20,2025-05-12,12/05 - 18/05/2025,PAVÃO,DELIVERY,850.1
2025-05-13,2025,5,13,Mai,Maio,2025-05,Mai/2025,Terça,Ter,2,20,2025-05-12,12/05 - 18/05/2025,PERDIZES,CASA,2384.33
2025-05-13,2025,5,13,Mai,Maio,2025-05,Mai/2025,Terça,Ter,2,20,2025-05-12,12/05 - 18/05/2025,PERDIZES,DELIVERY,1095.9
2025-05-13,2025,5,13,Mai,Maio,2025-05,Mai/2025,Terça,Ter,2,20,2025-05-12,12/05 - 18/05/2025,SANTANA,CASA,29509.42
2025-05-13,2025,5,13,Mai,Maio,2025-05,Mai/2025,Terça,Ter,2,20,2025-05-12,12/05 - 18/05/2025,SANTANA,DELIVERY,868.0
2025-05-13,2025,5,13,Mai,Maio,2025-05,Mai/2025,Terça,Ter,2,20,2025-05-12,12/05 - 18/05/2025,TATUAPÉ,CASA,28782.42
2025-05-13,2025,5,13,Mai,Maio,2025-05,Mai/2025,Terça,Ter,2,20,2025-05-12,12/05 - 18/05/2025,TATUAPÉ,DELIVERY,1054.0
2025-05-13,2025,5,13,Mai,Maio,2025-05,Mai/2025,Terça,Ter,2,20,2025-05-12,12/05 - 18/05/2025,VILA MADALENA,CASA,5892.05
2025-05-13,2025,5,13,Mai,Maio,2025-05,Mai/2025,Terça,Ter,2,20,2025-05-12,12/05 - 18/05/2025,VILA MADALENA,DELIVERY,764.2
2025-05-13,2025,5,13,Mai,Maio,2025-05,Mai/2025,Terça,Ter,2,20,2025-05-12,12/05 - 18/05/2025,VILA MARIANA,CASA,3126.02
2025-05-13,2025,5,13,Mai,Maio,2025-05,Mai/2025,Terça,Ter,2,20,2025-05-12,12/05 - 18/05/2025,VILA MARIANA,DELIVERY,720.0
2025-05-14,2025,5,14,Mai,Maio,2025-05,Mai/2025,Quarta,Qua,3,20,2025-05-12,12/05 - 18/05/2025,CARINAS,CASA,15585.44
2025-05-14,2025,5,14,Mai,Maio,2025-05,Mai/2025,Quarta,Qua,3,20,2025-05-12,12/05 - 18/05/2025,CARINAS,DELIVERY,914.2
2025-05-14,2025,5,14,Mai,Maio,2025-05,Mai/2025,Quarta,Qua,3,20,2025-05-12,12/05 - 18/05/2025,CHÁCARA,CASA,9395.02
2025-05-14,2025,5,14,Mai,Maio,2025-05,Mai/2025,Quarta,Qua,3,20,2025-05-12,12/05 - 18/05/2025,CHÁCARA,DELIVERY,417.5
2025-05-14,2025,5,14,Mai,Maio,2025-05,Mai/2025,Quarta,Qua,3,20,2025-05-12,12/05 - 18/05/2025,LAPA,CASA,1383.19
2025-05-14,2025,5,14,Mai,Maio,2025-05,Mai/2025,Quarta,Qua,3,20,2025-05-12,12/05 - 18/05/2025,LAPA,DELIVERY,745.4
2025-05-14,2025,5,14,Mai,Maio,2025-05,Mai/2025,Quarta,Qua,3,20,2025-05-12,12/05 - 18/05/2025,PAVÃO,CASA,15166.59
2025-05-14,2025,5,14,Mai,Maio,2025-05,Mai/2025,Quarta,Qua,3,20,2025-05-12,12/05 - 18/05/2025,PAVÃO,DELIVERY,1006.89
2025-05-14,2025,5,14,Mai,Maio,2025-05,Mai/2025,Quarta,Qua,3,20,2025-05-12,12/05 - 18/05/2025,PERDIZES,CASA,21936.69
2025-05-14,2025,5,14,Mai,Maio,2025-05,Mai/2025,Quarta,Qua,3,20,2025-05-12,12/05 - 18/05/2025,PERDIZES,DELIVERY,380.4
2025-05-14,2025,5,14,Mai,Maio,2025-05,Mai/2025,Quarta,Qua,3,20,2025-05-12,12/05 - 18/05/2025,SANTANA,CASA,36978.94
2025-05-14,2025,5,14,Mai,Maio,2025-05,Mai/2025,Quarta,Qua,3,20,2025-05-12,12/05 - 18/05/2025,SANTANA,DELIVERY,2073.5
2025-05-14,2025,5,14,Mai,Maio,2025-05,Mai/2025,Quarta,Qua,3,20,2025-05-12,12/05 - 18/05/2025,SANTO ANDRÉ,CASA,10556.49
2025-05-14,2025,5,14,Mai,Maio,2025-05,Mai/2025,Quarta,Qua,3,20,2025-05-12,12/05 - 18/05/2025,SANTO ANDRÉ,DELIVERY,421.2
2025-05-14,2025,5,14,Mai,Maio,2025-05,Mai/2025,Quarta,Qua,3,20,2025-05-12,12/05 - 18/05/2025,TATUAPÉ,CASA,4397.3
2025-05-14,2025,5,14,Mai,Maio,2025-05,Mai/2025,Quarta,Qua,3,20,2025-05-12,12/05 - 18/05/2025,TATUAPÉ,DELIVERY,1002.89
2025-05-14,2025,5,14,Mai,Maio,2025-05,Mai/2025,Quarta,Qua,3,20,2025-05-12,12/05 - 18/05/2025,VILA MADALENA,CASA,5250.49
2025-05-14,2025,5,14,Mai,Maio,2025-05,Mai/2025,Quarta,Qua,3,20,2025-05-12,12/05 - 18/05/2025,VILA MADALENA,DELIVERY,857.9
2025-05-14,2025,5,14,Mai,Maio,2025-05,Mai/2025,Quarta,Qua,3,20,2025-05-12,12/05 - 18/05/2025,VILA MARIANA,CASA,17699.03
2025-05-14,2025,5,14,Mai,Maio,2025-05,Mai/2025,Quarta,Qua,3,20,2025-05-12,12/05 - 18/05/2025,VILA MARIANA,DELIVERY,1433.5
2025-05-15,2025,5,15,Mai,Maio,2025-05,Mai/2025,Quinta,Qui,4,20,2025-05-12,12/05 - 18/05/2025,CARINAS,CASA,53204.03
2025-05-15,2025,5,15,Mai,Maio,2025-05,Mai/2025,Quinta,Qui,4,20,2025-05-12,12/05 - 18/05/2025,CARINAS,DELIVERY,1093.8
2025-05-15,2025,5,15,Mai,Maio,2025-05,Mai/2025,Quinta,Qui,4,20,2025-05-12,12/05 - 18/05/2025,CHÁCARA,CASA,5695.36
2025-05-15,2025,5,15,Mai,Maio,2025-05,Mai/2025,Quinta,Qui,4,20,2025-05-12,12/05 - 18/05/2025,CHÁCARA,DELIVERY,1054.4
2025-05-15,2025,5,15,Mai,Maio,2025-05,Mai/2025,Quinta,Qui,4,20,2025-05-12,12/05 - 18/05/2025,LAPA,CASA,5623.22
2025-05-15,2025,5,15,Mai,Maio,2025-05,Mai/2025,Quinta,Qui,4,20,2025-05-12,12/05 - 18/05/2025,LAPA,DELIVERY,1610.5
2025-05-15,2025,5,15,Mai,Maio,2025-05,Mai/2025,Quinta,Qui,4,20,2025-05-12,12/05 - 18/05/2025,PAVÃO,CASA,13194.27
2025-05-15,2025,5,15,Mai,Maio,2025-05,Mai/2025,Quinta,Qui,4,20,2025-05-12,12/05 - 18/05/2025,PAVÃO,DELIVERY,1478.11
2025-05-15,2025,5,15,Mai,Maio,2025-05,Mai/2025,Quinta,Qui,4,20,2025-05-12,12/05 - 18/05/2025,PERDIZES,CASA,13901.73
2025-05-15,2025,5,15,Mai,Maio,2025-05,Mai/2025,Quinta,Qui,4,20,2025-05-12,12/05 - 18/05/2025,PERDIZES,DELIVERY,855.2
2025-05-15,2025,5,15,Mai,Maio,2025-05,Mai/2025,Quinta,Qui,4,20,2025-05-12,12/05 - 18/05/2025,SANTANA,CASA,22107.06
2025-05-15,2025,5,15,Mai,Maio,2025-05,Mai/2025,Quinta,Qui,4,20,2025-05-12,12/05 - 18/05/2025,SANTANA,DELIVERY,1424.1
2025-05-15,2025,5,15,Mai,Maio,2025-05,Mai/2025,Quinta,Qui,4,20,2025-05-12,12/05 - 18/05/2025,SANTO ANDRÉ,CASA,15305.0
2025-05-15,2025,5,15,Mai,Maio,2025-05,Mai/2025,Quinta,Qui,4,20,2025-05-12,12/05 - 18/05/2025,SANTO ANDRÉ,DELIVERY,666.2
2025-05-15,2025,5,15,Mai,Maio,2025-05,Mai/2025,Quinta,Qui,4,20,2025-05-12,12/05 - 18/05/2025,TATUAPÉ,CASA,7222.79
2025-05-15,2025,5,15,Mai,Maio,2025-05,Mai/2025,Quinta,Qui,4,20,2025-05-12,12/05 - 18/05/2025,TATUAPÉ,DELIVERY,1533.07
2025-05-15,2025,5,15,Mai,Maio,2025-05,Mai/2025,Quinta,Qui,4,20,2025-05-12,12/05 - 18/05/2025,VILA MADALENA,CASA,21565.88
2025-05-15,2025,5,15,Mai,Maio,2025-05,Mai/2025,Quinta,Qui,4,20,2025-05-12,12/05 - 18/05/2025,VILA MADALENA,DELIVERY,697.8
2025-05-15,2025,5,15,Mai,Maio,2025-05,Mai/2025,Quinta,Qui,4,20,2025-05-12,12/05 - 18/05/2025,VILA MARIANA,CASA,10062.94
2025-05-15,2025,5,15,Mai,Maio,2025-05,Mai/2025,Quinta,Qui,4,20,2025-05-12,12/05 - 18/05/2025,VILA MARIANA,DELIVERY,1340.8
2025-05-16,2025,5,16,Mai,Maio,2025-05,Mai/2025,Sexta,Sex,5,20,2025-05-12,12/05 - 18/05/2025,CARINAS,CASA,44141.23
2025-05-16,2025,5,16,Mai,Maio,2025-05,Mai/2025,Sexta,Sex,5,20,2025-05-12,12/05 - 18/05/2025,CARINAS,DELIVERY,1257.82
2025-05-16,2025,5,16,Mai,Maio,2025-05,Mai/2025,Sexta,Sex,5,20,2025-05-12,12/05 - 18/05/2025,CHÁCARA,CASA,8007.29
2025-05-16,2025,5,16,Mai,Maio,2025-05,Mai/2025,Sexta,Sex,5,20,2025-05-12,12/05 - 18/05/2025,CHÁCARA,DELIVERY,1301.9
2025-05-16,2025,5,16,Mai,Maio,2025-05,Mai/2025,Sexta,Sex,5,20,2025-05-12,12/05 - 18/05/2025,LAPA,CASA,49008.78
2025-05-16,2025,5,16,Mai,Maio,2025-05,Mai/2025,Sexta,Sex,5,20,2025-05-12,12/05 - 18/05/2025,LAPA,DELIVERY,2027.6
2025-05-16,2025,5,16,Mai,Maio,2025-05,Mai/2025,Sexta,Sex,5,20,2025-05-12,12/05 - 18/05/2025,PAVÃO,CASA,21086.58
2025-05-16,2025,5,16,Mai,Maio,2025-05,Mai/2025,Sexta,Sex,5,20,2025-05-12,12/05 - 18/05/2025,PAVÃO,DELIVERY,1499.85
2025-05-16,2025,5,16,Mai,Maio,2025-05,Mai/2025,Sexta,Sex,5,20,2025-05-12,12/05 - 18/05/2025,PERDIZES,CASA,12982.44
2025-05-16,2025,5,16,Mai,Maio,2025-05,Mai/2025,Sexta,Sex,5,20,2025-05-12,12/05 - 18/05/2025,PERDIZES,DELIVERY,1129.4
2025-05-16,2025,5,16,Mai,Maio,2025-05,Mai/2025,Sexta,Sex,5,20,2025-05-12,12/05 - 18/05/2025,SANTANA,CASA,60390.51
2025-05-16,2025,5,16,Mai,Maio,2025-05,Mai/2025,Sexta,Sex,5,20,2025-05-12,12/05 - 18/05/2025,SANTANA,DELIVERY,2357.2
2025-05-16,2025,5,16,Mai,Maio,2025-05,Mai/2025,Sexta,Sex,5,20,2025-05-12,12/05 - 18/05/2025,SANTO ANDRÉ,CASA,57154.38
2025-05-16,2025,5,16,Mai,Maio,2025-05,Mai/2025,Sexta,Sex,5,20,2025-05-12,12/05 - 18/05/2025,SANTO ANDRÉ,DELIVERY,79.9
2025-05-16,2025,5,16,Mai,Maio,2025-05,Mai/2025,Sexta,Sex,5,20,2025-05-12,12/05 - 18/05/2025,TATUAPÉ,CASA,23245.39
2025-05-16,2025,5,16,Mai,Maio,2025-05,Mai/2025,Sexta,Sex,5,20,2025-05-12,12/05 - 18/05/2025,TATUAPÉ,DELIVERY,1528.16
2025-05-16,2025,5,16,Mai,Maio,2025-05,Mai/2025,Sexta,Sex,5,20,2025-05-12,12/05 - 18/05/2025,VILA MADALENA,CASA,13968.7
2025-05-16,2025,5,16,Mai,Maio,2025-05,Mai/2025,Sexta,Sex,5,20,2025-05-12,12/05 - 18/05/2025,VILA MADALENA,DELIVERY,963.7
2025-05-16,2025,5,16,Mai,Maio,2025-05,Mai/2025,Sexta,Sex,5,20,2025-05-12,12/05 - 18/05/2025,VILA MARIANA,CASA,18230.86
2025-05-16,2025,5,16,Mai,Maio,2025-05,Mai/2025,Sexta,Sex,5,20,2025-05-12,12/05 - 18/05/2025,VILA MARIANA,DELIVERY,2701.3
2025-05-17,2025,5,17,Mai,Maio,2025-05,Mai/2025,Sábado,Sáb,6,20,2025-05-12,12/05 - 18/05/2025,CARINAS,CASA,210610.55
2025-05-17,2025,5,17,Mai,Maio,2025-05,Mai/2025,Sábado,Sáb,6,20,2025-05-12,12/05 - 18/05/2025,CHÁCARA,CASA,41628.61
2025-05-17,2025,5,17,Mai,Maio,2025-05,Mai/2025,Sábado,Sáb,6,20,2025-05-12,12/05 - 18/05/2025,CHÁCARA,DELIVERY,2285.7
2025-05-17,2025,5,17,Mai,Maio,2025-05,Mai/2025,Sábado,Sáb,6,20,2025-05-12,12/05 - 18/05/2025,LAPA,CASA,43952.39
2025-05-17,2025,5,17,Mai,Maio,2025-05,Mai/2025,Sábado,Sáb,6,20,2025-05-12,12/05 - 18/05/2025,LAPA,DELIVERY,2715.9
2025-05-17,2025,5,17,Mai,Maio,2025-05,Mai/2025,Sábado,Sáb,6,20,2025-05-12,12/05 - 18/05/2025,PAVÃO,CASA,39541.49
2025-05-17,2025,5,17,Mai,Maio,2025-05,Mai/2025,Sábado,Sáb,6,20,2025-05-12,12/05 - 18/05/2025,PAVÃO,DELIVERY,2633.55
2025-05-17,2025,5,17,Mai,Maio,2025-05,Mai/2025,Sábado,Sáb,6,20,2025-05-12,12/05 - 18/05/2025,PERDIZES,CASA,67538.12
2025-05-17,2025,5,17,Mai,Maio,2025-05,Mai/2025,Sábado,Sáb,6,20,2025-05-12,12/05 - 18/05/2025,PERDIZES,DELIVERY,1998.9
2025-05-17,2025,5,17,Mai,Maio,2025-05,Mai/2025,Sábado,Sáb,6,20,2025-05-12,12/05 - 18/05/2025,SANTANA,CASA,123399.01
2025-05-17,2025,5,17,Mai,Maio,2025-05,Mai/2025,Sábado,Sáb,6,20,2025-05-12,12/05 - 18/05/2025,SANTANA,DELIVERY,2626.1
2025-05-17,2025,5,17,Mai,Maio,2025-05,Mai/2025,Sábado,Sáb,6,20,2025-05-12,12/05 - 18/05/2025,SANTO ANDRÉ,CASA,168766.7
2025-05-17,2025,5,17,Mai,Maio,2025-05,Mai/2025,Sábado,Sáb,6,20,2025-05-12,12/05 - 18/05/2025,SANTO ANDRÉ,DELIVERY,777.8
2025-05-17,2025,5,17,Mai,Maio,2025-05,Mai/2025,Sábado,Sáb,6,20,2025-05-12,12/05 - 18/05/2025,TATUAPÉ,CASA,203102.86
2025-05-17,2025,5,17,Mai,Maio,2025-05,Mai/2025,Sábado,Sáb,6,20,2025-05-12,12/05 - 18/05/2025,TATUAPÉ,DELIVERY,3025.59
2025-05-17,2025,5,17,Mai,Maio,2025-05,Mai/2025,Sábado,Sáb,6,20,2025-05-12,12/05 - 18/05/2025,VILA MADALENA,CASA,59150.2
2025-05-17,2025,5,17,Mai,Maio,2025-05,Mai/2025,Sábado,Sáb,6,20,2025-05-12,12/05 - 18/05/2025,VILA MADALENA,DELIVERY,745.9
2025-05-17,2025,5,17,Mai,Maio,2025-05,Mai/2025,Sábado,Sáb,6,20,2025-05-12,12/05 - 18/05/2025,VILA MARIANA,CASA,52036.48
2025-05-17,2025,5,17,Mai,Maio,2025-05,Mai/2025,Sábado,Sáb,6,20,2025-05-12,12/05 - 18/05/2025,VILA MARIANA,DELIVERY,4125.9
2025-05-18,2025,5,18,Mai,Maio,2025-05,Mai/2025,Domingo,Dom,7,20,2025-05-12,12/05 - 18/05/2025,CARINAS,CASA,62341.28
2025-05-18,2025,5,18,Mai,Maio,2025-05,Mai/2025,Domingo,Dom,7,20,2025-05-12,12/05 - 18/05/2025,CARINAS,DELIVERY,5657.3
2025-05-18,2025,5,18,Mai,Maio,2025-05,Mai/2025,Domingo,Dom,7,20,2025-05-12,12/05 - 18/05/2025,CHÁCARA,CASA,26667.35
2025-05-18,2025,5,18,Mai,Maio,2025-05,Mai/2025,Domingo,Dom,7,20,2025-05-12,12/05 - 18/05/2025,CHÁCARA,DELIVERY,2287.4
2025-05-18,2025,5,18,Mai,Maio,2025-05,Mai/2025,Domingo,Dom,7,20,2025-05-12,12/05 - 18/05/2025,LAPA,CASA,27137.7
2025-05-18,2025,5,18,Mai,Maio,2025-05,Mai/2025,Domingo,Dom,7,20,2025-05-12,12/05 - 18/05/2025,LAPA,DELIVERY,2395.7
2025-05-18,2025,5,18,Mai,Maio,2025-05,Mai/2025,Domingo,Dom,7,20,2025-05-12,12/05 - 18/05/2025,PAVÃO,CASA,8143.65
2025-05-18,2025,5,18,Mai,Maio,2025-05,Mai/2025,Domingo,Dom,7,20,2025-05-12,12/05 - 18/05/2025,PAVÃO,DELIVERY,3923.23
2025-05-18,2025,5,18,Mai,Maio,2025-05,Mai/2025,Domingo,Dom,7,20,2025-05-12,12/05 - 18/05/2025,PERDIZES,CASA,31906.13
2025-05-18,2025,5,18,Mai,Maio,2025-05,Mai/2025,Domingo,Dom,7,20,2025-05-12,12/05 - 18/05/2025,PERDIZES,DELIVERY,1783.4
2025-05-18,2025,5,18,Mai,Maio,2025-05,Mai/2025,Domingo,Dom,7,20,2025-05-12,12/05 - 18/05/2025,SANTANA,CASA,72003.01
2025-05-18,2025,5,18,Mai,Maio,2025-05,Mai/2025,Domingo,Dom,7,20,2025-05-12,12/05 - 18/05/2025,SANTANA,DELIVERY,3758.7
2025-05-18,2025,5,18,Mai,Maio,2025-05,Mai/2025,Domingo,Dom,7,20,2025-05-12,12/05 - 18/05/2025,SANTO ANDRÉ,CASA,40835.86
2025-05-18,2025,5,18,Mai,Maio,2025-05,Mai/2025,Domingo,Dom,7,20,2025-05-12,12/05 - 18/05/2025,SANTO ANDRÉ,DELIVERY,1094.7
2025-05-18,2025,5,18,Mai,Maio,2025-05,Mai/2025,Domingo,Dom,7,20,2025-05-12,12/05 - 18/05/2025,TATUAPÉ,CASA,54092.13
2025-05-18,2025,5,18,Mai,Maio,2025-05,Mai/2025,Domingo,Dom,7,20,2025-05-12,12/05 - 18/05/2025,TATUAPÉ,DELIVERY,3059.61
2025-05-18,2025,5,18,Mai,Maio,2025-05,Mai/2025,Domingo,Dom,7,20,2025-05-12,12/05 - 18/05/2025,VILA MADALENA,CASA,10466.56
2025-05-18,2025,5,18,Mai,Maio,2025-05,Mai/2025,Domingo,Dom,7,20,2025-05-12,12/05 - 18/05/2025,VILA MADALENA,DELIVERY,3241.0
2025-05-18,2025,5,18,Mai,Maio,2025-05,Mai/2025,Domingo,Dom,7,20,2025-05-12,12/05 - 18/05/2025,VILA MARIANA,CASA,32738.59
2025-05-18,2025,5,18,Mai,Maio,2025-05,Mai/2025,Domingo,Dom,7,20,2025-05-12,12/05 - 18/05/2025,VILA MARIANA,DELIVERY,2634.4
2025-05-20,2025,5,20,Mai,Maio,2025-05,Mai/2025,Terça,Ter,2,21,2025-05-19,19/05 - 25/05/2025,CARINAS,CASA,47512.53
2025-05-20,2025,5,20,Mai,Maio,2025-05,Mai/2025,Terça,Ter,2,21,2025-05-19,19/05 - 25/05/2025,CARINAS,DELIVERY,1020.4
2025-05-20,2025,5,20,Mai,Maio,2025-05,Mai/2025,Terça,Ter,2,21,2025-05-19,19/05 - 25/05/2025,CHÁCARA,CASA,2678.43
2025-05-20,2025,5,20,Mai,Maio,2025-05,Mai/2025,Terça,Ter,2,21,2025-05-19,19/05 - 25/05/2025,CHÁCARA,DELIVERY,798.6
2025-05-20,2025,5,20,Mai,Maio,2025-05,Mai/2025,Terça,Ter,2,21,2025-05-19,19/05 - 25/05/2025,LAPA,CASA,14860.36
2025-05-20,2025,5,20,Mai,Maio,2025-05,Mai/2025,Terça,Ter,2,21,2025-05-19,19/05 - 25/05/2025,LAPA,DELIVERY,1274.0
2025-05-20,2025,5,20,Mai,Maio,2025-05,Mai/2025,Terça,Ter,2,21,2025-05-19,19/05 - 25/05/2025,PAVÃO,CASA,7628.01
2025-05-20,2025,5,20,Mai,Maio,2025-05,Mai/2025,Terça,Ter,2,21,2025-05-19,19/05 - 25/05/2025,PAVÃO,DELIVERY,565.84
2025-05-20,2025,5,20,Mai,Maio,2025-05,Mai/2025,Terça,Ter,2,21,2025-05-19,19/05 - 25/05/2025,PERDIZES,CASA,393.95
2025-05-20,2025,5,20,Mai,Maio,2025-05,Mai/2025,Terça,Ter,2,21,2025-05-19,19/05 - 25/05/2025,PERDIZES,DELIVERY,1072.5
2025-05-20,2025,5,20,Mai,Maio,2025-05,Mai/2025,Terça,Ter,2,21,2025-05-19,19/05 - 25/05/2025,SANTANA,CASA,18986.53
2025-05-20,2025,5,20,Mai,Maio,2025-05,Mai/2025,Terça,Ter,2,21,2025-05-19,19/05 - 25/05/2025,SANTANA,DELIVERY,682.9
2025-05-20,2025,5,20,Mai,Maio,2025-05,Mai/2025,Terça,Ter,2,21,2025-05-19,19/05 - 25/05/2025,TATUAPÉ,CASA,21006.58
2025-05-20,2025,5,20,Mai,Maio,2025-05,Mai/2025,Terça,Ter,2,21,2025-05-19,19/05 - 25/05/2025,TATUAPÉ,DELIVERY,973.58
2025-05-20,2025,5,20,Mai,Maio,2025-05,Mai/2025,Terça,Ter,2,21,2025-05-19,19/05 - 25/05/2025,VILA MADALENA,CASA,1397.32
2025-05-20,2025,5,20,Mai,Maio,2025-05,Mai/2025,Terça,Ter,2,21,2025-05-19,19/05 - 25/05/2025,VILA MADALENA,DELIVERY,778.4
2025-05-20,2025,5,20,Mai,Maio,2025-05,Mai/2025,Terça,Ter,2,21,2025-05-19,19/05 - 25/05/2025,VILA MARIANA,CASA,9303.73
2025-05-20,2025,5,20,Mai,Maio,2025-05,Mai/2025,Terça,Ter,2,21,2025-05-19,19/05 - 25/05/2025,VILA MARIANA,DELIVERY,2249.3
2025-05-21,2025,5,21,Mai,Maio,2025-05,Mai/2025,Quarta,Qua,3,21,2025-05-19,19/05 - 25/05/2025,CARINAS,CASA,41174.77
2025-05-21,2025,5,21,Mai,Maio,2025-05,Mai/2025,Quarta,Qua,3,21,2025-05-19,19/05 - 25/05/2025,CARINAS,DELIVERY,776.2
2025-05-21,2025,5,21,Mai,Maio,2025-05,Mai/2025,Quarta,Qua,3,21,2025-05-19,19/05 - 25/05/2025,CHÁCARA,CASA,2200.36
2025-05-21,2025,5,21,Mai,Maio,2025-05,Mai/2025,Quarta,Qua,3,21,2025-05-19,19/05 - 25/05/2025,CHÁCARA,DELIVERY,681.8
2025-05-21,2025,5,21,Mai,Maio,2025-05,Mai/2025,Quarta,Qua,3,21,2025-05-19,19/05 - 25/05/2025,LAPA,CASA,4890.59
2025-05-21,2025,5,21,Mai,Maio,2025-05,Mai/2025,Quarta,Qua,3,21,2025-05-19,19/05 - 25/05/2025,LAPA,DELIVERY,1035.4
2025-05-21,2025,5,21,Mai,Maio,2025-05,Mai/2025,Quarta,Qua,3,21,2025-05-19,19/05 - 25/05/2025,PAVÃO,CASA,13531.6
2025-05-21,2025,5,21,Mai,Maio,2025-05,Mai/2025,Quarta,Qua,3,21,2025-05-19,19/05 - 25/05/2025,PAVÃO,DELIVERY,1961.45
2025-05-21,2025,5,21,Mai,Maio,2025-05,Mai/2025,Quarta,Qua,3,21,2025-05-19,19/05 - 25/05/2025,PERDIZES,CASA,7204.46
2025-05-21,2025,5,21,Mai,Maio,2025-05,Mai/2025,Quarta,Qua,3,21,2025-05-19,19/05 - 25/05/2025,PERDIZES,DELIVERY,1980.2
2025-05-21,2025,5,21,Mai,Maio,2025-05,Mai/2025,Quarta,Qua,3,21,2025-05-19,19/05 - 25/05/2025,SANTANA,CASA,4796.96
2025-05-21,2025,5,21,Mai,Maio,2025-05,Mai/2025,Quarta,Qua,3,21,2025-05-19,19/05 - 25/05/2025,SANTANA,DELIVERY,1812.0
2025-05-21,2025,5,21,Mai,Maio,2025-05,Mai/2025,Quarta,Qua,3,21,2025-05-19,19/05 - 25/05/2025,SANTO ANDRÉ,CASA,10378.8
2025-05-21,2025,5,21,Mai,Maio,2025-05,Mai/2025,Quarta,Qua,3,21,2025-05-19,19/05 - 25/05/2025,SANTO ANDRÉ,DELIVERY,159.9
2025-05-21,2025,5,21,Mai,Maio,2025-05,Mai/2025,Quarta,Qua,3,21,2025-05-19,19/05 - 25/05/2025,TATUAPÉ,CASA,7562.11
2025-05-21,2025,5,21,Mai,Maio,2025-05,Mai/2025,Quarta,Qua,3,21,2025-05-19,19/05 - 25/05/2025,TATUAPÉ,DELIVERY,1281.53
2025-05-21,2025,5,21,Mai,Maio,2025-05,Mai/2025,Quarta,Qua,3,21,2025-05-19,19/05 - 25/05/2025,VILA MADALENA,CASA,771.0
2025-05-21,2025,5,21,Mai,Maio,2025-05,Mai/2025,Quarta,Qua,3,21,2025-05-19,19/05 - 25/05/2025,VILA MADALENA,DELIVERY,566.8
2025-05-21,2025,5,21,Mai,Maio,2025-05,Mai/2025,Quarta,Qua,3,21,2025-05-19,19/05 - 25/05/2025,VILA MARIANA,CASA,11396.08
2025-05-22,2025,5,22,Mai,Maio,2025-05,Mai/2025,Quinta,Qui,4,21,2025-05-19,19/05 - 25/05/2025,CARINAS,CASA,97615.84
2025-05-22,2025,5,22,Mai,Maio,2025-05,Mai/2025,Quinta,Qui,4,21,2025-05-19,19/05 - 25/05/2025,CARINAS,DELIVERY,891.5
2025-05-22,2025,5,22,Mai,Maio,2025-05,Mai/2025,Quinta,Qui,4,21,2025-05-19,19/05 - 25/05/2025,CHÁCARA,CASA,25662.51
2025-05-22,2025,5,22,Mai,Maio,2025-05,Mai/2025,Quinta,Qui,4,21,2025-05-19,19/05 - 25/05/2025,CHÁCARA,DELIVERY,671.8
2025-05-22,2025,5,22,Mai,Maio,2025-05,Mai/2025,Quinta,Qui,4,21,2025-05-19,19/05 - 25/05/2025,LAPA,CASA,19486.25
2025-05-22,2025,5,22,Mai,Maio,2025-05,Mai/2025,Quinta,Qui,4,21,2025-05-19,19/05 - 25/05/2025,LAPA,DELIVERY,1719.7
2025-05-22,2025,5,22,Mai,Maio,2025-05,Mai/2025,Quinta,Qui,4,21,2025-05-19,19/05 - 25/05/2025,PAVÃO,CASA,14199.92
2025-05-22,2025,5,22,Mai,Maio,2025-05,Mai/2025,Quinta,Qui,4,21,2025-05-19,19/05 - 25/05/2025,PAVÃO,DELIVERY,759.49
2025-05-22,2025,5,22,Mai,Maio,2025-05,Mai/2025,Quinta,Qui,4,21,2025-05-19,19/05 - 25/05/2025,PERDIZES,CASA,37487.66
2025-05-22,2025,5,22,Mai,Maio,2025-05,Mai/2025,Quinta,Qui,4,21,2025-05-19,19/05 - 25/05/2025,PERDIZES,DELIVERY,519.4
2025-05-22,2025,5,22,Mai,Maio,2025-05,Mai/2025,Quinta,Qui,4,21,2025-05-19,19/05 - 25/05/2025,SANTANA,CASA,8443.2
2025-05-22,2025,5,22,Mai,Maio,2025-05,Mai/2025,Quinta,Qui,4,21,2025-05-19,19/05 - 25/05/2025,SANTANA,DELIVERY,1933.7
2025-05-22,2025,5,22,Mai,Maio,2025-05,Mai/2025,Quinta,Qui,4,21,2025-05-19,19/05 - 25/05/2025,SANTO ANDRÉ,CASA,14890.99
2025-05-22,2025,5,22,Mai,Maio,2025-05,Mai/2025,Quinta,Qui,4,21,2025-05-19,19/05 - 25/05/2025,SANTO ANDRÉ,DELIVERY,502.5
2025-05-22,2025,5,22,Mai,Maio,2025-05,Mai/2025,Quinta,Qui,4,21,2025-05-19,19/05 - 25/05/2025,TATUAPÉ,CASA,340.94
2025-05-22,2025,5,22,Mai,Maio,2025-05,Mai/2025,Quinta,Qui,4,21,2025-05-19,19/05 - 25/05/2025,TATUAPÉ,DELIVERY,1283.97
2025-05-22,2025,5,22,Mai,Maio,2025-05,Mai/2025,Quinta,Qui,4,21,2025-05-19,19/05 - 25/05/2025,VILA MADALENA,CASA,43746.05
2025-05-22,2025,5,22,Mai,Maio,2025-05,Mai/2025,Quinta,Qui,4,21,2025-05-19,19/05 - 25/05/2025,VILA MADALENA,DELIVERY,1098.2
2025-05-22,2025,5,22,Mai,Maio,2025-05,Mai/2025,Quinta,Qui,4,21,2025-05-19,19/05 - 25/05/2025,VILA MARIANA,CASA,66373.23
2025-05-22,2025,5,22,Mai,Maio,2025-05,Mai/2025,Quinta,Qui,4,21,2025-05-19,19/05 - 25/05/2025,VILA MARIANA,DELIVERY,1501.1
2025-05-23,2025,5,23,Mai,Maio,2025-05,Mai/2025,Sexta,Sex,5,21,2025-05-19,19/05 - 25/05/2025,CARINAS,CASA,58620.54
2025-05-23,2025,5,23,Mai,Maio,2025-05,Mai/2025,Sexta,Sex,5,21,2025-05-19,19/05 - 25/05/2025,CHÁCARA,CASA,5252.03
2025-05-23,2025,5,23,Mai,Maio,2025-05,Mai/2025,Sexta,Sex,5,21,2025-05-19,19/05 - 25/05/2025,CHÁCARA,DELIVERY,1155.7
2025-05-23,2025,5,23,Mai,Maio,2025-05,Mai/2025,Sexta,Sex,5,21,2025-05-19,19/05 - 25/05/2025,LAPA,CASA,13547.6
2025-05-23,2025,5,23,Mai,Maio,2025-05,Mai/2025,Sexta,Sex,5,21,2025-05-19,19/05 - 25/05/2025,LAPA,DELIVERY,2382.5
2025-05-23,2025,5,23,Mai,Maio,2025-05,Mai/2025,Sexta,Sex,5,21,2025-05-19,19/05 - 25/05/2025,PERDIZES,CASA,10314.21
2025-05-23,2025,5,23,Mai,Maio,2025-05,Mai/2025,Sexta,Sex,5,21,2025-05-19,19/05 - 25/05/2025,PERDIZES,DELIVERY,1196.7
2025-05-23,2025,5,23,Mai,Maio,2025-05,Mai/2025,Sexta,Sex,5,21,2025-05-19,19/05 - 25/05/2025,SANTANA,CASA,77798.89
2025-05-23,2025,5,23,Mai,Maio,2025-05,Mai/2025,Sexta,Sex,5,21,2025-05-19,19/05 - 25/05/2025,SANTANA,DELIVERY,2257.4
2025-05-23,2025,5,23,Mai,Maio,2025-05,Mai/2025,Sexta,Sex,5,21,2025-05-19,19/05 - 25/05/2025,SANTO ANDRÉ,CASA,136538.34
2025-05-23,2025,5,23,Mai,Maio,2025-05,Mai/2025,Sexta,Sex,5,21,2025-05-19,19/05 - 25/05/2025,SANTO ANDRÉ,DELIVERY,680.5
2025-05-23,2025,5,23,Mai,Maio,2025-05,Mai/2025,Sexta,Sex,5,21,2025-05-19,19/05 - 25/05/2025,TATUAPÉ,CASA,16719.09
2025-05-23,2025,5,23,Mai,Maio,2025-05,Mai/2025,Sexta,Sex,5,21,2025-05-19,19/05 - 25/05/2025,TATUAPÉ,DELIVERY,1671.44
2025-05-23,2025,5,23,Mai,Maio,2025-05,Mai/2025,Sexta,Sex,5,21,2025-05-19,19/05 - 25/05/2025,VILA MADALENA,CASA,8489.89
2025-05-23,2025,5,23,Mai,Maio,2025-05,Mai/2025,Sexta,Sex,5,21,2025-05-19,19/05 - 25/05/2025,VILA MADALENA,DELIVERY,506.6
2025-05-23,2025,5,23,Mai,Maio,2025-05,Mai/2025,Sexta,Sex,5,21,2025-05-19,19/05 - 25/05/2025,VILA MARIANA,CASA,24698.64
2025-05-23,2025,5,23,Mai,Maio,2025-05,Mai/2025,Sexta,Sex,5,21,2025-05-19,19/05 - 25/05/2025,VILA MARIANA,DELIVERY,3960.1
2025-05-24,2025,5,24,Mai,Maio,2025-05,Mai/2025,Sábado,Sáb,6,21,2025-05-19,19/05 - 25/05/2025,CARINAS,CASA,210284.12
2025-05-24,2025,5,24,Mai,Maio,2025-05,Mai/2025,Sábado,Sáb,6,21,2025-05-19,19/05 - 25/05/2025,CARINAS,DELIVERY,3881.7
2025-05-24,2025,5,24,Mai,Maio,2025-05,Mai/2025,Sábado,Sáb,6,21,2025-05-19,19/05 - 25/05/2025,CHÁCARA,CASA,20981.83
2025-05-24,2025,5,24,Mai,Maio,2025-05,Mai/2025,Sábado,Sáb,6,21,2025-05-19,19/05 - 25/05/2025,CHÁCARA,DELIVERY,1684.6
2025-05-24,2025,5,24,Mai,Maio,2025-05,Mai/2025,Sábado,Sáb,6,21,2025-05-19,19/05 - 25/05/2025,LAPA,CASA,60751.54
2025-05-24,2025,5,24,Mai,Maio,2025-05,Mai/2025,Sábado,Sáb,6,21,2025-05-19,19/05 - 25/05/2025,LAPA,DELIVERY,2399.8
2025-05-24,2025,5,24,Mai,Maio,2025-05,Mai/2025,Sábado,Sáb,6,21,2025-05-19,19/05 - 25/05/2025,PAVÃO,CASA,44061.69
2025-05-24,2025,5,24,Mai,Maio,2025-05,Mai/2025,Sábado,Sáb,6,21,2025-05-19,19/05 - 25/05/2025,PAVÃO,DELIVERY,2095.21
2025-05-24,2025,5,24,Mai,Maio,2025-05,Mai/2025,Sábado,Sáb,6,21,2025-05-19,19/05 - 25/05/2025,PERDIZES,CASA,49065.95
2025-05-24,2025,5,24,Mai,Maio,2025-05,Mai/2025,Sábado,Sáb,6,21,2025-05-19,19/05 - 25/05/2025,PERDIZES,DELIVERY,2210.2
2025-05-24,2025,5,24,Mai,Maio,2025-05,Mai/2025,Sábado,Sáb,6,21,2025-05-19,19/05 - 25/05/2025,SANTANA,CASA,132297.72
2025-05-24,2025,5,24,Mai,Maio,2025-05,Mai/2025,Sábado,Sáb,6,21,2025-05-19,19/05 - 25/05/2025,SANTANA,DELIVERY,5281.0
2025-05-24,2025,5,24,Mai,Maio,2025-05,Mai/2025,Sábado,Sáb,6,21,2025-05-19,19/05 - 25/05/2025,SANTO ANDRÉ,CASA,156305.01
2025-05-24,2025,5,24,Mai,Maio,2025-05,Mai/2025,Sábado,Sáb,6,21,2025-05-19,19/05 - 25/05/2025,SANTO ANDRÉ,DELIVERY,683.8
2025-05-24,2025,5,24,Mai,Maio,2025-05,Mai/2025,Sábado,Sáb,6,21,2025-05-19,19/05 - 25/05/2025,TATUAPÉ,CASA,155137.12
2025-05-24,2025,5,24,Mai,Maio,2025-05,Mai/2025,Sábado,Sáb,6,21,2025-05-19,19/05 - 25/05/2025,TATUAPÉ,DELIVERY,3698.98
2025-05-24,2025,5,24,Mai,Maio,2025-05,Mai/2025,Sábado,Sáb,6,21,2025-05-19,19/05 - 25/05/2025,VILA MADALENA,CASA,45711.73
2025-05-24,2025,5,24,Mai,Maio,2025-05,Mai/2025,Sábado,Sáb,6,21,2025-05-19,19/05 - 25/05/2025,VILA MADALENA,DELIVERY,1503.2
2025-05-24,2025,5,24,Mai,Maio,2025-05,Mai/2025,Sábado,Sáb,6,21,2025-05-19,19/05 - 25/05/2025,VILA MARIANA,CASA,56183.62
2025-05-24,2025,5,24,Mai,Maio,2025-05,Mai/2025,Sábado,Sáb,6,21,2025-05-19,19/05 - 25/05/2025,VILA MARIANA,DELIVERY,3514.5
2025-05-25,2025,5,25,Mai,Maio,2025-05,Mai/2025,Domingo,Dom,7,21,2025-05-19,19/05 - 25/05/2025,CARINAS,CASA,106098.32
2025-05-25,2025,5,25,Mai,Maio,2025-05,Mai/2025,Domingo,Dom,7,21,2025-05-19,19/05 - 25/05/2025,CARINAS,DELIVERY,3689.8
2025-05-25,2025,5,25,Mai,Maio,2025-05,Mai/2025,Domingo,Dom,7,21,2025-05-19,19/05 - 25/05/2025,CHÁCARA,CASA,16630.28
2025-05-25,2025,5,25,Mai,Maio,2025-05,Mai/2025,Domingo,Dom,7,21,2025-05-19,19/05 - 25/05/2025,CHÁCARA,DELIVERY,2789.7
2025-05-25,2025,5,25,Mai,Maio,2025-05,Mai/2025,Domingo,Dom,7,21,2025-05-19,19/05 - 25/05/2025,LAPA,CASA,15458.21
2025-05-25,2025,5,25,Mai,Maio,2025-05,Mai/2025,Domingo,Dom,7,21,2025-05-19,19/05 - 25/05/2025,LAPA,DELIVERY,3090.2
2025-05-25,2025,5,25,Mai,Maio,2025-05,Mai/2025,Domingo,Dom,7,21,2025-05-19,19/05 - 25/05/2025,PAVÃO,CASA,13959.43
2025-05-25,2025,5,25,Mai,Maio,2025-05,Mai/2025,Domingo,Dom,7,21,2025-05-19,19/05 - 25/05/2025,PAVÃO,DELIVERY,3244.07
2025-05-25,2025,5,25,Mai,Maio,2025-05,Mai/2025,Domingo,Dom,7,21,2025-05-19,19/05 - 25/05/2025,PERDIZES,CASA,31302.37
2025-05-25,2025,5,25,Mai,Maio,2025-05,Mai/2025,Domingo,Dom,7,21,2025-05-19,19/05 - 25/05/2025,PERDIZES,DELIVERY,2117.9
2025-05-25,2025,5,25,Mai,Maio,2025-05,Mai/2025,Domingo,Dom,7,21,2025-05-19,19/05 - 25/05/2025,SANTANA,CASA,57733.61
2025-05-25,2025,5,25,Mai,Maio,2025-05,Mai/2025,Domingo,Dom,7,21,2025-05-19,19/05 - 25/05/2025,SANTANA,DELIVERY,4527.3
2025-05-25,2025,5,25,Mai,Maio,2025-05,Mai/2025,Domingo,Dom,7,21,2025-05-19,19/05 - 25/05/2025,SANTO ANDRÉ,CASA,32247.99
2025-05-25,2025,5,25,Mai,Maio,2025-05,Mai/2025,Domingo,Dom,7,21,2025-05-19,19/05 - 25/05/2025,SANTO ANDRÉ,DELIVERY,1161.6
2025-05-25,2025,5,25,Mai,Maio,2025-05,Mai/2025,Domingo,Dom,7,21,2025-05-19,19/05 - 25/05/2025,TATUAPÉ,CASA,61328.5
2025-05-25,2025,5,25,Mai,Maio,2025-05,Mai/2025,Domingo,Dom,7,21,2025-05-19,19/05 - 25/05/2025,TATUAPÉ,DELIVERY,3253.2
2025-05-25,2025,5,25,Mai,Maio,2025-05,Mai/2025,Domingo,Dom,7,21,2025-05-19,19/05 - 25/05/2025,VILA MADALENA,CASA,10897.37
2025-05-25,2025,5,25,Mai,Maio,2025-05,Mai/2025,Domingo,Dom,7,21,2025-05-19,19/05 - 25/05/2025,VILA MADALENA,DELIVERY,2825.4
2025-05-25,2025,5,25,Mai,Maio,2025-05,Mai/2025,Domingo,Dom,7,21,2025-05-19,19/05 - 25/05/2025,VILA MARIANA,CASA,40793.37
2025-05-25,2025,5,25,Mai,Maio,2025-05,Mai/2025,Domingo,Dom,7,21,2025-05-19,19/05 - 25/05/2025,VILA MARIANA,DELIVERY,4834.1
2025-05-26,2025,5,26,Mai,Maio,2025-05,Mai/2025,Segunda,Seg,1,22,2025-05-26,26/05 - 01/06/2025,CARINAS,CASA,24058.25
2025-05-26,2025,5,26,Mai,Maio,2025-05,Mai/2025,Segunda,Seg,1,22,2025-05-26,26/05 - 01/06/2025,CARINAS,DELIVERY,2716.9
2025-05-27,2025,5,27,Mai,Maio,2025-05,Mai/2025,Terça,Ter,2,22,2025-05-26,26/05 - 01/06/2025,CARINAS,CASA,22732.21
2025-05-27,2025,5,27,Mai,Maio,2025-05,Mai/2025,Terça,Ter,2,22,2025-05-26,26/05 - 01/06/2025,CARINAS,DELIVERY,1264.5
2025-05-27,2025,5,27,Mai,Maio,2025-05,Mai/2025,Terça,Ter,2,22,2025-05-26,26/05 - 01/06/2025,CHÁCARA,CASA,4335.15
2025-05-27,2025,5,27,Mai,Maio,2025-05,Mai/2025,Terça,Ter,2,22,2025-05-26,26/05 - 01/06/2025,CHÁCARA,DELIVERY,888.9
2025-05-27,2025,5,27,Mai,Maio,2025-05,Mai/2025,Terça,Ter,2,22,2025-05-26,26/05 - 01/06/2025,LAPA,CASA,11529.87
2025-05-27,2025,5,27,Mai,Maio,2025-05,Mai/2025,Terça,Ter,2,22,2025-05-26,26/05 - 01/06/2025,LAPA,DELIVERY,972.0
2025-05-27,2025,5,27,Mai,Maio,2025-05,Mai/2025,Terça,Ter,2,22,2025-05-26,26/05 - 01/06/2025,PAVÃO,CASA,17644.24
2025-05-27,2025,5,27,Mai,Maio,2025-05,Mai/2025,Terça,Ter,2,22,2025-05-26,26/05 - 01/06/2025,PAVÃO,DELIVERY,888.68
2025-05-27,2025,5,27,Mai,Maio,2025-05,Mai/2025,Terça,Ter,2,22,2025-05-26,26/05 - 01/06/2025,PERDIZES,CASA,19688.91
2025-05-27,2025,5,27,Mai,Maio,2025-05,Mai/2025,Terça,Ter,2,22,2025-05-26,26/05 - 01/06/2025,PERDIZES,DELIVERY,734.0
2025-05-27,2025,5,27,Mai,Maio,2025-05,Mai/2025,Terça,Ter,2,22,2025-05-26,26/05 - 01/06/2025,SANTANA,CASA,24479.8
2025-05-27,2025,5,27,Mai,Maio,2025-05,Mai/2025,Terça,Ter,2,22,2025-05-26,26/05 - 01/06/2025,SANTANA,DELIVERY,1006.0
2025-05-27,2025,5,27,Mai,Maio,2025-05,Mai/2025,Terça,Ter,2,22,2025-05-26,26/05 - 01/06/2025,TATUAPÉ,CASA,20662.76
2025-05-27,2025,5,27,Mai,Maio,2025-05,Mai/2025,Terça,Ter,2,22,2025-05-26,26/05 - 01/06/2025,TATUAPÉ,DELIVERY,2063.57
2025-05-27,2025,5,27,Mai,Maio,2025-05,Mai/2025,Terça,Ter,2,22,2025-05-26,26/05 - 01/06/2025,VILA MADALENA,CASA,6795.3
2025-05-27,2025,5,27,Mai,Maio,2025-05,Mai/2025,Terça,Ter,2,22,2025-05-26,26/05 - 01/06/2025,VILA MADALENA,DELIVERY,794.8
2025-05-27,2025,5,27,Mai,Maio,2025-05,Mai/2025,Terça,Ter,2,22,2025-05-26,26/05 - 01/06/2025,VILA MARIANA,CASA,5914.36
2025-05-27,2025,5,27,Mai,Maio,2025-05,Mai/2025,Terça,Ter,2,22,2025-05-26,26/05 - 01/06/2025,VILA MARIANA,DELIVERY,986.7
2025-05-28,2025,5,28,Mai,Maio,2025-05,Mai/2025,Quarta,Qua,3,22,2025-05-26,26/05 - 01/06/2025,CARINAS,CASA,43165.2
2025-05-28,2025,5,28,Mai,Maio,2025-05,Mai/2025,Quarta,Qua,3,22,2025-05-26,26/05 - 01/06/2025,CARINAS,DELIVERY,1064.9
2025-05-28,2025,5,28,Mai,Maio,2025-05,Mai/2025,Quarta,Qua,3,22,2025-05-26,26/05 - 01/06/2025,CHÁCARA,CASA,4165.36
2025-05-28,2025,5,28,Mai,Maio,2025-05,Mai/2025,Quarta,Qua,3,22,2025-05-26,26/05 - 01/06/2025,CHÁCARA,DELIVERY,410.8
2025-05-28,2025,5,28,Mai,Maio,2025-05,Mai/2025,Quarta,Qua,3,22,2025-05-26,26/05 - 01/06/2025,LAPA,CASA,10386.51
2025-05-28,2025,5,28,Mai,Maio,2025-05,Mai/2025,Quarta,Qua,3,22,2025-05-26,26/05 - 01/06/2025,LAPA,DELIVERY,1055.0
2025-05-28,2025,5,28,Mai,Maio,2025-05,Mai/2025,Quarta,Qua,3,22,2025-05-26,26/05 - 01/06/2025,PAVÃO,CASA,7183.83
2025-05-28,2025,5,28,Mai,Maio,2025-05,Mai/2025,Quarta,Qua,3,22,2025-05-26,26/05 - 01/06/2025,PAVÃO,DELIVERY,1119.77
2025-05-28,2025,5,28,Mai,Maio,2025-05,Mai/2025,Quarta,Qua,3,22,2025-05-26,26/05 - 01/06/2025,PERDIZES,CASA,8077.67
2025-05-28,2025,5,28,Mai,Maio,2025-05,Mai/2025,Quarta,Qua,3,22,2025-05-26,26/05 - 01/06/2025,PERDIZES,DELIVERY,781.9
2025-05-28,2025,5,28,Mai,Maio,2025-05,Mai/2025,Quarta,Qua,3,22,2025-05-26,26/05 - 01/06/2025,SANTANA,CASA,39684.45
2025-05-28,2025,5,28,Mai,Maio,2025-05,Mai/2025,Quarta,Qua,3,22,2025-05-26,26/05 - 01/06/2025,SANTANA,DELIVERY,822.6
2025-05-28,2025,5,28,Mai,Maio,2025-05,Mai/2025,Quarta,Qua,3,22,2025-05-26,26/05 - 01/06/2025,SANTO ANDRÉ,CASA,22634.24
2025-05-28,2025,5,28,Mai,Maio,2025-05,Mai/2025,Quarta,Qua,3,22,2025-05-26,26/05 - 01/06/2025,SANTO ANDRÉ,DELIVERY,561.7
2025-05-28,2025,5,28,Mai,Maio,2025-05,Mai/2025,Quarta,Qua,3,22,2025-05-26,26/05 - 01/06/2025,TATUAPÉ,CASA,3901.73
2025-05-28,2025,5,28,Mai,Maio,2025-05,Mai/2025,Quarta,Qua,3,22,2025-05-26,26/05 - 01/06/2025,TATUAPÉ,DELIVERY,914.62
2025-05-28,2025,5,28,Mai,Maio,2025-05,Mai/2025,Quarta,Qua,3,22,2025-05-26,26/05 - 01/06/2025,VILA MADALENA,CASA,18410.09
2025-05-28,2025,5,28,Mai,Maio,2025-05,Mai/2025,Quarta,Qua,3,22,2025-05-26,26/05 - 01/06/2025,VILA MADALENA,DELIVERY,1040.4
2025-05-28,2025,5,28,Mai,Maio,2025-05,Mai/2025,Quarta,Qua,3,22,2025-05-26,26/05 - 01/06/2025,VILA MARIANA,CASA,12489.95
2025-05-28,2025,5,28,Mai,Maio,2025-05,Mai/2025,Quarta,Qua,3,22,2025-05-26,26/05 - 01/06/2025,VILA MARIANA,DELIVERY,1891.0
2025-05-29,2025,5,29,Mai,Maio,2025-05,Mai/2025,Quinta,Qui,4,22,2025-05-26,26/05 - 01/06/2025,CARINAS,CASA,28195.96
2025-05-29,2025,5,29,Mai,Maio,2025-05,Mai/2025,Quinta,Qui,4,22,2025-05-26,26/05 - 01/06/2025,CARINAS,DELIVERY,1506.1
2025-05-29,2025,5,29,Mai,Maio,2025-05,Mai/2025,Quinta,Qui,4,22,2025-05-26,26/05 - 01/06/2025,CHÁCARA,CASA,16536.01
2025-05-29,2025,5,29,Mai,Maio,2025-05,Mai/2025,Quinta,Qui,4,22,2025-05-26,26/05 - 01/06/2025,CHÁCARA,DELIVERY,1026.7
2025-05-29,2025,5,29,Mai,Maio,2025-05,Mai/2025,Quinta,Qui,4,22,2025-05-26,26/05 - 01/06/2025,LAPA,CASA,5211.4
2025-05-29,2025,5,29,Mai,Maio,2025-05,Mai/2025,Quinta,Qui,4,22,2025-05-26,26/05 - 01/06/2025,LAPA,DELIVERY,837.8
2025-05-29,2025,5,29,Mai,Maio,2025-05,Mai/2025,Quinta,Qui,4,22,2025-05-26,26/05 - 01/06/2025,PAVÃO,CASA,5567.79
2025-05-29,2025,5,29,Mai,Maio,2025-05,Mai/2025,Quinta,Qui,4,22,2025-05-26,26/05 - 01/06/2025,PAVÃO,DELIVERY,766.35
2025-05-29,2025,5,29,Mai,Maio,2025-05,Mai/2025,Quinta,Qui,4,22,2025-05-26,26/05 - 01/06/2025,PERDIZES,CASA,29285.89
2025-05-29,2025,5,29,Mai,Maio,2025-05,Mai/2025,Quinta,Qui,4,22,2025-05-26,26/05 - 01/06/2025,PERDIZES,DELIVERY,1024.4
2025-05-29,2025,5,29,Mai,Maio,2025-05,Mai/2025,Quinta,Qui,4,22,2025-05-26,26/05 - 01/06/2025,SANTANA,CASA,30548.88
2025-05-29,2025,5,29,Mai,Maio,2025-05,Mai/2025,Quinta,Qui,4,22,2025-05-26,26/05 - 01/06/2025,SANTANA,DELIVERY,1126.7
2025-05-29,2025,5,29,Mai,Maio,2025-05,Mai/2025,Quinta,Qui,4,22,2025-05-26,26/05 - 01/06/2025,SANTO ANDRÉ,CASA,12325.15
2025-05-29,2025,5,29,Mai,Maio,2025-05,Mai/2025,Quinta,Qui,4,22,2025-05-26,26/05 - 01/06/2025,SANTO ANDRÉ,DELIVERY,353.6
2025-05-29,2025,5,29,Mai,Maio,2025-05,Mai/2025,Quinta,Qui,4,22,2025-05-26,26/05 - 01/06/2025,TATUAPÉ,CASA,6399.45
2025-05-29,2025,5,29,Mai,Maio,2025-05,Mai/2025,Quinta,Qui,4,22,2025-05-26,26/05 - 01/06/2025,TATUAPÉ,DELIVERY,1119.56
2025-05-29,2025,5,29,Mai,Maio,2025-05,Mai/2025,Quinta,Qui,4,22,2025-05-26,26/05 - 01/06/2025,VILA MADALENA,CASA,18522.19
2025-05-29,2025,5,29,Mai,Maio,2025-05,Mai/2025,Quinta,Qui,4,22,2025-05-26,26/05 - 01/06/2025,VILA MADALENA,DELIVERY,881.7
2025-05-29,2025,5,29,Mai,Maio,2025-05,Mai/2025,Quinta,Qui,4,22,2025-05-26,26/05 - 01/06/2025,VILA MARIANA,CASA,12091.3
2025-05-29,2025,5,29,Mai,Maio,2025-05,Mai/2025,Quinta,Qui,4,22,2025-05-26,26/05 - 01/06/2025,VILA MARIANA,DELIVERY,2342.7
2025-05-30,2025,5,30,Mai,Maio,2025-05,Mai/2025,Sexta,Sex,5,22,2025-05-26,26/05 - 01/06/2025,CARINAS,CASA,59225.73
2025-05-30,2025,5,30,Mai,Maio,2025-05,Mai/2025,Sexta,Sex,5,22,2025-05-26,26/05 - 01/06/2025,CARINAS,DELIVERY,882.7
2025-05-30,2025,5,30,Mai,Maio,2025-05,Mai/2025,Sexta,Sex,5,22,2025-05-26,26/05 - 01/06/2025,CHÁCARA,CASA,5282.67
2025-05-30,2025,5,30,Mai,Maio,2025-05,Mai/2025,Sexta,Sex,5,22,2025-05-26,26/05 - 01/06/2025,CHÁCARA,DELIVERY,1172.4
2025-05-30,2025,5,30,Mai,Maio,2025-05,Mai/2025,Sexta,Sex,5,22,2025-05-26,26/05 - 01/06/2025,LAPA,CASA,14107.52
2025-05-30,2025,5,30,Mai,Maio,2025-05,Mai/2025,Sexta,Sex,5,22,2025-05-26,26/05 - 01/06/2025,LAPA,DELIVERY,661.8
2025-05-30,2025,5,30,Mai,Maio,2025-05,Mai/2025,Sexta,Sex,5,22,2025-05-26,26/05 - 01/06/2025,PAVÃO,CASA,11741.04
2025-05-30,2025,5,30,Mai,Maio,2025-05,Mai/2025,Sexta,Sex,5,22,2025-05-26,26/05 - 01/06/2025,PAVÃO,DELIVERY,641.11
2025-05-30,2025,5,30,Mai,Maio,2025-05,Mai/2025,Sexta,Sex,5,22,2025-05-26,26/05 - 01/06/2025,PERDIZES,CASA,8518.62
2025-05-30,2025,5,30,Mai,Maio,2025-05,Mai/2025,Sexta,Sex,5,22,2025-05-26,26/05 - 01/06/2025,PERDIZES,DELIVERY,617.2
2025-05-30,2025,5,30,Mai,Maio,2025-05,Mai/2025,Sexta,Sex,5,22,2025-05-26,26/05 - 01/06/2025,SANTANA,CASA,22416.9
2025-05-30,2025,5,30,Mai,Maio,2025-05,Mai/2025,Sexta,Sex,5,22,2025-05-26,26/05 - 01/06/2025,SANTANA,DELIVERY,1340.7
2025-05-30,2025,5,30,Mai,Maio,2025-05,Mai/2025,Sexta,Sex,5,22,2025-05-26,26/05 - 01/06/2025,SANTO ANDRÉ,CASA,135538.72
2025-05-30,2025,5,30,Mai,Maio,2025-05,Mai/2025,Sexta,Sex,5,22,2025-05-26,26/05 - 01/06/2025,SANTO ANDRÉ,DELIVERY,865.4
2025-05-30,2025,5,30,Mai,Maio,2025-05,Mai/2025,Sexta,Sex,5,22,2025-05-26,26/05 - 01/06/2025,TATUAPÉ,CASA,24827.48
2025-05-30,2025,5,30,Mai,Maio,2025-05,Mai/2025,Sexta,Sex,5,22,2025-05-26,26/05 - 01/06/2025,TATUAPÉ,DELIVERY,1870.81
2025-05-30,2025,5,30,Mai,Maio,2025-05,Mai/2025,Sexta,Sex,5,22,2025-05-26,26/05 - 01/06/2025,VILA MADALENA,CASA,26075.7
2025-05-30,2025,5,30,Mai,Maio,2025-05,Mai/2025,Sexta,Sex,5,22,2025-05-26,26/05 - 01/06/2025,VILA MADALENA,DELIVERY,678.0
2025-05-30,2025,5,30,Mai,Maio,2025-05,Mai/2025,Sexta,Sex,5,22,2025-05-26,26/05 - 01/06/2025,VILA MARIANA,CASA,13493.13
2025-05-30,2025,5,30,Mai,Maio,2025-05,Mai/2025,Sexta,Sex,5,22,2025-05-26,26/05 - 01/06/2025,VILA MARIANA,DELIVERY,3019.8
2025-05-31,2025,5,31,Mai,Maio,2025-05,Mai/2025,Sábado,Sáb,6,22,2025-05-26,26/05 - 01/06/2025,CARINAS,CASA,201546.68
2025-05-31,2025,5,31,Mai,Maio,2025-05,Mai/2025,Sábado,Sáb,6,22,2025-05-26,26/05 - 01/06/2025,CHÁCARA,CASA,39038.52
2025-05-31,2025,5,31,Mai,Maio,2025-05,Mai/2025,Sábado,Sáb,6,22,2025-05-26,26/05 - 01/06/2025,CHÁCARA,DELIVERY,1471.4
2025-05-31,2025,5,31,Mai,Maio,2025-05,Mai/2025,Sábado,Sáb,6,22,2025-05-26,26/05 - 01/06/2025,LAPA,CASA,63842.32
2025-05-31,2025,5,31,Mai,Maio,2025-05,Mai/2025,Sábado,Sáb,6,22,2025-05-26,26/05 - 01/06/2025,LAPA,DELIVERY,2323.3
2025-05-31,2025,5,31,Mai,Maio,2025-05,Mai/2025,Sábado,Sáb,6,22,2025-05-26,26/05 - 01/06/2025,PAVÃO,CASA,35577.04
2025-05-31,2025,5,31,Mai,Maio,2025-05,Mai/2025,Sábado,Sáb,6,22,2025-05-26,26/05 - 01/06/2025,PAVÃO,DELIVERY,1916.3
2025-05-31,2025,5,31,Mai,Maio,2025-05,Mai/2025,Sábado,Sáb,6,22,2025-05-26,26/05 - 01/06/2025,PERDIZES,CASA,59148.96
2025-05-31,2025,5,31,Mai,Maio,2025-05,Mai/2025,Sábado,Sáb,6,22,2025-05-26,26/05 - 01/06/2025,PERDIZES,DELIVERY,3058.5
2025-05-31,2025,5,31,Mai,Maio,2025-05,Mai/2025,Sábado,Sáb,6,22,2025-05-26,26/05 - 01/06/2025,SANTANA,CASA,143870.45
2025-05-31,2025,5,31,Mai,Maio,2025-05,Mai/2025,Sábado,Sáb,6,22,2025-05-26,26/05 - 01/06/2025,SANTANA,DELIVERY,3763.6
2025-05-31,2025,5,31,Mai,Maio,2025-05,Mai/2025,Sábado,Sáb,6,22,2025-05-26,26/05 - 01/06/2025,SANTO ANDRÉ,CASA,187213.09
2025-05-31,2025,5,31,Mai,Maio,2025-05,Mai/2025,Sábado,Sáb,6,22,2025-05-26,26/05 - 01/06/2025,SANTO ANDRÉ,DELIVERY,761.5
2025-05-31,2025,5,31,Mai,Maio,2025-05,Mai/2025,Sábado,Sáb,6,22,2025-05-26,26/05 - 01/06/2025,TATUAPÉ,CASA,193890.82
2025-05-31,2025,5,31,Mai,Maio,2025-05,Mai/2025,Sábado,Sáb,6,22,2025-05-26,26/05 - 01/06/2025,TATUAPÉ,DELIVERY,3409.9
2025-05-31,2025,5,31,Mai,Maio,2025-05,Mai/2025,Sábado,Sáb,6,22,2025-05-26,26/05 - 01/06/2025,VILA MADALENA,CASA,37276.78
2025-05-31,2025,5,31,Mai,Maio,2025-05,Mai/2025,Sábado,Sáb,6,22,2025-05-26,26/05 - 01/06/2025,VILA MADALENA,DELIVERY,1928.6
2025-05-31,2025,5,31,Mai,Maio,2025-05,Mai/2025,Sábado,Sáb,6,22,2025-05-26,26/05 - 01/06/2025,VILA MARIANA,CASA,53126.63
2025-05-31,2025,5,31,Mai,Maio,2025-05,Mai/2025,Sábado,Sáb,6,22,2025-05-26,26/05 - 01/06/2025,VILA MARIANA,DELIVERY,3305.8
2025-06-01,2025,6,1,Jun,Junho,2025-06,Jun/2025,Domingo,Dom,7,22,2025-05-26,26/05 - 01/06/2025,CARINAS,CASA,50154.33
2025-06-01,2025,6,1,Jun,Junho,2025-06,Jun/2025,Domingo,Dom,7,22,2025-05-26,26/05 - 01/06/2025,CARINAS,DELIVERY,6128.3
2025-06-01,2025,6,1,Jun,Junho,2025-06,Jun/2025,Domingo,Dom,7,22,2025-05-26,26/05 - 01/06/2025,CHÁCARA,CASA,14342.57
2025-06-01,2025,6,1,Jun,Junho,2025-06,Jun/2025,Domingo,Dom,7,22,2025-05-26,26/05 - 01/06/2025,CHÁCARA,DELIVERY,1347.8
2025-06-01,2025,6,1,Jun,Junho,2025-06,Jun/2025,Domingo,Dom,7,22,2025-05-26,26/05 - 01/06/2025,LAPA,CASA,45746.96
2025-06-01,2025,6,1,Jun,Junho,2025-06,Jun/2025,Domingo,Dom,7,22,2025-05-26,26/05 - 01/06/2025,LAPA,DELIVERY,2798.9
2025-06-01,2025,6,1,Jun,Junho,2025-06,Jun/2025,Domingo,Dom,7,22,2025-05-26,26/05 - 01/06/2025,PAVÃO,CASA,5649.91
2025-06-01,2025,6,1,Jun,Junho,2025-06,Jun/2025,Domingo,Dom,7,22,2025-05-26,26/05 - 01/06/2025,PAVÃO,DELIVERY,2222.16
2025-06-01,2025,6,1,Jun,Junho,2025-06,Jun/2025,Domingo,Dom,7,22,2025-05-26,26/05 - 01/06/2025,PERDIZES,CASA,27114.88
2025-06-01,2025,6,1,Jun,Junho,2025-06,Jun/2025,Domingo,Dom,7,22,2025-05-26,26/05 - 01/06/2025,PERDIZES,DELIVERY,2521.6
2025-06-01,2025,6,1,Jun,Junho,2025-06,Jun/2025,Domingo,Dom,7,22,2025-05-26,26/05 - 01/06/2025,SANTANA,CASA,52149.53
2025-06-01,2025,6,1,Jun,Junho,2025-06,Jun/2025,Domingo,Dom,7,22,2025-05-26,26/05 - 01/06/2025,SANTANA,DELIVERY,3853.9
2025-06-01,2025,6,1,Jun,Junho,2025-06,Jun/2025,Domingo,Dom,7,22,2025-05-26,26/05 - 01/06/2025,SANTO ANDRÉ,CASA,47874.75
2025-06-01,2025,6,1,Jun,Junho,2025-06,Jun/2025,Domingo,Dom,7,22,2025-05-26,26/05 - 01/06/2025,SANTO ANDRÉ,DELIVERY,2103.2
2025-06-01,2025,6,1,Jun,Junho,2025-06,Jun/2025,Domingo,Dom,7,22,2025-05-26,26/05 - 01/06/2025,TATUAPÉ,CASA,77901.38
2025-06-01,2025,6,1,Jun,Junho,2025-06,Jun/2025,Domingo,Dom,7,22,2025-05-26,26/05 - 01/06/2025,TATUAPÉ,DELIVERY,2929.63
2025-06-01,2025,6,1,Jun,Junho,2025-06,Jun/2025,Domingo,Dom,7,22,2025-05-26,26/05 - 01/06/2025,VILA MADALENA,CASA,14534.45
2025-06-01,2025,6,1,Jun,Junho,2025-06,Jun/2025,Domingo,Dom,7,22,2025-05-26,26/05 - 01/06/2025,VILA MADALENA,DELIVERY,2239.9
2025-06-01,2025,6,1,Jun,Junho,2025-06,Jun/2025,Domingo,Dom,7,22,2025-05-26,26/05 - 01/06/2025,VILA MARIANA,CASA,31246.45
2025-06-01,2025,6,1,Jun,Junho,2025-06,Jun/2025,Domingo,Dom,7,22,2025-05-26,26/05 - 01/06/2025,VILA MARIANA,DELIVERY,5580.6
2025-06-02,2025,6,2,Jun,Junho,2025-06,Jun/2025,Segunda,Seg,1,23,2025-06-02,02/06 - 08/06/2025,TATUAPÉ,DELIVERY,48.59
2025-06-03,2025,6,3,Jun,Junho,2025-06,Jun/2025,Terça,Ter,2,23,2025-06-02,02/06 - 08/06/2025,CARINAS,CASA,52086.13
2025-06-03,2025,6,3,Jun,Junho,2025-06,Jun/2025,Terça,Ter,2,23,2025-06-02,02/06 - 08/06/2025,CARINAS,DELIVERY,1083.8
2025-06-03,2025,6,3,Jun,Junho,2025-06,Jun/2025,Terça,Ter,2,23,2025-06-02,02/06 - 08/06/2025,CHÁCARA,CASA,1241.96
2025-06-03,2025,6,3,Jun,Junho,2025-06,Jun/2025,Terça,Ter,2,23,2025-06-02,02/06 - 08/06/2025,CHÁCARA,DELIVERY,859.4
2025-06-03,2025,6,3,Jun,Junho,2025-06,Jun/2025,Terça,Ter,2,23,2025-06-02,02/06 - 08/06/2025,LAPA,CASA,21339.32
2025-06-03,2025,6,3,Jun,Junho,2025-06,Jun/2025,Terça,Ter,2,23,2025-06-02,02/06 - 08/06/2025,LAPA,DELIVERY,790.0
2025-06-03,2025,6,3,Jun,Junho,2025-06,Jun/2025,Terça,Ter,2,23,2025-06-02,02/06 - 08/06/2025,PAVÃO,CASA,2673.25
2025-06-03,2025,6,3,Jun,Junho,2025-06,Jun/2025,Terça,Ter,2,23,2025-06-02,02/06 - 08/06/2025,PAVÃO,DELIVERY,1975.73
2025-06-03,2025,6,3,Jun,Junho,2025-06,Jun/2025,Terça,Ter,2,23,2025-06-02,02/06 - 08/06/2025,PERDIZES,CASA,226.76
2025-06-03,2025,6,3,Jun,Junho,2025-06,Jun/2025,Terça,Ter,2,23,2025-06-02,02/06 - 08/06/2025,PERDIZES,DELIVERY,523.8
2025-06-03,2025,6,3,Jun,Junho,2025-06,Jun/2025,Terça,Ter,2,23,2025-06-02,02/06 - 08/06/2025,SANTANA,CASA,17121.27
2025-06-03,2025,6,3,Jun,Junho,2025-06,Jun/2025,Terça,Ter,2,23,2025-06-02,02/06 - 08/06/2025,SANTANA,DELIVERY,1157.9
2025-06-03,2025,6,3,Jun,Junho,2025-06,Jun/2025,Terça,Ter,2,23,2025-06-02,02/06 - 08/06/2025,TATUAPÉ,CASA,26995.09
2025-06-03,2025,6,3,Jun,Junho,2025-06,Jun/2025,Terça,Ter,2,23,2025-06-02,02/06 - 08/06/2025,TATUAPÉ,DELIVERY,917.06
2025-06-03,2025,6,3,Jun,Junho,2025-06,Jun/2025,Terça,Ter,2,23,2025-06-02,02/06 - 08/06/2025,VILA MADALENA,CASA,1931.28
2025-06-03,2025,6,3,Jun,Junho,2025-06,Jun/2025,Terça,Ter,2,23,2025-06-02,02/06 - 08/06/2025,VILA MADALENA,DELIVERY,854.0
2025-06-03,2025,6,3,Jun,Junho,2025-06,Jun/2025,Terça,Ter,2,23,2025-06-02,02/06 - 08/06/2025,VILA MARIANA,CASA,6593.26
2025-06-03,2025,6,3,Jun,Junho,2025-06,Jun/2025,Terça,Ter,2,23,2025-06-02,02/06 - 08/06/2025,VILA MARIANA,DELIVERY,1594.5
2025-06-04,2025,6,4,Jun,Junho,2025-06,Jun/2025,Quarta,Qua,3,23,2025-06-02,02/06 - 08/06/2025,CARINAS,CASA,21596.36
2025-06-04,2025,6,4,Jun,Junho,2025-06,Jun/2025,Quarta,Qua,3,23,2025-06-02,02/06 - 08/06/2025,CARINAS,DELIVERY,612.2
2025-06-04,2025,6,4,Jun,Junho,2025-06,Jun/2025,Quarta,Qua,3,23,2025-06-02,02/06 - 08/06/2025,CHÁCARA,CASA,30090.97
2025-06-04,2025,6,4,Jun,Junho,2025-06,Jun/2025,Quarta,Qua,3,23,2025-06-02,02/06 - 08/06/2025,CHÁCARA,DELIVERY,590.0
2025-06-04,2025,6,4,Jun,Junho,2025-06,Jun/2025,Quarta,Qua,3,23,2025-06-02,02/06 - 08/06/2025,LAPA,CASA,5774.16
2025-06-04,2025,6,4,Jun,Junho,2025-06,Jun/2025,Quarta,Qua,3,23,2025-06-02,02/06 - 08/06/2025,LAPA,DELIVERY,911.4
2025-06-04,2025,6,4,Jun,Junho,2025-06,Jun/2025,Quarta,Qua,3,23,2025-06-02,02/06 - 08/06/2025,PAVÃO,CASA,3748.02
2025-06-04,2025,6,4,Jun,Junho,2025-06,Jun/2025,Quarta,Qua,3,23,2025-06-02,02/06 - 08/06/2025,PAVÃO,DELIVERY,1848.16
2025-06-04,2025,6,4,Jun,Junho,2025-06,Jun/2025,Quarta,Qua,3,23,2025-06-02,02/06 - 08/06/2025,PERDIZES,CASA,6082.94
2025-06-04,2025,6,4,Jun,Junho,2025-06,Jun/2025,Quarta,Qua,3,23,2025-06-02,02/06 - 08/06/2025,PERDIZES,DELIVERY,953.8
2025-06-04,2025,6,4,Jun,Junho,2025-06,Jun/2025,Quarta,Qua,3,23,2025-06-02,02/06 - 08/06/2025,SANTANA,CASA,30796.88
2025-06-04,2025,6,4,Jun,Junho,2025-06,Jun/2025,Quarta,Qua,3,23,2025-06-02,02/06 - 08/06/2025,SANTANA,DELIVERY,2059.0
2025-06-04,2025,6,4,Jun,Junho,2025-06,Jun/2025,Quarta,Qua,3,23,2025-06-02,02/06 - 08/06/2025,SANTO ANDRÉ,CASA,10233.88
2025-06-04,2025,6,4,Jun,Junho,2025-06,Jun/2025,Quarta,Qua,3,23,2025-06-02,02/06 - 08/06/2025,TATUAPÉ,CASA,13486.9
2025-06-04,2025,6,4,Jun,Junho,2025-06,Jun/2025,Quarta,Qua,3,23,2025-06-02,02/06 - 08/06/2025,TATUAPÉ,DELIVERY,1067.88
2025-06-04,2025,6,4,Jun,Junho,2025-06,Jun/2025,Quarta,Qua,3,23,2025-06-02,02/06 - 08/06/2025,VILA MADALENA,CASA,1508.99
2025-06-04,2025,6,4,Jun,Junho,2025-06,Jun/2025,Quarta,Qua,3,23,2025-06-02,02/06 - 08/06/2025,VILA MADALENA,DELIVERY,592.6
2025-06-04,2025,6,4,Jun,Junho,2025-06,Jun/2025,Quarta,Qua,3,23,2025-06-02,02/06 - 08/06/2025,VILA MARIANA,CASA,31417.35
2025-06-04,2025,6,4,Jun,Junho,2025-06,Jun/2025,Quarta,Qua,3,23,2025-06-02,02/06 - 08/06/2025,VILA MARIANA,DELIVERY,871.4
2025-06-05,2025,6,5,Jun,Junho,2025-06,Jun/2025,Quinta,Qui,4,23,2025-06-02,02/06 - 08/06/2025,CARINAS,CASA,28235.73
2025-06-05,2025,6,5,Jun,Junho,2025-06,Jun/2025,Quinta,Qui,4,23,2025-06-02,02/06 - 08/06/2025,CARINAS,DELIVERY,667.8
2025-06-05,2025,6,5,Jun,Junho,2025-06,Jun/2025,Quinta,Qui,4,23,2025-06-02,02/06 - 08/06/2025,CHÁCARA,CASA,6744.24
2025-06-05,2025,6,5,Jun,Junho,2025-06,Jun/2025,Quinta,Qui,4,23,2025-06-02,02/06 - 08/06/2025,CHÁCARA,DELIVERY,607.8
2025-06-05,2025,6,5,Jun,Junho,2025-06,Jun/2025,Quinta,Qui,4,23,2025-06-02,02/06 - 08/06/2025,LAPA,CASA,11964.57
2025-06-05,2025,6,5,Jun,Junho,2025-06,Jun/2025,Quinta,Qui,4,23,2025-06-02,02/06 - 08/06/2025,LAPA,DELIVERY,1087.1
2025-06-05,2025,6,5,Jun,Junho,2025-06,Jun/2025,Quinta,Qui,4,23,2025-06-02,02/06 - 08/06/2025,PAVÃO,CASA,6018.73
2025-06-05,2025,6,5,Jun,Junho,2025-06,Jun/2025,Quinta,Qui,4,23,2025-06-02,02/06 - 08/06/2025,PAVÃO,DELIVERY,1136.5
2025-06-05,2025,6,5,Jun,Junho,2025-06,Jun/2025,Quinta,Qui,4,23,2025-06-02,02/06 - 08/06/2025,PERDIZES,CASA,10943.78
2025-06-05,2025,6,5,Jun,Junho,2025-06,Jun/2025,Quinta,Qui,4,23,2025-06-02,02/06 - 08/06/2025,PERDIZES,DELIVERY,1316.2
2025-06-05,2025,6,5,Jun,Junho,2025-06,Jun/2025,Quinta,Qui,4,23,2025-06-02,02/06 - 08/06/2025,SANTANA,CASA,185.73
2025-06-05,2025,6,5,Jun,Junho,2025-06,Jun/2025,Quinta,Qui,4,23,2025-06-02,02/06 - 08/06/2025,SANTANA,DELIVERY,169.8
2025-06-05,2025,6,5,Jun,Junho,2025-06,Jun/2025,Quinta,Qui,4,23,2025-06-02,02/06 - 08/06/2025,SANTO ANDRÉ,CASA,20674.58
2025-06-05,2025,6,5,Jun,Junho,2025-06,Jun/2025,Quinta,Qui,4,23,2025-06-02,02/06 - 08/06/2025,SANTO ANDRÉ,DELIVERY,363.1
2025-06-05,2025,6,5,Jun,Junho,2025-06,Jun/2025,Quinta,Qui,4,23,2025-06-02,02/06 - 08/06/2025,TATUAPÉ,CASA,1667.92
2025-06-05,2025,6,5,Jun,Junho,2025-06,Jun/2025,Quinta,Qui,4,23,2025-06-02,02/06 - 08/06/2025,TATUAPÉ,DELIVERY,997.5
2025-06-05,2025,6,5,Jun,Junho,2025-06,Jun/2025,Quinta,Qui,4,23,2025-06-02,02/06 - 08/06/2025,VILA MADALENA,CASA,19894.3
2025-06-05,2025,6,5,Jun,Junho,2025-06,Jun/2025,Quinta,Qui,4,23,2025-06-02,02/06 - 08/06/2025,VILA MADALENA,DELIVERY,856.7
2025-06-05,2025,6,5,Jun,Junho,2025-06,Jun/2025,Quinta,Qui,4,23,2025-06-02,02/06 - 08/06/2025,VILA MARIANA,CASA,20602.14
2025-06-05,2025,6,5,Jun,Junho,2025-06,Jun/2025,Quinta,Qui,4,23,2025-06-02,02/06 - 08/06/2025,VILA MARIANA,DELIVERY,708.2
2025-06-06,2025,6,6,Jun,Junho,2025-06,Jun/2025,Sexta,Sex,5,23,2025-06-02,02/06 - 08/06/2025,CARINAS,CASA,36267.96
2025-06-06,2025,6,6,Jun,Junho,2025-06,Jun/2025,Sexta,Sex,5,23,2025-06-02,02/06 - 08/06/2025,CHÁCARA,CASA,5880.25
2025-06-06,2025,6,6,Jun,Junho,2025-06,Jun/2025,Sexta,Sex,5,23,2025-06-02,02/06 - 08/06/2025,CHÁCARA,DELIVERY,721.5
2025-06-06,2025,6,6,Jun,Junho,2025-06,Jun/2025,Sexta,Sex,5,23,2025-06-02,02/06 - 08/06/2025,LAPA,CASA,7610.86
2025-06-06,2025,6,6,Jun,Junho,2025-06,Jun/2025,Sexta,Sex,5,23,2025-06-02,02/06 - 08/06/2025,LAPA,DELIVERY,2387.5
2025-06-06,2025,6,6,Jun,Junho,2025-06,Jun/2025,Sexta,Sex,5,23,2025-06-02,02/06 - 08/06/2025,PAVÃO,CASA,10799.82
2025-06-06,2025,6,6,Jun,Junho,2025-06,Jun/2025,Sexta,Sex,5,23,2025-06-02,02/06 - 08/06/2025,PAVÃO,DELIVERY,962.09
2025-06-06,2025,6,6,Jun,Junho,2025-06,Jun/2025,Sexta,Sex,5,23,2025-06-02,02/06 - 08/06/2025,PERDIZES,CASA,11218.34
2025-06-06,2025,6,6,Jun,Junho,2025-06,Jun/2025,Sexta,Sex,5,23,2025-06-02,02/06 - 08/06/2025,PERDIZES,DELIVERY,1980.1
2025-06-06,2025,6,6,Jun,Junho,2025-06,Jun/2025,Sexta,Sex,5,23,2025-06-02,02/06 - 08/06/2025,SANTANA,CASA,19813.24
2025-06-06,2025,6,6,Jun,Junho,2025-06,Jun/2025,Sexta,Sex,5,23,2025-06-02,02/06 - 08/06/2025,SANTANA,DELIVERY,1578.0
2025-06-06,2025,6,6,Jun,Junho,2025-06,Jun/2025,Sexta,Sex,5,23,2025-06-02,02/06 - 08/06/2025,SANTO ANDRÉ,CASA,79054.35
2025-06-06,2025,6,6,Jun,Junho,2025-06,Jun/2025,Sexta,Sex,5,23,2025-06-02,02/06 - 08/06/2025,SANTO ANDRÉ,DELIVERY,558.6
2025-06-06,2025,6,6,Jun,Junho,2025-06,Jun/2025,Sexta,Sex,5,23,2025-06-02,02/06 - 08/06/2025,TATUAPÉ,CASA,24886.65
2025-06-06,2025,6,6,Jun,Junho,2025-06,Jun/2025,Sexta,Sex,5,23,2025-06-02,02/06 - 08/06/2025,TATUAPÉ,DELIVERY,1486.12
2025-06-06,2025,6,6,Jun,Junho,2025-06,Jun/2025,Sexta,Sex,5,23,2025-06-02,02/06 - 08/06/2025,VILA MADALENA,CASA,6122.44
2025-06-06,2025,6,6,Jun,Junho,2025-06,Jun/2025,Sexta,Sex,5,23,2025-06-02,02/06 - 08/06/2025,VILA MADALENA,DELIVERY,1213.1
2025-06-06,2025,6,6,Jun,Junho,2025-06,Jun/2025,Sexta,Sex,5,23,2025-06-02,02/06 - 08/06/2025,VILA MARIANA,CASA,22675.84
2025-06-06,2025,6,6,Jun,Junho,2025-06,Jun/2025,Sexta,Sex,5,23,2025-06-02,02/06 - 08/06/2025,VILA MARIANA,DELIVERY,1175.2
2025-06-07,2025,6,7,Jun,Junho,2025-06,Jun/2025,Sábado,Sáb,6,23,2025-06-02,02/06 - 08/06/2025,CARINAS,CASA,186884.04
2025-06-07,2025,6,7,Jun,Junho,2025-06,Jun/2025,Sábado,Sáb,6,23,2025-06-02,02/06 - 08/06/2025,CARINAS,DELIVERY,869.2
2025-06-07,2025,6,7,Jun,Junho,2025-06,Jun/2025,Sábado,Sáb,6,23,2025-06-02,02/06 - 08/06/2025,CHÁCARA,CASA,20602.81
2025-06-07,2025,6,7,Jun,Junho,2025-06,Jun/2025,Sábado,Sáb,6,23,2025-06-02,02/06 - 08/06/2025,CHÁCARA,DELIVERY,1673.9
2025-06-07,2025,6,7,Jun,Junho,2025-06,Jun/2025,Sábado,Sáb,6,23,2025-06-02,02/06 - 08/06/2025,LAPA,CASA,54771.5
2025-06-07,2025,6,7,Jun,Junho,2025-06,Jun/2025,Sábado,Sáb,6,23,2025-06-02,02/06 - 08/06/2025,LAPA,DELIVERY,1459.8
2025-06-07,2025,6,7,Jun,Junho,2025-06,Jun/2025,Sábado,Sáb,6,23,2025-06-02,02/06 - 08/06/2025,PAVÃO,CASA,27722.48
2025-06-07,2025,6,7,Jun,Junho,2025-06,Jun/2025,Sábado,Sáb,6,23,2025-06-02,02/06 - 08/06/2025,PAVÃO,DELIVERY,1609.73
2025-06-07,2025,6,7,Jun,Junho,2025-06,Jun/2025,Sábado,Sáb,6,23,2025-06-02,02/06 - 08/06/2025,PERDIZES,CASA,65214.94
2025-06-07,2025,6,7,Jun,Junho,2025-06,Jun/2025,Sábado,Sáb,6,23,2025-06-02,02/06 - 08/06/2025,PERDIZES,DELIVERY,1520.7
2025-06-07,2025,6,7,Jun,Junho,2025-06,Jun/2025,Sábado,Sáb,6,23,2025-06-02,02/06 - 08/06/2025,SANTANA,CASA,112187.58
2025-06-07,2025,6,7,Jun,Junho,2025-06,Jun/2025,Sábado,Sáb,6,23,2025-06-02,02/06 - 08/06/2025,SANTANA,DELIVERY,4281.4
2025-06-07,2025,6,7,Jun,Junho,2025-06,Jun/2025,Sábado,Sáb,6,23,2025-06-02,02/06 - 08/06/2025,SANTO ANDRÉ,CASA,191972.81
2025-06-07,2025,6,7,Jun,Junho,2025-06,Jun/2025,Sábado,Sáb,6,23,2025-06-02,02/06 - 08/06/2025,SANTO ANDRÉ,DELIVERY,1153.4
2025-06-07,2025,6,7,Jun,Junho,2025-06,Jun/2025,Sábado,Sáb,6,23,2025-06-02,02/06 - 08/06/2025,TATUAPÉ,CASA,133671.49
2025-06-07,2025,6,7,Jun,Junho,2025-06,Jun/2025,Sábado,Sáb,6,23,2025-06-02,02/06 - 08/06/2025,TATUAPÉ,DELIVERY,4900.26
2025-06-07,2025,6,7,Jun,Junho,2025-06,Jun/2025,Sábado,Sáb,6,23,2025-06-02,02/06 - 08/06/2025,VILA MADALENA,CASA,41402.63
2025-06-07,2025,6,7,Jun,Junho,2025-06,Jun/2025,Sábado,Sáb,6,23,2025-06-02,02/06 - 08/06/2025,VILA MADALENA,DELIVERY,1131.5
2025-06-07,2025,6,7,Jun,Junho,2025-06,Jun/2025,Sábado,Sáb,6,23,2025-06-02,02/06 - 08/06/2025,VILA MARIANA,CASA,43592.87
2025-06-07,2025,6,7,Jun,Junho,2025-06,Jun/2025,Sábado,Sáb,6,23,2025-06-02,02/06 - 08/06/2025,VILA MARIANA,DELIVERY,2148.1
2025-06-08,2025,6,8,Jun,Junho,2025-06,Jun/2025,Domingo,Dom,7,23,2025-06-02,02/06 - 08/06/2025,CARINAS,CASA,54888.95
2025-06-08,2025,6,8,Jun,Junho,2025-06,Jun/2025,Domingo,Dom,7,23,2025-06-02,02/06 - 08/06/2025,CARINAS,DELIVERY,4415.0
2025-06-08,2025,6,8,Jun,Junho,2025-06,Jun/2025,Domingo,Dom,7,23,2025-06-02,02/06 - 08/06/2025,CHÁCARA,CASA,9356.44
2025-06-08,2025,6,8,Jun,Junho,2025-06,Jun/2025,Domingo,Dom,7,23,2025-06-02,02/06 - 08/06/2025,CHÁCARA,DELIVERY,1826.8
2025-06-08,2025,6,8,Jun,Junho,2025-06,Jun/2025,Domingo,Dom,7,23,2025-06-02,02/06 - 08/06/2025,LAPA,CASA,23167.22
2025-06-08,2025,6,8,Jun,Junho,2025-06,Jun/2025,Domingo,Dom,7,23,2025-06-02,02/06 - 08/06/2025,LAPA,DELIVERY,2739.8
2025-06-08,2025,6,8,Jun,Junho,2025-06,Jun/2025,Domingo,Dom,7,23,2025-06-02,02/06 - 08/06/2025,PAVÃO,CASA,9834.13
2025-06-08,2025,6,8,Jun,Junho,2025-06,Jun/2025,Domingo,Dom,7,23,2025-06-02,02/06 - 08/06/2025,PAVÃO,DELIVERY,2086.28
2025-06-08,2025,6,8,Jun,Junho,2025-06,Jun/2025,Domingo,Dom,7,23,2025-06-02,02/06 - 08/06/2025,PERDIZES,CASA,25857.1
2025-06-08,2025,6,8,Jun,Junho,2025-06,Jun/2025,Domingo,Dom,7,23,2025-06-02,02/06 - 08/06/2025,PERDIZES,DELIVERY,1914.4
2025-06-08,2025,6,8,Jun,Junho,2025-06,Jun/2025,Domingo,Dom,7,23,2025-06-02,02/06 - 08/06/2025,SANTANA,CASA,47970.67
2025-06-08,2025,6,8,Jun,Junho,2025-06,Jun/2025,Domingo,Dom,7,23,2025-06-02,02/06 - 08/06/2025,SANTANA,DELIVERY,3317.0
2025-06-08,2025,6,8,Jun,Junho,2025-06,Jun/2025,Domingo,Dom,7,23,2025-06-02,02/06 - 08/06/2025,SANTO ANDRÉ,CASA,49027.15
2025-06-08,2025,6,8,Jun,Junho,2025-06,Jun/2025,Domingo,Dom,7,23,2025-06-02,02/06 - 08/06/2025,SANTO ANDRÉ,DELIVERY,2002.7
2025-06-08,2025,6,8,Jun,Junho,2025-06,Jun/2025,Domingo,Dom,7,23,2025-06-02,02/06 - 08/06/2025,TATUAPÉ,CASA,141612.36
2025-06-08,2025,6,8,Jun,Junho,2025-06,Jun/2025,Domingo,Dom,7,23,2025-06-02,02/06 - 08/06/2025,TATUAPÉ,DELIVERY,3311.02
2025-06-08,2025,6,8,Jun,Junho,2025-06,Jun/2025,Domingo,Dom,7,23,2025-06-02,02/06 - 08/06/2025,VILA MADALENA,CASA,21378.01
2025-06-08,2025,6,8,Jun,Junho,2025-06,Jun/2025,Domingo,Dom,7,23,2025-06-02,02/06 - 08/06/2025,VILA MADALENA,DELIVERY,2352.7
2025-06-08,2025,6,8,Jun,Junho,2025-06,Jun/2025,Domingo,Dom,7,23,2025-06-02,02/06 - 08/06/2025,VILA MARIANA,CASA,36787.69
2025-06-08,2025,6,8,Jun,Junho,2025-06,Jun/2025,Domingo,Dom,7,23,2025-06-02,02/06 - 08/06/2025,VILA MARIANA,DELIVERY,3561.6
2025-06-10,2025,6,10,Jun,Junho,2025-06,Jun/2025,Terça,Ter,2,24,2025-06-09,09/06 - 15/06/2025,CARINAS,CASA,36409.01
2025-06-10,2025,6,10,Jun,Junho,2025-06,Jun/2025,Terça,Ter,2,24,2025-06-09,09/06 - 15/06/2025,CARINAS,DELIVERY,628.4
2025-06-10,2025,6,10,Jun,Junho,2025-06,Jun/2025,Terça,Ter,2,24,2025-06-09,09/06 - 15/06/2025,CHÁCARA,CASA,12538.99
2025-06-10,2025,6,10,Jun,Junho,2025-06,Jun/2025,Terça,Ter,2,24,2025-06-09,09/06 - 15/06/2025,CHÁCARA,DELIVERY,1084.3
2025-06-10,2025,6,10,Jun,Junho,2025-06,Jun/2025,Terça,Ter,2,24,2025-06-09,09/06 - 15/06/2025,LAPA,CASA,7891.85
2025-06-10,2025,6,10,Jun,Junho,2025-06,Jun/2025,Terça,Ter,2,24,2025-06-09,09/06 - 15/06/2025,LAPA,DELIVERY,494.7
2025-06-10,2025,6,10,Jun,Junho,2025-06,Jun/2025,Terça,Ter,2,24,2025-06-09,09/06 - 15/06/2025,PAVÃO,CASA,10677.33
2025-06-10,2025,6,10,Jun,Junho,2025-06,Jun/2025,Terça,Ter,2,24,2025-06-09,09/06 - 15/06/2025,PAVÃO,DELIVERY,903.47
2025-06-10,2025,6,10,Jun,Junho,2025-06,Jun/2025,Terça,Ter,2,24,2025-06-09,09/06 - 15/06/2025,PERDIZES,CASA,7880.63
2025-06-10,2025,6,10,Jun,Junho,2025-06,Jun/2025,Terça,Ter,2,24,2025-06-09,09/06 - 15/06/2025,PERDIZES,DELIVERY,974.8
2025-06-10,2025,6,10,Jun,Junho,2025-06,Jun/2025,Terça,Ter,2,24,2025-06-09,09/06 - 15/06/2025,SANTANA,CASA,10167.1
2025-06-10,2025,6,10,Jun,Junho,2025-06,Jun/2025,Terça,Ter,2,24,2025-06-09,09/06 - 15/06/2025,SANTANA,DELIVERY,832.4
2025-06-10,2025,6,10,Jun,Junho,2025-06,Jun/2025,Terça,Ter,2,24,2025-06-09,09/06 - 15/06/2025,TATUAPÉ,CASA,41675.06
2025-06-10,2025,6,10,Jun,Junho,2025-06,Jun/2025,Terça,Ter,2,24,2025-06-09,09/06 - 15/06/2025,TATUAPÉ,DELIVERY,614.97
2025-06-10,2025,6,10,Jun,Junho,2025-06,Jun/2025,Terça,Ter,2,24,2025-06-09,09/06 - 15/06/2025,VILA MADALENA,CASA,1525.8
2025-06-10,2025,6,10,Jun,Junho,2025-06,Jun/2025,Terça,Ter,2,24,2025-06-09,09/06 - 15/06/2025,VILA MADALENA,DELIVERY,243.8
2025-06-10,2025,6,10,Jun,Junho,2025-06,Jun/2025,Terça,Ter,2,24,2025-06-09,09/06 - 15/06/2025,VILA MARIANA,CASA,13035.66
2025-06-10,2025,6,10,Jun,Junho,2025-06,Jun/2025,Terça,Ter,2,24,2025-06-09,09/06 - 15/06/2025,VILA MARIANA,DELIVERY,1074.2
2025-06-11,2025,6,11,Jun,Junho,2025-06,Jun/2025,Quarta,Qua,3,24,2025-06-09,09/06 - 15/06/2025,CARINAS,CASA,83545.37
2025-06-11,2025,6,11,Jun,Junho,2025-06,Jun/2025,Quarta,Qua,3,24,2025-06-09,09/06 - 15/06/2025,CARINAS,DELIVERY,919.3
2025-06-11,2025,6,11,Jun,Junho,2025-06,Jun/2025,Quarta,Qua,3,24,2025-06-09,09/06 - 15/06/2025,CHÁCARA,CASA,1586.84
2025-06-11,2025,6,11,Jun,Junho,2025-06,Jun/2025,Quarta,Qua,3,24,2025-06-09,09/06 - 15/06/2025,CHÁCARA,DELIVERY,433.5
2025-06-11,2025,6,11,Jun,Junho,2025-06,Jun/2025,Quarta,Qua,3,24,2025-06-09,09/06 - 15/06/2025,LAPA,CASA,7969.94
2025-06-11,2025,6,11,Jun,Junho,2025-06,Jun/2025,Quarta,Qua,3,24,2025-06-09,09/06 - 15/06/2025,PAVÃO,CASA,9929.65
2025-06-11,2025,6,11,Jun,Junho,2025-06,Jun/2025,Quarta,Qua,3,24,2025-06-09,09/06 - 15/06/2025,PAVÃO,DELIVERY,1116.09
2025-06-11,2025,6,11,Jun,Junho,2025-06,Jun/2025,Quarta,Qua,3,24,2025-06-09,09/06 - 15/06/2025,PERDIZES,CASA,6107.81
2025-06-11,2025,6,11,Jun,Junho,2025-06,Jun/2025,Quarta,Qua,3,24,2025-06-09,09/06 - 15/06/2025,PERDIZES,DELIVERY,866.5
2025-06-11,2025,6,11,Jun,Junho,2025-06,Jun/2025,Quarta,Qua,3,24,2025-06-09,09/06 - 15/06/2025,SANTANA,CASA,38111.83
2025-06-11,2025,6,11,Jun,Junho,2025-06,Jun/2025,Quarta,Qua,3,24,2025-06-09,09/06 - 15/06/2025,SANTANA,DELIVERY,977.4
2025-06-11,2025,6,11,Jun,Junho,2025-06,Jun/2025,Quarta,Qua,3,24,2025-06-09,09/06 - 15/06/2025,SANTO ANDRÉ,CASA,14846.79
2025-06-11,2025,6,11,Jun,Junho,2025-06,Jun/2025,Quarta,Qua,3,24,2025-06-09,09/06 - 15/06/2025,SANTO ANDRÉ,DELIVERY,559.5
2025-06-11,2025,6,11,Jun,Junho,2025-06,Jun/2025,Quarta,Qua,3,24,2025-06-09,09/06 - 15/06/2025,TATUAPÉ,CASA,4626.69
2025-06-11,2025,6,11,Jun,Junho,2025-06,Jun/2025,Quarta,Qua,3,24,2025-06-09,09/06 - 15/06/2025,TATUAPÉ,DELIVERY,794.22
2025-06-11,2025,6,11,Jun,Junho,2025-06,Jun/2025,Quarta,Qua,3,24,2025-06-09,09/06 - 15/06/2025,VILA MADALENA,CASA,48687.97
2025-06-11,2025,6,11,Jun,Junho,2025-06,Jun/2025,Quarta,Qua,3,24,2025-06-09,09/06 - 15/06/2025,VILA MADALENA,DELIVERY,491.8
2025-06-11,2025,6,11,Jun,Junho,2025-06,Jun/2025,Quarta,Qua,3,24,2025-06-09,09/06 - 15/06/2025,VILA MARIANA,CASA,9984.69
2025-06-11,2025,6,11,Jun,Junho,2025-06,Jun/2025,Quarta,Qua,3,24,2025-06-09,09/06 - 15/06/2025,VILA MARIANA,DELIVERY,1671.6
2025-06-12,2025,6,12,Jun,Junho,2025-06,Jun/2025,Quinta,Qui,4,24,2025-06-09,09/06 - 15/06/2025,CARINAS,CASA,9744.73
2025-06-12,2025,6,12,Jun,Junho,2025-06,Jun/2025,Quinta,Qui,4,24,2025-06-09,09/06 - 15/06/2025,CARINAS,DELIVERY,1018.9
2025-06-12,2025,6,12,Jun,Junho,2025-06,Jun/2025,Quinta,Qui,4,24,2025-06-09,09/06 - 15/06/2025,CHÁCARA,CASA,10721.49
2025-06-12,2025,6,12,Jun,Junho,2025-06,Jun/2025,Quinta,Qui,4,24,2025-06-09,09/06 - 15/06/2025,CHÁCARA,DELIVERY,490.4
2025-06-12,2025,6,12,Jun,Junho,2025-06,Jun/2025,Quinta,Qui,4,24,2025-06-09,09/06 - 15/06/2025,LAPA,CASA,4452.72
2025-06-12,2025,6,12,Jun,Junho,2025-06,Jun/2025,Quinta,Qui,4,24,2025-06-09,09/06 - 15/06/2025,LAPA,DELIVERY,1735.5
2025-06-12,2025,6,12,Jun,Junho,2025-06,Jun/2025,Quinta,Qui,4,24,2025-06-09,09/06 - 15/06/2025,PAVÃO,CASA,2433.83
2025-06-12,2025,6,12,Jun,Junho,2025-06,Jun/2025,Quinta,Qui,4,24,2025-06-09,09/06 - 15/06/2025,PAVÃO,DELIVERY,755.91
2025-06-12,2025,6,12,Jun,Junho,2025-06,Jun/2025,Quinta,Qui,4,24,2025-06-09,09/06 - 15/06/2025,PERDIZES,CASA,10922.14
2025-06-12,2025,6,12,Jun,Junho,2025-06,Jun/2025,Quinta,Qui,4,24,2025-06-09,09/06 - 15/06/2025,PERDIZES,DELIVERY,281.0
2025-06-12,2025,6,12,Jun,Junho,2025-06,Jun/2025,Quinta,Qui,4,24,2025-06-09,09/06 - 15/06/2025,SANTANA,CASA,26249.85
2025-06-12,2025,6,12,Jun,Junho,2025-06,Jun/2025,Quinta,Qui,4,24,2025-06-09,09/06 - 15/06/2025,SANTANA,DELIVERY,2079.3
2025-06-12,2025,6,12,Jun,Junho,2025-06,Jun/2025,Quinta,Qui,4,24,2025-06-09,09/06 - 15/06/2025,SANTO ANDRÉ,CASA,37756.3
2025-06-12,2025,6,12,Jun,Junho,2025-06,Jun/2025,Quinta,Qui,4,24,2025-06-09,09/06 - 15/06/2025,SANTO ANDRÉ,DELIVERY,583.5
2025-06-12,2025,6,12,Jun,Junho,2025-06,Jun/2025,Quinta,Qui,4,24,2025-06-09,09/06 - 15/06/2025,TATUAPÉ,CASA,13230.14
2025-06-12,2025,6,12,Jun,Junho,2025-06,Jun/2025,Quinta,Qui,4,24,2025-06-09,09/06 - 15/06/2025,TATUAPÉ,DELIVERY,1629.62
2025-06-12,2025,6,12,Jun,Junho,2025-06,Jun/2025,Quinta,Qui,4,24,2025-06-09,09/06 - 15/06/2025,VILA MADALENA,CASA,14567.05
2025-06-12,2025,6,12,Jun,Junho,2025-06,Jun/2025,Quinta,Qui,4,24,2025-06-09,09/06 - 15/06/2025,VILA MADALENA,DELIVERY,372.9
2025-06-12,2025,6,12,Jun,Junho,2025-06,Jun/2025,Quinta,Qui,4,24,2025-06-09,09/06 - 15/06/2025,VILA MARIANA,CASA,30902.37
2025-06-12,2025,6,12,Jun,Junho,2025-06,Jun/2025,Quinta,Qui,4,24,2025-06-09,09/06 - 15/06/2025,VILA MARIANA,DELIVERY,1336.0
2025-06-13,2025,6,13,Jun,Junho,2025-06,Jun/2025,Sexta,Sex,5,24,2025-06-09,09/06 - 15/06/2025,CARINAS,CASA,36656.22
2025-06-13,2025,6,13,Jun,Junho,2025-06,Jun/2025,Sexta,Sex,5,24,2025-06-09,09/06 - 15/06/2025,CARINAS,DELIVERY,815.9
2025-06-13,2025,6,13,Jun,Junho,2025-06,Jun/2025,Sexta,Sex,5,24,2025-06-09,09/06 - 15/06/2025,CHÁCARA,CASA,5787.14
2025-06-13,2025,6,13,Jun,Junho,2025-06,Jun/2025,Sexta,Sex,5,24,2025-06-09,09/06 - 15/06/2025,CHÁCARA,DELIVERY,702.9
2025-06-13,2025,6,13,Jun,Junho,2025-06,Jun/2025,Sexta,Sex,5,24,2025-06-09,09/06 - 15/06/2025,LAPA,CASA,5624.56
2025-06-13,2025,6,13,Jun,Junho,2025-06,Jun/2025,Sexta,Sex,5,24,2025-06-09,09/06 - 15/06/2025,LAPA,DELIVERY,1859.5
2025-06-13,2025,6,13,Jun,Junho,2025-06,Jun/2025,Sexta,Sex,5,24,2025-06-09,09/06 - 15/06/2025,PAVÃO,CASA,23149.82
2025-06-13,2025,6,13,Jun,Junho,2025-06,Jun/2025,Sexta,Sex,5,24,2025-06-09,09/06 - 15/06/2025,PAVÃO,DELIVERY,1469.87
2025-06-13,2025,6,13,Jun,Junho,2025-06,Jun/2025,Sexta,Sex,5,24,2025-06-09,09/06 - 15/06/2025,PERDIZES,CASA,11960.34
2025-06-13,2025,6,13,Jun,Junho,2025-06,Jun/2025,Sexta,Sex,5,24,2025-06-09,09/06 - 15/06/2025,PERDIZES,DELIVERY,1372.3
2025-06-13,2025,6,13,Jun,Junho,2025-06,Jun/2025,Sexta,Sex,5,24,2025-06-09,09/06 - 15/06/2025,SANTANA,CASA,26290.07
2025-06-13,2025,6,13,Jun,Junho,2025-06,Jun/2025,Sexta,Sex,5,24,2025-06-09,09/06 - 15/06/2025,SANTANA,DELIVERY,1954.9
2025-06-13,2025,6,13,Jun,Junho,2025-06,Jun/2025,Sexta,Sex,5,24,2025-06-09,09/06 - 15/06/2025,SANTO ANDRÉ,CASA,139683.02
2025-06-13,2025,6,13,Jun,Junho,2025-06,Jun/2025,Sexta,Sex,5,24,2025-06-09,09/06 - 15/06/2025,SANTO ANDRÉ,DELIVERY,326.1
2025-06-13,2025,6,13,Jun,Junho,2025-06,Jun/2025,Sexta,Sex,5,24,2025-06-09,09/06 - 15/06/2025,TATUAPÉ,CASA,31729.94
2025-06-13,2025,6,13,Jun,Junho,2025-06,Jun/2025,Sexta,Sex,5,24,2025-06-09,09/06 - 15/06/2025,TATUAPÉ,DELIVERY,1576.44
2025-06-13,2025,6,13,Jun,Junho,2025-06,Jun/2025,Sexta,Sex,5,24,2025-06-09,09/06 - 15/06/2025,VILA MADALENA,CASA,16511.84
2025-06-13,2025,6,13,Jun,Junho,2025-06,Jun/2025,Sexta,Sex,5,24,2025-06-09,09/06 - 15/06/2025,VILA MADALENA,DELIVERY,722.5
2025-06-13,2025,6,13,Jun,Junho,2025-06,Jun/2025,Sexta,Sex,5,24,2025-06-09,09/06 - 15/06/2025,VILA MARIANA,CASA,12016.23
2025-06-13,2025,6,13,Jun,Junho,2025-06,Jun/2025,Sexta,Sex,5,24,2025-06-09,09/06 - 15/06/2025,VILA MARIANA,DELIVERY,1656.6
2025-06-14,2025,6,14,Jun,Junho,2025-06,Jun/2025,Sábado,Sáb,6,24,2025-06-09,09/06 - 15/06/2025,CARINAS,CASA,127894.49
2025-06-14,2025,6,14,Jun,Junho,2025-06,Jun/2025,Sábado,Sáb,6,24,2025-06-09,09/06 - 15/06/2025,CARINAS,DELIVERY,1780.0
2025-06-14,2025,6,14,Jun,Junho,2025-06,Jun/2025,Sábado,Sáb,6,24,2025-06-09,09/06 - 15/06/2025,CHÁCARA,CASA,19245.34
2025-06-14,2025,6,14,Jun,Junho,2025-06,Jun/2025,Sábado,Sáb,6,24,2025-06-09,09/06 - 15/06/2025,CHÁCARA,DELIVERY,2558.5
2025-06-14,2025,6,14,Jun,Junho,2025-06,Jun/2025,Sábado,Sáb,6,24,2025-06-09,09/06 - 15/06/2025,LAPA,CASA,37894.03
2025-06-14,2025,6,14,Jun,Junho,2025-06,Jun/2025,Sábado,Sáb,6,24,2025-06-09,09/06 - 15/06/2025,LAPA,DELIVERY,2686.8
2025-06-14,2025,6,14,Jun,Junho,2025-06,Jun/2025,Sábado,Sáb,6,24,2025-06-09,09/06 - 15/06/2025,PAVÃO,CASA,20159.54
2025-06-14,2025,6,14,Jun,Junho,2025-06,Jun/2025,Sábado,Sáb,6,24,2025-06-09,09/06 - 15/06/2025,PAVÃO,DELIVERY,2286.99
2025-06-14,2025,6,14,Jun,Junho,2025-06,Jun/2025,Sábado,Sáb,6,24,2025-06-09,09/06 - 15/06/2025,PERDIZES,CASA,53514.9
2025-06-14,2025,6,14,Jun,Junho,2025-06,Jun/2025,Sábado,Sáb,6,24,2025-06-09,09/06 - 15/06/2025,PERDIZES,DELIVERY,424.0
2025-06-14,2025,6,14,Jun,Junho,2025-06,Jun/2025,Sábado,Sáb,6,24,2025-06-09,09/06 - 15/06/2025,SANTANA,CASA,124456.53
2025-06-14,2025,6,14,Jun,Junho,2025-06,Jun/2025,Sábado,Sáb,6,24,2025-06-09,09/06 - 15/06/2025,SANTANA,DELIVERY,3325.6
2025-06-14,2025,6,14,Jun,Junho,2025-06,Jun/2025,Sábado,Sáb,6,24,2025-06-09,09/06 - 15/06/2025,SANTO ANDRÉ,CASA,174469.83
2025-06-14,2025,6,14,Jun,Junho,2025-06,Jun/2025,Sábado,Sáb,6,24,2025-06-09,09/06 - 15/06/2025,SANTO ANDRÉ,DELIVERY,1626.2
2025-06-14,2025,6,14,Jun,Junho,2025-06,Jun/2025,Sábado,Sáb,6,24,2025-06-09,09/06 - 15/06/2025,TATUAPÉ,CASA,160609.51
2025-06-14,2025,6,14,Jun,Junho,2025-06,Jun/2025,Sábado,Sáb,6,24,2025-06-09,09/06 - 15/06/2025,TATUAPÉ,DELIVERY,2802.54
2025-06-14,2025,6,14,Jun,Junho,2025-06,Jun/2025,Sábado,Sáb,6,24,2025-06-09,09/06 - 15/06/2025,VILA MADALENA,CASA,46505.82
2025-06-14,2025,6,14,Jun,Junho,2025-06,Jun/2025,Sábado,Sáb,6,24,2025-06-09,09/06 - 15/06/2025,VILA MADALENA,DELIVERY,799.2
2025-06-14,2025,6,14,Jun,Junho,2025-06,Jun/2025,Sábado,Sáb,6,24,2025-06-09,09/06 - 15/06/2025,VILA MARIANA,CASA,37457.39
2025-06-14,2025,6,14,Jun,Junho,2025-06,Jun/2025,Sábado,Sáb,6,24,2025-06-09,09/06 - 15/06/2025,VILA MARIANA,DELIVERY,2284.1
2025-06-15,2025,6,15,Jun,Junho,2025-06,Jun/2025,Domingo,Dom,7,24,2025-06-09,09/06 - 15/06/2025,CARINAS,CASA,40609.9
2025-06-15,2025,6,15,Jun,Junho,2025-06,Jun/2025,Domingo,Dom,7,24,2025-06-09,09/06 - 15/06/2025,CARINAS,DELIVERY,2912.5
2025-06-15,2025,6,15,Jun,Junho,2025-06,Jun/2025,Domingo,Dom,7,24,2025-06-09,09/06 - 15/06/2025,CHÁCARA,CASA,10637.12
2025-06-15,2025,6,15,Jun,Junho,2025-06,Jun/2025,Domingo,Dom,7,24,2025-06-09,09/06 - 15/06/2025,CHÁCARA,DELIVERY,3233.4
2025-06-15,2025,6,15,Jun,Junho,2025-06,Jun/2025,Domingo,Dom,7,24,2025-06-09,09/06 - 15/06/2025,LAPA,CASA,27684.88
2025-06-15,2025,6,15,Jun,Junho,2025-06,Jun/2025,Domingo,Dom,7,24,2025-06-09,09/06 - 15/06/2025,LAPA,DELIVERY,2464.8
2025-06-15,2025,6,15,Jun,Junho,2025-06,Jun/2025,Domingo,Dom,7,24,2025-06-09,09/06 - 15/06/2025,PAVÃO,CASA,18975.09
2025-06-15,2025,6,15,Jun,Junho,2025-06,Jun/2025,Domingo,Dom,7,24,2025-06-09,09/06 - 15/06/2025,PAVÃO,DELIVERY,1318.63
2025-06-15,2025,6,15,Jun,Junho,2025-06,Jun/2025,Domingo,Dom,7,24,2025-06-09,09/06 - 15/06/2025,PERDIZES,CASA,27825.68
2025-06-15,2025,6,15,Jun,Junho,2025-06,Jun/2025,Domingo,Dom,7,24,2025-06-09,09/06 - 15/06/2025,PERDIZES,DELIVERY,1313.1
2025-06-15,2025,6,15,Jun,Junho,2025-06,Jun/2025,Domingo,Dom,7,24,2025-06-09,09/06 - 15/06/2025,SANTANA,CASA,43857.39
2025-06-15,2025,6,15,Jun,Junho,2025-06,Jun/2025,Domingo,Dom,7,24,2025-06-09,09/06 - 15/06/2025,SANTANA,DELIVERY,2798.4
2025-06-15,2025,6,15,Jun,Junho,2025-06,Jun/2025,Domingo,Dom,7,24,2025-06-09,09/06 - 15/06/2025,SANTO ANDRÉ,CASA,44664.95
2025-06-15,2025,6,15,Jun,Junho,2025-06,Jun/2025,Domingo,Dom,7,24,2025-06-09,09/06 - 15/06/2025,SANTO ANDRÉ,DELIVERY,705.3
2025-06-15,2025,6,15,Jun,Junho,2025-06,Jun/2025,Domingo,Dom,7,24,2025-06-09,09/06 - 15/06/2025,TATUAPÉ,CASA,177344.52
2025-06-15,2025,6,15,Jun,Junho,2025-06,Jun/2025,Domingo,Dom,7,24,2025-06-09,09/06 - 15/06/2025,TATUAPÉ,DELIVERY,3534.81
2025-06-15,2025,6,15,Jun,Junho,2025-06,Jun/2025,Domingo,Dom,7,24,2025-06-09,09/06 - 15/06/2025,VILA MADALENA,CASA,6619.57
2025-06-15,2025,6,15,Jun,Junho,2025-06,Jun/2025,Domingo,Dom,7,24,2025-06-09,09/06 - 15/06/2025,VILA MADALENA,DELIVERY,2189.7
2025-06-15,2025,6,15,Jun,Junho,2025-06,Jun/2025,Domingo,Dom,7,24,2025-06-09,09/06 - 15/06/2025,VILA MARIANA,CASA,42993.4
2025-06-15,2025,6,15,Jun,Junho,2025-06,Jun/2025,Domingo,Dom,7,24,2025-06-09,09/06 - 15/06/2025,VILA MARIANA,DELIVERY,2994.7
2025-06-16,2025,6,16,Jun,Junho,2025-06,Jun/2025,Segunda,Seg,1,25,2025-06-16,16/06 - 22/06/2025,CARINAS,CASA,42864.58
2025-06-16,2025,6,16,Jun,Junho,2025-06,Jun/2025,Segunda,Seg,1,25,2025-06-16,16/06 - 22/06/2025,CARINAS,DELIVERY,3370.6
2025-06-16,2025,6,16,Jun,Junho,2025-06,Jun/2025,Segunda,Seg,1,25,2025-06-16,16/06 - 22/06/2025,SANTO ANDRÉ,CASA,36976.08
2025-06-16,2025,6,16,Jun,Junho,2025-06,Jun/2025,Segunda,Seg,1,25,2025-06-16,16/06 - 22/06/2025,TATUAPÉ,DELIVERY,45.59
2025-06-17,2025,6,17,Jun,Junho,2025-06,Jun/2025,Terça,Ter,2,25,2025-06-16,16/06 - 22/06/2025,CARINAS,CASA,69279.66
2025-06-17,2025,6,17,Jun,Junho,2025-06,Jun/2025,Terça,Ter,2,25,2025-06-16,16/06 - 22/06/2025,CARINAS,DELIVERY,1161.1
2025-06-17,2025,6,17,Jun,Junho,2025-06,Jun/2025,Terça,Ter,2,25,2025-06-16,16/06 - 22/06/2025,CHÁCARA,CASA,2873.92
2025-06-17,2025,6,17,Jun,Junho,2025-06,Jun/2025,Terça,Ter,2,25,2025-06-16,16/06 - 22/06/2025,CHÁCARA,DELIVERY,526.4
2025-06-17,2025,6,17,Jun,Junho,2025-06,Jun/2025,Terça,Ter,2,25,2025-06-16,16/06 - 22/06/2025,LAPA,CASA,11600.08
2025-06-17,2025,6,17,Jun,Junho,2025-06,Jun/2025,Terça,Ter,2,25,2025-06-16,16/06 - 22/06/2025,LAPA,DELIVERY,2111.1
2025-06-17,2025,6,17,Jun,Junho,2025-06,Jun/2025,Terça,Ter,2,25,2025-06-16,16/06 - 22/06/2025,PAVÃO,CASA,28938.15
2025-06-17,2025,6,17,Jun,Junho,2025-06,Jun/2025,Terça,Ter,2,25,2025-06-16,16/06 - 22/06/2025,PAVÃO,DELIVERY,1323.85
2025-06-17,2025,6,17,Jun,Junho,2025-06,Jun/2025,Terça,Ter,2,25,2025-06-16,16/06 - 22/06/2025,PERDIZES,CASA,3037.7
2025-06-17,2025,6,17,Jun,Junho,2025-06,Jun/2025,Terça,Ter,2,25,2025-06-16,16/06 - 22/06/2025,PERDIZES,DELIVERY,1269.8
2025-06-17,2025,6,17,Jun,Junho,2025-06,Jun/2025,Terça,Ter,2,25,2025-06-16,16/06 - 22/06/2025,SANTANA,CASA,49141.37
2025-06-17,2025,6,17,Jun,Junho,2025-06,Jun/2025,Terça,Ter,2,25,2025-06-16,16/06 - 22/06/2025,TATUAPÉ,CASA,41668.68
2025-06-17,2025,6,17,Jun,Junho,2025-06,Jun/2025,Terça,Ter,2,25,2025-06-16,16/06 - 22/06/2025,TATUAPÉ,DELIVERY,1057.68
2025-06-17,2025,6,17,Jun,Junho,2025-06,Jun/2025,Terça,Ter,2,25,2025-06-16,16/06 - 22/06/2025,VILA MADALENA,CASA,12114.99
2025-06-17,2025,6,17,Jun,Junho,2025-06,Jun/2025,Terça,Ter,2,25,2025-06-16,16/06 - 22/06/2025,VILA MADALENA,DELIVERY,936.7
2025-06-17,2025,6,17,Jun,Junho,2025-06,Jun/2025,Terça,Ter,2,25,2025-06-16,16/06 - 22/06/2025,VILA MARIANA,CASA,18002.98
2025-06-17,2025,6,17,Jun,Junho,2025-06,Jun/2025,Terça,Ter,2,25,2025-06-16,16/06 - 22/06/2025,VILA MARIANA,DELIVERY,1330.3
2025-06-18,2025,6,18,Jun,Junho,2025-06,Jun/2025,Quarta,Qua,3,25,2025-06-16,16/06 - 22/06/2025,CARINAS,CASA,16387.94
2025-06-18,2025,6,18,Jun,Junho,2025-06,Jun/2025,Quarta,Qua,3,25,2025-06-16,16/06 - 22/06/2025,CHÁCARA,CASA,8997.07
2025-06-18,2025,6,18,Jun,Junho,2025-06,Jun/2025,Quarta,Qua,3,25,2025-06-16,16/06 - 22/06/2025,CHÁCARA,DELIVERY,695.2
2025-06-18,2025,6,18,Jun,Junho,2025-06,Jun/2025,Quarta,Qua,3,25,2025-06-16,16/06 - 22/06/2025,LAPA,CASA,12120.45
2025-06-18,2025,6,18,Jun,Junho,2025-06,Jun/2025,Quarta,Qua,3,25,2025-06-16,16/06 - 22/06/2025,LAPA,DELIVERY,1231.3
2025-06-18,2025,6,18,Jun,Junho,2025-06,Jun/2025,Quarta,Qua,3,25,2025-06-16,16/06 - 22/06/2025,PAVÃO,CASA,7392.26
2025-06-18,2025,6,18,Jun,Junho,2025-06,Jun/2025,Quarta,Qua,3,25,2025-06-16,16/06 - 22/06/2025,PAVÃO,DELIVERY,742.11
2025-06-18,2025,6,18,Jun,Junho,2025-06,Jun/2025,Quarta,Qua,3,25,2025-06-16,16/06 - 22/06/2025,PERDIZES,CASA,5918.15
2025-06-18,2025,6,18,Jun,Junho,2025-06,Jun/2025,Quarta,Qua,3,25,2025-06-16,16/06 - 22/06/2025,SANTANA,CASA,36872.96
2025-06-18,2025,6,18,Jun,Junho,2025-06,Jun/2025,Quarta,Qua,3,25,2025-06-16,16/06 - 22/06/2025,SANTANA,DELIVERY,3417.3
2025-06-18,2025,6,18,Jun,Junho,2025-06,Jun/2025,Quarta,Qua,3,25,2025-06-16,16/06 - 22/06/2025,SANTO ANDRÉ,CASA,52729.63
2025-06-18,2025,6,18,Jun,Junho,2025-06,Jun/2025,Quarta,Qua,3,25,2025-06-16,16/06 - 22/06/2025,SANTO ANDRÉ,DELIVERY,610.2
2025-06-18,2025,6,18,Jun,Junho,2025-06,Jun/2025,Quarta,Qua,3,25,2025-06-16,16/06 - 22/06/2025,TATUAPÉ,CASA,33073.58
2025-06-18,2025,6,18,Jun,Junho,2025-06,Jun/2025,Quarta,Qua,3,25,2025-06-16,16/06 - 22/06/2025,TATUAPÉ,DELIVERY,953.28
2025-06-18,2025,6,18,Jun,Junho,2025-06,Jun/2025,Quarta,Qua,3,25,2025-06-16,16/06 - 22/06/2025,VILA MADALENA,CASA,19686.79
2025-06-18,2025,6,18,Jun,Junho,2025-06,Jun/2025,Quarta,Qua,3,25,2025-06-16,16/06 - 22/06/2025,VILA MADALENA,DELIVERY,1161.8
2025-06-18,2025,6,18,Jun,Junho,2025-06,Jun/2025,Quarta,Qua,3,25,2025-06-16,16/06 - 22/06/2025,VILA MARIANA,CASA,16961.0
2025-06-18,2025,6,18,Jun,Junho,2025-06,Jun/2025,Quarta,Qua,3,25,2025-06-16,16/06 - 22/06/2025,VILA MARIANA,DELIVERY,2513.9
2025-06-19,2025,6,19,Jun,Junho,2025-06,Jun/2025,Quinta,Qui,4,25,2025-06-16,16/06 - 22/06/2025,CARINAS,CASA,50297.08
2025-06-19,2025,6,19,Jun,Junho,2025-06,Jun/2025,Quinta,Qui,4,25,2025-06-16,16/06 - 22/06/2025,CARINAS,DELIVERY,1263.5
2025-06-19,2025,6,19,Jun,Junho,2025-06,Jun/2025,Quinta,Qui,4,25,2025-06-16,16/06 - 22/06/2025,CHÁCARA,CASA,10926.06
2025-06-19,2025,6,19,Jun,Junho,2025-06,Jun/2025,Quinta,Qui,4,25,2025-06-16,16/06 - 22/06/2025,CHÁCARA,DELIVERY,2901.0
2025-06-19,2025,6,19,Jun,Junho,2025-06,Jun/2025,Quinta,Qui,4,25,2025-06-16,16/06 - 22/06/2025,LAPA,CASA,21195.9
2025-06-19,2025,6,19,Jun,Junho,2025-06,Jun/2025,Quinta,Qui,4,25,2025-06-16,16/06 - 22/06/2025,LAPA,DELIVERY,1998.3
2025-06-19,2025,6,19,Jun,Junho,2025-06,Jun/2025,Quinta,Qui,4,25,2025-06-16,16/06 - 22/06/2025,PAVÃO,CASA,23244.98
2025-06-19,2025,6,19,Jun,Junho,2025-06,Jun/2025,Quinta,Qui,4,25,2025-06-16,16/06 - 22/06/2025,PAVÃO,DELIVERY,2353.42
2025-06-19,2025,6,19,Jun,Junho,2025-06,Jun/2025,Quinta,Qui,4,25,2025-06-16,16/06 - 22/06/2025,PERDIZES,CASA,28108.34
2025-06-19,2025,6,19,Jun,Junho,2025-06,Jun/2025,Quinta,Qui,4,25,2025-06-16,16/06 - 22/06/2025,PERDIZES,DELIVERY,2417.1
2025-06-19,2025,6,19,Jun,Junho,2025-06,Jun/2025,Quinta,Qui,4,25,2025-06-16,16/06 - 22/06/2025,SANTANA,CASA,39772.94
2025-06-19,2025,6,19,Jun,Junho,2025-06,Jun/2025,Quinta,Qui,4,25,2025-06-16,16/06 - 22/06/2025,SANTANA,DELIVERY,3206.4
2025-06-19,2025,6,19,Jun,Junho,2025-06,Jun/2025,Quinta,Qui,4,25,2025-06-16,16/06 - 22/06/2025,SANTO ANDRÉ,CASA,28939.91
2025-06-19,2025,6,19,Jun,Junho,2025-06,Jun/2025,Quinta,Qui,4,25,2025-06-16,16/06 - 22/06/2025,SANTO ANDRÉ,DELIVERY,700.6
2025-06-19,2025,6,19,Jun,Junho,2025-06,Jun/2025,Quinta,Qui,4,25,2025-06-16,16/06 - 22/06/2025,TATUAPÉ,CASA,34932.96
2025-06-19,2025,6,19,Jun,Junho,2025-06,Jun/2025,Quinta,Qui,4,25,2025-06-16,16/06 - 22/06/2025,TATUAPÉ,DELIVERY,2141.76
2025-06-19,2025,6,19,Jun,Junho,2025-06,Jun/2025,Quinta,Qui,4,25,2025-06-16,16/06 - 22/06/2025,VILA MADALENA,CASA,28349.9
2025-06-19,2025,6,19,Jun,Junho,2025-06,Jun/2025,Quinta,Qui,4,25,2025-06-16,16/06 - 22/06/2025,VILA MADALENA,DELIVERY,882.9
2025-06-19,2025,6,19,Jun,Junho,2025-06,Jun/2025,Quinta,Qui,4,25,2025-06-16,16/06 - 22/06/2025,VILA MARIANA,CASA,43532.06
2025-06-19,2025,6,19,Jun,Junho,2025-06,Jun/2025,Quinta,Qui,4,25,2025-06-16,16/06 - 22/06/2025,VILA MARIANA,DELIVERY,2904.1
2025-06-20,2025,6,20,Jun,Junho,2025-06,Jun/2025,Sexta,Sex,5,25,2025-06-16,16/06 - 22/06/2025,CARINAS,CASA,172817.59
2025-06-20,2025,6,20,Jun,Junho,2025-06,Jun/2025,Sexta,Sex,5,25,2025-06-16,16/06 - 22/06/2025,CARINAS,DELIVERY,2579.0
2025-06-20,2025,6,20,Jun,Junho,2025-06,Jun/2025,Sexta,Sex,5,25,2025-06-16,16/06 - 22/06/2025,CHÁCARA,CASA,6997.14
2025-06-20,2025,6,20,Jun,Junho,2025-06,Jun/2025,Sexta,Sex,5,25,2025-06-16,16/06 - 22/06/2025,CHÁCARA,DELIVERY,805.3
2025-06-20,2025,6,20,Jun,Junho,2025-06,Jun/2025,Sexta,Sex,5,25,2025-06-16,16/06 - 22/06/2025,LAPA,CASA,18152.83
2025-06-20,2025,6,20,Jun,Junho,2025-06,Jun/2025,Sexta,Sex,5,25,2025-06-16,16/06 - 22/06/2025,LAPA,DELIVERY,714.2
2025-06-20,2025,6,20,Jun,Junho,2025-06,Jun/2025,Sexta,Sex,5,25,2025-06-16,16/06 - 22/06/2025,PAVÃO,CASA,7736.31
2025-06-20,2025,6,20,Jun,Junho,2025-06,Jun/2025,Sexta,Sex,5,25,2025-06-16,16/06 - 22/06/2025,PAVÃO,DELIVERY,579.43
2025-06-20,2025,6,20,Jun,Junho,2025-06,Jun/2025,Sexta,Sex,5,25,2025-06-16,16/06 - 22/06/2025,PERDIZES,CASA,15306.07
2025-06-20,2025,6,20,Jun,Junho,2025-06,Jun/2025,Sexta,Sex,5,25,2025-06-16,16/06 - 22/06/2025,PERDIZES,DELIVERY,754.0
2025-06-20,2025,6,20,Jun,Junho,2025-06,Jun/2025,Sexta,Sex,5,25,2025-06-16,16/06 - 22/06/2025,SANTANA,CASA,21145.3
2025-06-20,2025,6,20,Jun,Junho,2025-06,Jun/2025,Sexta,Sex,5,25,2025-06-16,16/06 - 22/06/2025,SANTANA,DELIVERY,1912.2
2025-06-20,2025,6,20,Jun,Junho,2025-06,Jun/2025,Sexta,Sex,5,25,2025-06-16,16/06 - 22/06/2025,SANTO ANDRÉ,CASA,21216.89
2025-06-20,2025,6,20,Jun,Junho,2025-06,Jun/2025,Sexta,Sex,5,25,2025-06-16,16/06 - 22/06/2025,SANTO ANDRÉ,DELIVERY,399.1
2025-06-20,2025,6,20,Jun,Junho,2025-06,Jun/2025,Sexta,Sex,5,25,2025-06-16,16/06 - 22/06/2025,TATUAPÉ,CASA,30054.29
2025-06-20,2025,6,20,Jun,Junho,2025-06,Jun/2025,Sexta,Sex,5,25,2025-06-16,16/06 - 22/06/2025,TATUAPÉ,DELIVERY,1241.04
2025-06-20,2025,6,20,Jun,Junho,2025-06,Jun/2025,Sexta,Sex,5,25,2025-06-16,16/06 - 22/06/2025,VILA MADALENA,CASA,8308.46
2025-06-20,2025,6,20,Jun,Junho,2025-06,Jun/2025,Sexta,Sex,5,25,2025-06-16,16/06 - 22/06/2025,VILA MADALENA,DELIVERY,743.7
2025-06-20,2025,6,20,Jun,Junho,2025-06,Jun/2025,Sexta,Sex,5,25,2025-06-16,16/06 - 22/06/2025,VILA MARIANA,CASA,18330.3
2025-06-20,2025,6,20,Jun,Junho,2025-06,Jun/2025,Sexta,Sex,5,25,2025-06-16,16/06 - 22/06/2025,VILA MARIANA,DELIVERY,2108.9
2025-06-21,2025,6,21,Jun,Junho,2025-06,Jun/2025,Sábado,Sáb,6,25,2025-06-16,16/06 - 22/06/2025,CARINAS,CASA,101655.62
2025-06-21,2025,6,21,Jun,Junho,2025-06,Jun/2025,Sábado,Sáb,6,25,2025-06-16,16/06 - 22/06/2025,CARINAS,DELIVERY,1219.3
2025-06-21,2025,6,21,Jun,Junho,2025-06,Jun/2025,Sábado,Sáb,6,25,2025-06-16,16/06 - 22/06/2025,CHÁCARA,CASA,14055.14
2025-06-21,2025,6,21,Jun,Junho,2025-06,Jun/2025,Sábado,Sáb,6,25,2025-06-16,16/06 - 22/06/2025,CHÁCARA,DELIVERY,769.1
2025-06-21,2025,6,21,Jun,Junho,2025-06,Jun/2025,Sábado,Sáb,6,25,2025-06-16,16/06 - 22/06/2025,LAPA,CASA,22927.64
2025-06-21,2025,6,21,Jun,Junho,2025-06,Jun/2025,Sábado,Sáb,6,25,2025-06-16,16/06 - 22/06/2025,LAPA,DELIVERY,2318.0
2025-06-21,2025,6,21,Jun,Junho,2025-06,Jun/2025,Sábado,Sáb,6,25,2025-06-16,16/06 - 22/06/2025,PAVÃO,CASA,16361.56
2025-06-21,2025,6,21,Jun,Junho,2025-06,Jun/2025,Sábado,Sáb,6,25,2025-06-16,16/06 - 22/06/2025,PAVÃO,DELIVERY,2555.14
2025-06-21,2025,6,21,Jun,Junho,2025-06,Jun/2025,Sábado,Sáb,6,25,2025-06-16,16/06 - 22/06/2025,PERDIZES,CASA,19493.53
2025-06-21,2025,6,21,Jun,Junho,2025-06,Jun/2025,Sábado,Sáb,6,25,2025-06-16,16/06 - 22/06/2025,PERDIZES,DELIVERY,1416.3
2025-06-21,2025,6,21,Jun,Junho,2025-06,Jun/2025,Sábado,Sáb,6,25,2025-06-16,16/06 - 22/06/2025,SANTANA,CASA,70295.36
2025-06-21,2025,6,21,Jun,Junho,2025-06,Jun/2025,Sábado,Sáb,6,25,2025-06-16,16/06 - 22/06/2025,SANTANA,DELIVERY,3997.6
2025-06-21,2025,6,21,Jun,Junho,2025-06,Jun/2025,Sábado,Sáb,6,25,2025-06-16,16/06 - 22/06/2025,SANTO ANDRÉ,CASA,102047.19
2025-06-21,2025,6,21,Jun,Junho,2025-06,Jun/2025,Sábado,Sáb,6,25,2025-06-16,16/06 - 22/06/2025,SANTO ANDRÉ,DELIVERY,716.5
2025-06-21,2025,6,21,Jun,Junho,2025-06,Jun/2025,Sábado,Sáb,6,25,2025-06-16,16/06 - 22/06/2025,TATUAPÉ,CASA,154115.26
2025-06-21,2025,6,21,Jun,Junho,2025-06,Jun/2025,Sábado,Sáb,6,25,2025-06-16,16/06 - 22/06/2025,TATUAPÉ,DELIVERY,3816.72
2025-06-21,2025,6,21,Jun,Junho,2025-06,Jun/2025,Sábado,Sáb,6,25,2025-06-16,16/06 - 22/06/2025,VILA MADALENA,CASA,21211.65
2025-06-21,2025,6,21,Jun,Junho,2025-06,Jun/2025,Sábado,Sáb,6,25,2025-06-16,16/06 - 22/06/2025,VILA MADALENA,DELIVERY,1686.2
2025-06-21,2025,6,21,Jun,Junho,2025-06,Jun/2025,Sábado,Sáb,6,25,2025-06-16,16/06 - 22/06/2025,VILA MARIANA,CASA,48770.3
2025-06-21,2025,6,21,Jun,Junho,2025-06,Jun/2025,Sábado,Sáb,6,25,2025-06-16,16/06 - 22/06/2025,VILA MARIANA,DELIVERY,2463.5
2025-06-22,2025,6,22,Jun,Junho,2025-06,Jun/2025,Domingo,Dom,7,25,2025-06-16,16/06 - 22/06/2025,CARINAS,CASA,48500.42
2025-06-22,2025,6,22,Jun,Junho,2025-06,Jun/2025,Domingo,Dom,7,25,2025-06-16,16/06 - 22/06/2025,CARINAS,DELIVERY,2037.3
2025-06-22,2025,6,22,Jun,Junho,2025-06,Jun/2025,Domingo,Dom,7,25,2025-06-16,16/06 - 22/06/2025,CHÁCARA,CASA,2434.54
2025-06-22,2025,6,22,Jun,Junho,2025-06,Jun/2025,Domingo,Dom,7,25,2025-06-16,16/06 - 22/06/2025,CHÁCARA,DELIVERY,1866.0
2025-06-22,2025,6,22,Jun,Junho,2025-06,Jun/2025,Domingo,Dom,7,25,2025-06-16,16/06 - 22/06/2025,LAPA,CASA,17928.12
2025-06-22,2025,6,22,Jun,Junho,2025-06,Jun/2025,Domingo,Dom,7,25,2025-06-16,16/06 - 22/06/2025,LAPA,DELIVERY,2227.3
2025-06-22,2025,6,22,Jun,Junho,2025-06,Jun/2025,Domingo,Dom,7,25,2025-06-16,16/06 - 22/06/2025,PAVÃO,CASA,6000.75
2025-06-22,2025,6,22,Jun,Junho,2025-06,Jun/2025,Domingo,Dom,7,25,2025-06-16,16/06 - 22/06/2025,PAVÃO,DELIVERY,2715.96
2025-06-22,2025,6,22,Jun,Junho,2025-06,Jun/2025,Domingo,Dom,7,25,2025-06-16,16/06 - 22/06/2025,PERDIZES,CASA,14793.22
2025-06-22,2025,6,22,Jun,Junho,2025-06,Jun/2025,Domingo,Dom,7,25,2025-06-16,16/06 - 22/06/2025,PERDIZES,DELIVERY,3419.3
2025-06-22,2025,6,22,Jun,Junho,2025-06,Jun/2025,Domingo,Dom,7,25,2025-06-16,16/06 - 22/06/2025,SANTANA,CASA,38095.77
2025-06-22,2025,6,22,Jun,Junho,2025-06,Jun/2025,Domingo,Dom,7,25,2025-06-16,16/06 - 22/06/2025,SANTANA,DELIVERY,4707.8
2025-06-22,2025,6,22,Jun,Junho,2025-06,Jun/2025,Domingo,Dom,7,25,2025-06-16,16/06 - 22/06/2025,SANTO ANDRÉ,CASA,36791.47
2025-06-22,2025,6,22,Jun,Junho,2025-06,Jun/2025,Domingo,Dom,7,25,2025-06-16,16/06 - 22/06/2025,SANTO ANDRÉ,DELIVERY,1093.4
2025-06-22,2025,6,22,Jun,Junho,2025-06,Jun/2025,Domingo,Dom,7,25,2025-06-16,16/06 - 22/06/2025,TATUAPÉ,CASA,60868.22
2025-06-22,2025,6,22,Jun,Junho,2025-06,Jun/2025,Domingo,Dom,7,25,2025-06-16,16/06 - 22/06/2025,TATUAPÉ,DELIVERY,3927.09
2025-06-22,2025,6,22,Jun,Junho,2025-06,Jun/2025,Domingo,Dom,7,25,2025-06-16,16/06 - 22/06/2025,VILA MADALENA,CASA,8995.93
2025-06-22,2025,6,22,Jun,Junho,2025-06,Jun/2025,Domingo,Dom,7,25,2025-06-16,16/06 - 22/06/2025,VILA MADALENA,DELIVERY,2297.4
2025-06-22,2025,6,22,Jun,Junho,2025-06,Jun/2025,Domingo,Dom,7,25,2025-06-16,16/06 - 22/06/2025,VILA MARIANA,CASA,21229.95
2025-06-22,2025,6,22,Jun,Junho,2025-06,Jun/2025,Domingo,Dom,7,25,2025-06-16,16/06 - 22/06/2025,VILA MARIANA,DELIVERY,4383.5
2025-06-23,2025,6,23,Jun,Junho,2025-06,Jun/2025,Segunda,Seg,1,26,2025-06-23,23/06 - 29/06/2025,CARINAS,CASA,6242.51
2025-06-23,2025,6,23,Jun,Junho,2025-06,Jun/2025,Segunda,Seg,1,26,2025-06-23,23/06 - 29/06/2025,CARINAS,DELIVERY,2021.6
2025-06-23,2025,6,23,Jun,Junho,2025-06,Jun/2025,Segunda,Seg,1,26,2025-06-23,23/06 - 29/06/2025,PERDIZES,CASA,5857.29
2025-06-23,2025,6,23,Jun,Junho,2025-06,Jun/2025,Segunda,Seg,1,26,2025-06-23,23/06 - 29/06/2025,PERDIZES,DELIVERY,1372.6
2025-06-24,2025,6,24,Jun,Junho,2025-06,Jun/2025,Terça,Ter,2,26,2025-06-23,23/06 - 29/06/2025,CARINAS,CASA,114663.27
2025-06-24,2025,6,24,Jun,Junho,2025-06,Jun/2025,Terça,Ter,2,26,2025-06-23,23/06 - 29/06/2025,CARINAS,DELIVERY,345.2
2025-06-24,2025,6,24,Jun,Junho,2025-06,Jun/2025,Terça,Ter,2,26,2025-06-23,23/06 - 29/06/2025,CHÁCARA,CASA,413.8
2025-06-24,2025,6,24,Jun,Junho,2025-06,Jun/2025,Terça,Ter,2,26,2025-06-23,23/06 - 29/06/2025,CHÁCARA,DELIVERY,900.9
2025-06-24,2025,6,24,Jun,Junho,2025-06,Jun/2025,Terça,Ter,2,26,2025-06-23,23/06 - 29/06/2025,LAPA,CASA,7111.54
2025-06-24,2025,6,24,Jun,Junho,2025-06,Jun/2025,Terça,Ter,2,26,2025-06-23,23/06 - 29/06/2025,LAPA,DELIVERY,990.3
2025-06-24,2025,6,24,Jun,Junho,2025-06,Jun/2025,Terça,Ter,2,26,2025-06-23,23/06 - 29/06/2025,PAVÃO,CASA,4833.71
2025-06-24,2025,6,24,Jun,Junho,2025-06,Jun/2025,Terça,Ter,2,26,2025-06-23,23/06 - 29/06/2025,PAVÃO,DELIVERY,435.25
2025-06-24,2025,6,24,Jun,Junho,2025-06,Jun/2025,Terça,Ter,2,26,2025-06-23,23/06 - 29/06/2025,PERDIZES,CASA,2173.89
2025-06-24,2025,6,24,Jun,Junho,2025-06,Jun/2025,Terça,Ter,2,26,2025-06-23,23/06 - 29/06/2025,SANTANA,CASA,14255.86
2025-06-24,2025,6,24,Jun,Junho,2025-06,Jun/2025,Terça,Ter,2,26,2025-06-23,23/06 - 29/06/2025,SANTANA,DELIVERY,444.2
2025-06-24,2025,6,24,Jun,Junho,2025-06,Jun/2025,Terça,Ter,2,26,2025-06-23,23/06 - 29/06/2025,TATUAPÉ,CASA,19182.21
2025-06-24,2025,6,24,Jun,Junho,2025-06,Jun/2025,Terça,Ter,2,26,2025-06-23,23/06 - 29/06/2025,TATUAPÉ,DELIVERY,713.59
2025-06-24,2025,6,24,Jun,Junho,2025-06,Jun/2025,Terça,Ter,2,26,2025-06-23,23/06 - 29/06/2025,VILA MADALENA,CASA,15746.64
2025-06-24,2025,6,24,Jun,Junho,2025-06,Jun/2025,Terça,Ter,2,26,2025-06-23,23/06 - 29/06/2025,VILA MADALENA,DELIVERY,602.3
2025-06-24,2025,6,24,Jun,Junho,2025-06,Jun/2025,Terça,Ter,2,26,2025-06-23,23/06 - 29/06/2025,VILA MARIANA,CASA,1808.28
2025-06-24,2025,6,24,Jun,Junho,2025-06,Jun/2025,Terça,Ter,2,26,2025-06-23,23/06 - 29/06/2025,VILA MARIANA,DELIVERY,1280.0
2025-06-25,2025,6,25,Jun,Junho,2025-06,Jun/2025,Quarta,Qua,3,26,2025-06-23,23/06 - 29/06/2025,CARINAS,CASA,18583.53
2025-06-25,2025,6,25,Jun,Junho,2025-06,Jun/2025,Quarta,Qua,3,26,2025-06-23,23/06 - 29/06/2025,CARINAS,DELIVERY,827.8
2025-06-25,2025,6,25,Jun,Junho,2025-06,Jun/2025,Quarta,Qua,3,26,2025-06-23,23/06 - 29/06/2025,CHÁCARA,CASA,7400.22
2025-06-25,2025,6,25,Jun,Junho,2025-06,Jun/2025,Quarta,Qua,3,26,2025-06-23,23/06 - 29/06/2025,CHÁCARA,DELIVERY,767.2
2025-06-25,2025,6,25,Jun,Junho,2025-06,Jun/2025,Quarta,Qua,3,26,2025-06-23,23/06 - 29/06/2025,LAPA,CASA,352.72
2025-06-25,2025,6,25,Jun,Junho,2025-06,Jun/2025,Quarta,Qua,3,26,2025-06-23,23/06 - 29/06/2025,LAPA,DELIVERY,1380.7
2025-06-25,2025,6,25,Jun,Junho,2025-06,Jun/2025,Quarta,Qua,3,26,2025-06-23,23/06 - 29/06/2025,PAVÃO,CASA,2717.8
2025-06-25,2025,6,25,Jun,Junho,2025-06,Jun/2025,Quarta,Qua,3,26,2025-06-23,23/06 - 29/06/2025,PAVÃO,DELIVERY,631.69
2025-06-25,2025,6,25,Jun,Junho,2025-06,Jun/2025,Quarta,Qua,3,26,2025-06-23,23/06 - 29/06/2025,PERDIZES,CASA,5132.11
2025-06-25,2025,6,25,Jun,Junho,2025-06,Jun/2025,Quarta,Qua,3,26,2025-06-23,23/06 - 29/06/2025,PERDIZES,DELIVERY,2147.4
2025-06-25,2025,6,25,Jun,Junho,2025-06,Jun/2025,Quarta,Qua,3,26,2025-06-23,23/06 - 29/06/2025,SANTANA,CASA,5861.86
2025-06-25,2025,6,25,Jun,Junho,2025-06,Jun/2025,Quarta,Qua,3,26,2025-06-23,23/06 - 29/06/2025,SANTANA,DELIVERY,1363.2
2025-06-25,2025,6,25,Jun,Junho,2025-06,Jun/2025,Quarta,Qua,3,26,2025-06-23,23/06 - 29/06/2025,SANTO ANDRÉ,CASA,10012.37
2025-06-25,2025,6,25,Jun,Junho,2025-06,Jun/2025,Quarta,Qua,3,26,2025-06-23,23/06 - 29/06/2025,SANTO ANDRÉ,DELIVERY,300.1
2025-06-25,2025,6,25,Jun,Junho,2025-06,Jun/2025,Quarta,Qua,3,26,2025-06-23,23/06 - 29/06/2025,TATUAPÉ,CASA,2995.17
2025-06-25,2025,6,25,Jun,Junho,2025-06,Jun/2025,Quarta,Qua,3,26,2025-06-23,23/06 - 29/06/2025,TATUAPÉ,DELIVERY,1169.39
2025-06-25,2025,6,25,Jun,Junho,2025-06,Jun/2025,Quarta,Qua,3,26,2025-06-23,23/06 - 29/06/2025,VILA MADALENA,CASA,6626.14
2025-06-25,2025,6,25,Jun,Junho,2025-06,Jun/2025,Quarta,Qua,3,26,2025-06-23,23/06 - 29/06/2025,VILA MADALENA,DELIVERY,491.8
2025-06-25,2025,6,25,Jun,Junho,2025-06,Jun/2025,Quarta,Qua,3,26,2025-06-23,23/06 - 29/06/2025,VILA MARIANA,CASA,14272.9
2025-06-25,2025,6,25,Jun,Junho,2025-06,Jun/2025,Quarta,Qua,3,26,2025-06-23,23/06 - 29/06/2025,VILA MARIANA,DELIVERY,1030.5
2025-06-26,2025,6,26,Jun,Junho,2025-06,Jun/2025,Quinta,Qui,4,26,2025-06-23,23/06 - 29/06/2025,CARINAS,CASA,50177.25
2025-06-26,2025,6,26,Jun,Junho,2025-06,Jun/2025,Quinta,Qui,4,26,2025-06-23,23/06 - 29/06/2025,CHÁCARA,CASA,31639.27
2025-06-26,2025,6,26,Jun,Junho,2025-06,Jun/2025,Quinta,Qui,4,26,2025-06-23,23/06 - 29/06/2025,CHÁCARA,DELIVERY,763.7
2025-06-26,2025,6,26,Jun,Junho,2025-06,Jun/2025,Quinta,Qui,4,26,2025-06-23,23/06 - 29/06/2025,LAPA,CASA,8078.09
2025-06-26,2025,6,26,Jun,Junho,2025-06,Jun/2025,Quinta,Qui,4,26,2025-06-23,23/06 - 29/06/2025,LAPA,DELIVERY,1052.3
2025-06-26,2025,6,26,Jun,Junho,2025-06,Jun/2025,Quinta,Qui,4,26,2025-06-23,23/06 - 29/06/2025,PAVÃO,CASA,4498.42
2025-06-26,2025,6,26,Jun,Junho,2025-06,Jun/2025,Quinta,Qui,4,26,2025-06-23,23/06 - 29/06/2025,PAVÃO,DELIVERY,1012.31
2025-06-26,2025,6,26,Jun,Junho,2025-06,Jun/2025,Quinta,Qui,4,26,2025-06-23,23/06 - 29/06/2025,PERDIZES,CASA,51244.44
2025-06-26,2025,6,26,Jun,Junho,2025-06,Jun/2025,Quinta,Qui,4,26,2025-06-23,23/06 - 29/06/2025,PERDIZES,DELIVERY,606.0
2025-06-26,2025,6,26,Jun,Junho,2025-06,Jun/2025,Quinta,Qui,4,26,2025-06-23,23/06 - 29/06/2025,SANTANA,CASA,14481.05
2025-06-26,2025,6,26,Jun,Junho,2025-06,Jun/2025,Quinta,Qui,4,26,2025-06-23,23/06 - 29/06/2025,SANTANA,DELIVERY,955.8
2025-06-26,2025,6,26,Jun,Junho,2025-06,Jun/2025,Quinta,Qui,4,26,2025-06-23,23/06 - 29/06/2025,SANTO ANDRÉ,CASA,13754.32
2025-06-26,2025,6,26,Jun,Junho,2025-06,Jun/2025,Quinta,Qui,4,26,2025-06-23,23/06 - 29/06/2025,SANTO ANDRÉ,DELIVERY,450.3
2025-06-26,2025,6,26,Jun,Junho,2025-06,Jun/2025,Quinta,Qui,4,26,2025-06-23,23/06 - 29/06/2025,TATUAPÉ,CASA,3686.12
2025-06-26,2025,6,26,Jun,Junho,2025-06,Jun/2025,Quinta,Qui,4,26,2025-06-23,23/06 - 29/06/2025,TATUAPÉ,DELIVERY,712.14
2025-06-26,2025,6,26,Jun,Junho,2025-06,Jun/2025,Quinta,Qui,4,26,2025-06-23,23/06 - 29/06/2025,VILA MADALENA,CASA,135696.0
2025-06-26,2025,6,26,Jun,Junho,2025-06,Jun/2025,Quinta,Qui,4,26,2025-06-23,23/06 - 29/06/2025,VILA MADALENA,DELIVERY,506.5
2025-06-26,2025,6,26,Jun,Junho,2025-06,Jun/2025,Quinta,Qui,4,26,2025-06-23,23/06 - 29/06/2025,VILA MARIANA,CASA,6267.22
2025-06-26,2025,6,26,Jun,Junho,2025-06,Jun/2025,Quinta,Qui,4,26,2025-06-23,23/06 - 29/06/2025,VILA MARIANA,DELIVERY,934.8
2025-06-27,2025,6,27,Jun,Junho,2025-06,Jun/2025,Sexta,Sex,5,26,2025-06-23,23/06 - 29/06/2025,CARINAS,CASA,139879.56
2025-06-27,2025,6,27,Jun,Junho,2025-06,Jun/2025,Sexta,Sex,5,26,2025-06-23,23/06 - 29/06/2025,CARINAS,DELIVERY,2009.3
2025-06-27,2025,6,27,Jun,Junho,2025-06,Jun/2025,Sexta,Sex,5,26,2025-06-23,23/06 - 29/06/2025,CHÁCARA,CASA,7278.64
2025-06-27,2025,6,27,Jun,Junho,2025-06,Jun/2025,Sexta,Sex,5,26,2025-06-23,23/06 - 29/06/2025,CHÁCARA,DELIVERY,1047.9
2025-06-27,2025,6,27,Jun,Junho,2025-06,Jun/2025,Sexta,Sex,5,26,2025-06-23,23/06 - 29/06/2025,LAPA,CASA,12354.05
2025-06-27,2025,6,27,Jun,Junho,2025-06,Jun/2025,Sexta,Sex,5,26,2025-06-23,23/06 - 29/06/2025,LAPA,DELIVERY,1362.9
2025-06-27,2025,6,27,Jun,Junho,2025-06,Jun/2025,Sexta,Sex,5,26,2025-06-23,23/06 - 29/06/2025,PAVÃO,CASA,5161.02
2025-06-27,2025,6,27,Jun,Junho,2025-06,Jun/2025,Sexta,Sex,5,26,2025-06-23,23/06 - 29/06/2025,PAVÃO,DELIVERY,1239.44
2025-06-27,2025,6,27,Jun,Junho,2025-06,Jun/2025,Sexta,Sex,5,26,2025-06-23,23/06 - 29/06/2025,PERDIZES,CASA,6493.06
2025-06-27,2025,6,27,Jun,Junho,2025-06,Jun/2025,Sexta,Sex,5,26,2025-06-23,23/06 - 29/06/2025,PERDIZES,DELIVERY,791.7
2025-06-27,2025,6,27,Jun,Junho,2025-06,Jun/2025,Sexta,Sex,5,26,2025-06-23,23/06 - 29/06/2025,SANTANA,CASA,42942.31
2025-06-27,2025,6,27,Jun,Junho,2025-06,Jun/2025,Sexta,Sex,5,26,2025-06-23,23/06 - 29/06/2025,SANTANA,DELIVERY,1261.9
2025-06-27,2025,6,27,Jun,Junho,2025-06,Jun/2025,Sexta,Sex,5,26,2025-06-23,23/06 - 29/06/2025,SANTO ANDRÉ,CASA,64686.44
2025-06-27,2025,6,27,Jun,Junho,2025-06,Jun/2025,Sexta,Sex,5,26,2025-06-23,23/06 - 29/06/2025,SANTO ANDRÉ,DELIVERY,1147.0
2025-06-27,2025,6,27,Jun,Junho,2025-06,Jun/2025,Sexta,Sex,5,26,2025-06-23,23/06 - 29/06/2025,TATUAPÉ,CASA,53413.89
2025-06-27,2025,6,27,Jun,Junho,2025-06,Jun/2025,Sexta,Sex,5,26,2025-06-23,23/06 - 29/06/2025,TATUAPÉ,DELIVERY,1825.58
2025-06-27,2025,6,27,Jun,Junho,2025-06,Jun/2025,Sexta,Sex,5,26,2025-06-23,23/06 - 29/06/2025,VILA MADALENA,CASA,9637.51
2025-06-27,2025,6,27,Jun,Junho,2025-06,Jun/2025,Sexta,Sex,5,26,2025-06-23,23/06 - 29/06/2025,VILA MADALENA,DELIVERY,1227.3
2025-06-27,2025,6,27,Jun,Junho,2025-06,Jun/2025,Sexta,Sex,5,26,2025-06-23,23/06 - 29/06/2025,VILA MARIANA,CASA,50315.5
2025-06-27,2025,6,27,Jun,Junho,2025-06,Jun/2025,Sexta,Sex,5,26,2025-06-23,23/06 - 29/06/2025,VILA MARIANA,DELIVERY,711.1
2025-06-28,2025,6,28,Jun,Junho,2025-06,Jun/2025,Sábado,Sáb,6,26,2025-06-23,23/06 - 29/06/2025,CARINAS,CASA,159155.62
2025-06-28,2025,6,28,Jun,Junho,2025-06,Jun/2025,Sábado,Sáb,6,26,2025-06-23,23/06 - 29/06/2025,CHÁCARA,CASA,28366.7
2025-06-28,2025,6,28,Jun,Junho,2025-06,Jun/2025,Sábado,Sáb,6,26,2025-06-23,23/06 - 29/06/2025,CHÁCARA,DELIVERY,2007.3
2025-06-28,2025,6,28,Jun,Junho,2025-06,Jun/2025,Sábado,Sáb,6,26,2025-06-23,23/06 - 29/06/2025,LAPA,CASA,50249.37
2025-06-28,2025,6,28,Jun,Junho,2025-06,Jun/2025,Sábado,Sáb,6,26,2025-06-23,23/06 - 29/06/2025,LAPA,DELIVERY,3554.8
2025-06-28,2025,6,28,Jun,Junho,2025-06,Jun/2025,Sábado,Sáb,6,26,2025-06-23,23/06 - 29/06/2025,PAVÃO,CASA,32890.96
2025-06-28,2025,6,28,Jun,Junho,2025-06,Jun/2025,Sábado,Sáb,6,26,2025-06-23,23/06 - 29/06/2025,PAVÃO,DELIVERY,3329.49
2025-06-28,2025,6,28,Jun,Junho,2025-06,Jun/2025,Sábado,Sáb,6,26,2025-06-23,23/06 - 29/06/2025,PERDIZES,CASA,52678.4
2025-06-28,2025,6,28,Jun,Junho,2025-06,Jun/2025,Sábado,Sáb,6,26,2025-06-23,23/06 - 29/06/2025,PERDIZES,DELIVERY,4604.6
2025-06-28,2025,6,28,Jun,Junho,2025-06,Jun/2025,Sábado,Sáb,6,26,2025-06-23,23/06 - 29/06/2025,SANTANA,CASA,129732.26
2025-06-28,2025,6,28,Jun,Junho,2025-06,Jun/2025,Sábado,Sáb,6,26,2025-06-23,23/06 - 29/06/2025,SANTANA,DELIVERY,5047.2
2025-06-28,2025,6,28,Jun,Junho,2025-06,Jun/2025,Sábado,Sáb,6,26,2025-06-23,23/06 - 29/06/2025,SANTO ANDRÉ,CASA,120592.72
2025-06-28,2025,6,28,Jun,Junho,2025-06,Jun/2025,Sábado,Sáb,6,26,2025-06-23,23/06 - 29/06/2025,SANTO ANDRÉ,DELIVERY,1009.9
2025-06-28,2025,6,28,Jun,Junho,2025-06,Jun/2025,Sábado,Sáb,6,26,2025-06-23,23/06 - 29/06/2025,TATUAPÉ,CASA,140416.9
2025-06-28,2025,6,28,Jun,Junho,2025-06,Jun/2025,Sábado,Sáb,6,26,2025-06-23,23/06 - 29/06/2025,TATUAPÉ,DELIVERY,2767.12
2025-06-28,2025,6,28,Jun,Junho,2025-06,Jun/2025,Sábado,Sáb,6,26,2025-06-23,23/06 - 29/06/2025,VILA MADALENA,CASA,19754.11
2025-06-28,2025,6,28,Jun,Junho,2025-06,Jun/2025,Sábado,Sáb,6,26,2025-06-23,23/06 - 29/06/2025,VILA MADALENA,DELIVERY,1000.5
2025-06-28,2025,6,28,Jun,Junho,2025-06,Jun/2025,Sábado,Sáb,6,26,2025-06-23,23/06 - 29/06/2025,VILA MARIANA,CASA,53280.08
2025-06-28,2025,6,28,Jun,Junho,2025-06,Jun/2025,Sábado,Sáb,6,26,2025-06-23,23/06 - 29/06/2025,VILA MARIANA,DELIVERY,4408.4
2025-06-29,2025,6,29,Jun,Junho,2025-06,Jun/2025,Domingo,Dom,7,26,2025-06-23,23/06 - 29/06/2025,CARINAS,CASA,158814.81
2025-06-29,2025,6,29,Jun,Junho,2025-06,Jun/2025,Domingo,Dom,7,26,2025-06-23,23/06 - 29/06/2025,CARINAS,DELIVERY,6136.8
2025-06-29,2025,6,29,Jun,Junho,2025-06,Jun/2025,Domingo,Dom,7,26,2025-06-23,23/06 - 29/06/2025,CHÁCARA,CASA,11207.96
2025-06-29,2025,6,29,Jun,Junho,2025-06,Jun/2025,Domingo,Dom,7,26,2025-06-23,23/06 - 29/06/2025,CHÁCARA,DELIVERY,2254.2
2025-06-29,2025,6,29,Jun,Junho,2025-06,Jun/2025,Domingo,Dom,7,26,2025-06-23,23/06 - 29/06/2025,LAPA,CASA,27401.76
2025-06-29,2025,6,29,Jun,Junho,2025-06,Jun/2025,Domingo,Dom,7,26,2025-06-23,23/06 - 29/06/2025,LAPA,DELIVERY,3291.3
2025-06-29,2025,6,29,Jun,Junho,2025-06,Jun/2025,Domingo,Dom,7,26,2025-06-23,23/06 - 29/06/2025,PAVÃO,CASA,36482.97
2025-06-29,2025,6,29,Jun,Junho,2025-06,Jun/2025,Domingo,Dom,7,26,2025-06-23,23/06 - 29/06/2025,PAVÃO,DELIVERY,3744.39
2025-06-29,2025,6,29,Jun,Junho,2025-06,Jun/2025,Domingo,Dom,7,26,2025-06-23,23/06 - 29/06/2025,PERDIZES,CASA,35279.26
2025-06-29,2025,6,29,Jun,Junho,2025-06,Jun/2025,Domingo,Dom,7,26,2025-06-23,23/06 - 29/06/2025,PERDIZES,DELIVERY,3205.2
2025-06-29,2025,6,29,Jun,Junho,2025-06,Jun/2025,Domingo,Dom,7,26,2025-06-23,23/06 - 29/06/2025,SANTANA,CASA,58900.49
2025-06-29,2025,6,29,Jun,Junho,2025-06,Jun/2025,Domingo,Dom,7,26,2025-06-23,23/06 - 29/06/2025,SANTANA,DELIVERY,3864.4
2025-06-29,2025,6,29,Jun,Junho,2025-06,Jun/2025,Domingo,Dom,7,26,2025-06-23,23/06 - 29/06/2025,SANTO ANDRÉ,CASA,59215.24
2025-06-29,2025,6,29,Jun,Junho,2025-06,Jun/2025,Domingo,Dom,7,26,2025-06-23,23/06 - 29/06/2025,SANTO ANDRÉ,DELIVERY,972.7
2025-06-29,2025,6,29,Jun,Junho,2025-06,Jun/2025,Domingo,Dom,7,26,2025-06-23,23/06 - 29/06/2025,TATUAPÉ,CASA,67411.7
2025-06-29,2025,6,29,Jun,Junho,2025-06,Jun/2025,Domingo,Dom,7,26,2025-06-23,23/06 - 29/06/2025,TATUAPÉ,DELIVERY,2998.24
2025-06-29,2025,6,29,Jun,Junho,2025-06,Jun/2025,Domingo,Dom,7,26,2025-06-23,23/06 - 29/06/2025,VILA MADALENA,CASA,18955.7
2025-06-29,2025,6,29,Jun,Junho,2025-06,Jun/2025,Domingo,Dom,7,26,2025-06-23,23/06 - 29/06/2025,VILA MADALENA,DELIVERY,2199.4
2025-06-29,2025,6,29,Jun,Junho,2025-06,Jun/2025,Domingo,Dom,7,26,2025-06-23,23/06 - 29/06/2025,VILA MARIANA,CASA,38426.05
2025-06-29,2025,6,29,Jun,Junho,2025-06,Jun/2025,Domingo,Dom,7,26,2025-06-23,23/06 - 29/06/2025,VILA MARIANA,DELIVERY,2851.4
2025-06-30,2025,6,30,Jun,Junho,2025-06,Jun/2025,Segunda,Seg,1,27,2025-06-30,30/06 - 06/07/2025,PAVÃO,CASA,21186.9
2025-07-01,2025,7,1,Jul,Julho,2025-07,Jul/2025,Terça,Ter,2,27,2025-06-30,30/06 - 06/07/2025,CARINAS,CASA,113129.24
2025-07-01,2025,7,1,Jul,Julho,2025-07,Jul/2025,Terça,Ter,2,27,2025-06-30,30/06 - 06/07/2025,CHÁCARA,CASA,2421.45
2025-07-01,2025,7,1,Jul,Julho,2025-07,Jul/2025,Terça,Ter,2,27,2025-06-30,30/06 - 06/07/2025,CHÁCARA,DELIVERY,442.4
2025-07-01,2025,7,1,Jul,Julho,2025-07,Jul/2025,Terça,Ter,2,27,2025-06-30,30/06 - 06/07/2025,LAPA,CASA,8469.73
2025-07-01,2025,7,1,Jul,Julho,2025-07,Jul/2025,Terça,Ter,2,27,2025-06-30,30/06 - 06/07/2025,LAPA,DELIVERY,1073.5
2025-07-01,2025,7,1,Jul,Julho,2025-07,Jul/2025,Terça,Ter,2,27,2025-06-30,30/06 - 06/07/2025,PAVÃO,CASA,7596.45
2025-07-01,2025,7,1,Jul,Julho,2025-07,Jul/2025,Terça,Ter,2,27,2025-06-30,30/06 - 06/07/2025,PAVÃO,DELIVERY,838.5
2025-07-01,2025,7,1,Jul,Julho,2025-07,Jul/2025,Terça,Ter,2,27,2025-06-30,30/06 - 06/07/2025,PERDIZES,CASA,3800.32
2025-07-01,2025,7,1,Jul,Julho,2025-07,Jul/2025,Terça,Ter,2,27,2025-06-30,30/06 - 06/07/2025,PERDIZES,DELIVERY,343.6
2025-07-01,2025,7,1,Jul,Julho,2025-07,Jul/2025,Terça,Ter,2,27,2025-06-30,30/06 - 06/07/2025,SANTANA,CASA,23761.7
2025-07-01,2025,7,1,Jul,Julho,2025-07,Jul/2025,Terça,Ter,2,27,2025-06-30,30/06 - 06/07/2025,SANTANA,DELIVERY,1157.6
2025-07-01,2025,7,1,Jul,Julho,2025-07,Jul/2025,Terça,Ter,2,27,2025-06-30,30/06 - 06/07/2025,TATUAPÉ,CASA,14096.42
2025-07-01,2025,7,1,Jul,Julho,2025-07,Jul/2025,Terça,Ter,2,27,2025-06-30,30/06 - 06/07/2025,TATUAPÉ,DELIVERY,1287.63
2025-07-01,2025,7,1,Jul,Julho,2025-07,Jul/2025,Terça,Ter,2,27,2025-06-30,30/06 - 06/07/2025,VILA MADALENA,CASA,385.51
2025-07-01,2025,7,1,Jul,Julho,2025-07,Jul/2025,Terça,Ter,2,27,2025-06-30,30/06 - 06/07/2025,VILA MADALENA,DELIVERY,896.3
2025-07-01,2025,7,1,Jul,Julho,2025-07,Jul/2025,Terça,Ter,2,27,2025-06-30,30/06 - 06/07/2025,VILA MARIANA,CASA,11083.05
2025-07-01,2025,7,1,Jul,Julho,2025-07,Jul/2025,Terça,Ter,2,27,2025-06-30,30/06 - 06/07/2025,VILA MARIANA,DELIVERY,2024.8
2025-07-02,2025,7,2,Jul,Julho,2025-07,Jul/2025,Quarta,Qua,3,27,2025-06-30,30/06 - 06/07/2025,CARINAS,CASA,25264.81
2025-07-02,2025,7,2,Jul,Julho,2025-07,Jul/2025,Quarta,Qua,3,27,2025-06-30,30/06 - 06/07/2025,CARINAS,DELIVERY,2260.4
2025-07-02,2025,7,2,Jul,Julho,2025-07,Jul/2025,Quarta,Qua,3,27,2025-06-30,30/06 - 06/07/2025,CHÁCARA,CASA,5397.09
2025-07-02,2025,7,2,Jul,Julho,2025-07,Jul/2025,Quarta,Qua,3,27,2025-06-30,30/06 - 06/07/2025,CHÁCARA,DELIVERY,484.6
2025-07-02,2025,7,2,Jul,Julho,2025-07,Jul/2025,Quarta,Qua,3,27,2025-06-30,30/06 - 06/07/2025,LAPA,CASA,4790.4
2025-07-02,2025,7,2,Jul,Julho,2025-07,Jul/2025,Quarta,Qua,3,27,2025-06-30,30/06 - 06/07/2025,LAPA,DELIVERY,448.1
2025-07-02,2025,7,2,Jul,Julho,2025-07,Jul/2025,Quarta,Qua,3,27,2025-06-30,30/06 - 06/07/2025,PAVÃO,CASA,4527.56
2025-07-02,2025,7,2,Jul,Julho,2025-07,Jul/2025,Quarta,Qua,3,27,2025-06-30,30/06 - 06/07/2025,PAVÃO,DELIVERY,946.62
2025-07-02,2025,7,2,Jul,Julho,2025-07,Jul/2025,Quarta,Qua,3,27,2025-06-30,30/06 - 06/07/2025,PERDIZES,CASA,8481.12
2025-07-02,2025,7,2,Jul,Julho,2025-07,Jul/2025,Quarta,Qua,3,27,2025-06-30,30/06 - 06/07/2025,PERDIZES,DELIVERY,1118.7
2025-07-02,2025,7,2,Jul,Julho,2025-07,Jul/2025,Quarta,Qua,3,27,2025-06-30,30/06 - 06/07/2025,SANTANA,CASA,8974.34
2025-07-02,2025,7,2,Jul,Julho,2025-07,Jul/2025,Quarta,Qua,3,27,2025-06-30,30/06 - 06/07/2025,SANTANA,DELIVERY,977.2
2025-07-02,2025,7,2,Jul,Julho,2025-07,Jul/2025,Quarta,Qua,3,27,2025-06-30,30/06 - 06/07/2025,SANTO ANDRÉ,CASA,20062.0
2025-07-02,2025,7,2,Jul,Julho,2025-07,Jul/2025,Quarta,Qua,3,27,2025-06-30,30/06 - 06/07/2025,SANTO ANDRÉ,DELIVERY,388.0
2025-07-02,2025,7,2,Jul,Julho,2025-07,Jul/2025,Quarta,Qua,3,27,2025-06-30,30/06 - 06/07/2025,TATUAPÉ,CASA,5454.09
2025-07-02,2025,7,2,Jul,Julho,2025-07,Jul/2025,Quarta,Qua,3,27,2025-06-30,30/06 - 06/07/2025,TATUAPÉ,DELIVERY,1082.35
2025-07-02,2025,7,2,Jul,Julho,2025-07,Jul/2025,Quarta,Qua,3,27,2025-06-30,30/06 - 06/07/2025,VILA MADALENA,CASA,1118.16
2025-07-02,2025,7,2,Jul,Julho,2025-07,Jul/2025,Quarta,Qua,3,27,2025-06-30,30/06 - 06/07/2025,VILA MADALENA,DELIVERY,287.5
2025-07-02,2025,7,2,Jul,Julho,2025-07,Jul/2025,Quarta,Qua,3,27,2025-06-30,30/06 - 06/07/2025,VILA MARIANA,CASA,6200.28
2025-07-02,2025,7,2,Jul,Julho,2025-07,Jul/2025,Quarta,Qua,3,27,2025-06-30,30/06 - 06/07/2025,VILA MARIANA,DELIVERY,898.8
2025-07-03,2025,7,3,Jul,Julho,2025-07,Jul/2025,Quinta,Qui,4,27,2025-06-30,30/06 - 06/07/2025,CARINAS,CASA,23960.75
2025-07-03,2025,7,3,Jul,Julho,2025-07,Jul/2025,Quinta,Qui,4,27,2025-06-30,30/06 - 06/07/2025,CARINAS,DELIVERY,633.2
2025-07-03,2025,7,3,Jul,Julho,2025-07,Jul/2025,Quinta,Qui,4,27,2025-06-30,30/06 - 06/07/2025,CHÁCARA,CASA,15032.72
2025-07-03,2025,7,3,Jul,Julho,2025-07,Jul/2025,Quinta,Qui,4,27,2025-06-30,30/06 - 06/07/2025,CHÁCARA,DELIVERY,927.2
2025-07-03,2025,7,3,Jul,Julho,2025-07,Jul/2025,Quinta,Qui,4,27,2025-06-30,30/06 - 06/07/2025,LAPA,CASA,2652.55
2025-07-03,2025,7,3,Jul,Julho,2025-07,Jul/2025,Quinta,Qui,4,27,2025-06-30,30/06 - 06/07/2025,LAPA,DELIVERY,1615.5
2025-07-03,2025,7,3,Jul,Julho,2025-07,Jul/2025,Quinta,Qui,4,27,2025-06-30,30/06 - 06/07/2025,PAVÃO,CASA,7326.27
2025-07-03,2025,7,3,Jul,Julho,2025-07,Jul/2025,Quinta,Qui,4,27,2025-06-30,30/06 - 06/07/2025,PAVÃO,DELIVERY,1860.26
2025-07-03,2025,7,3,Jul,Julho,2025-07,Jul/2025,Quinta,Qui,4,27,2025-06-30,30/06 - 06/07/2025,PERDIZES,CASA,8852.39
2025-07-03,2025,7,3,Jul,Julho,2025-07,Jul/2025,Quinta,Qui,4,27,2025-06-30,30/06 - 06/07/2025,PERDIZES,DELIVERY,959.9
2025-07-03,2025,7,3,Jul,Julho,2025-07,Jul/2025,Quinta,Qui,4,27,2025-06-30,30/06 - 06/07/2025,SANTANA,CASA,6550.06
2025-07-03,2025,7,3,Jul,Julho,2025-07,Jul/2025,Quinta,Qui,4,27,2025-06-30,30/06 - 06/07/2025,SANTANA,DELIVERY,1712.5
2025-07-03,2025,7,3,Jul,Julho,2025-07,Jul/2025,Quinta,Qui,4,27,2025-06-30,30/06 - 06/07/2025,SANTO ANDRÉ,CASA,8140.87
2025-07-03,2025,7,3,Jul,Julho,2025-07,Jul/2025,Quinta,Qui,4,27,2025-06-30,30/06 - 06/07/2025,SANTO ANDRÉ,DELIVERY,461.0
2025-07-03,2025,7,3,Jul,Julho,2025-07,Jul/2025,Quinta,Qui,4,27,2025-06-30,30/06 - 06/07/2025,TATUAPÉ,CASA,2324.02
2025-07-03,2025,7,3,Jul,Julho,2025-07,Jul/2025,Quinta,Qui,4,27,2025-06-30,30/06 - 06/07/2025,TATUAPÉ,DELIVERY,566.4
2025-07-03,2025,7,3,Jul,Julho,2025-07,Jul/2025,Quinta,Qui,4,27,2025-06-30,30/06 - 06/07/2025,VILA MADALENA,CASA,25381.71
2025-07-03,2025,7,3,Jul,Julho,2025-07,Jul/2025,Quinta,Qui,4,27,2025-06-30,30/06 - 06/07/2025,VILA MADALENA,DELIVERY,1077.2
2025-07-03,2025,7,3,Jul,Julho,2025-07,Jul/2025,Quinta,Qui,4,27,2025-06-30,30/06 - 06/07/2025,VILA MARIANA,CASA,11761.13
2025-07-03,2025,7,3,Jul,Julho,2025-07,Jul/2025,Quinta,Qui,4,27,2025-06-30,30/06 - 06/07/2025,VILA MARIANA,DELIVERY,1876.7
2025-07-04,2025,7,4,Jul,Julho,2025-07,Jul/2025,Sexta,Sex,5,27,2025-06-30,30/06 - 06/07/2025,CARINAS,CASA,207780.39
2025-07-04,2025,7,4,Jul,Julho,2025-07,Jul/2025,Sexta,Sex,5,27,2025-06-30,30/06 - 06/07/2025,CARINAS,DELIVERY,1236.0
2025-07-04,2025,7,4,Jul,Julho,2025-07,Jul/2025,Sexta,Sex,5,27,2025-06-30,30/06 - 06/07/2025,CHÁCARA,CASA,7758.68
2025-07-04,2025,7,4,Jul,Julho,2025-07,Jul/2025,Sexta,Sex,5,27,2025-06-30,30/06 - 06/07/2025,CHÁCARA,DELIVERY,1287.6
2025-07-04,2025,7,4,Jul,Julho,2025-07,Jul/2025,Sexta,Sex,5,27,2025-06-30,30/06 - 06/07/2025,LAPA,CASA,13612.34
2025-07-04,2025,7,4,Jul,Julho,2025-07,Jul/2025,Sexta,Sex,5,27,2025-06-30,30/06 - 06/07/2025,LAPA,DELIVERY,1043.3
2025-07-04,2025,7,4,Jul,Julho,2025-07,Jul/2025,Sexta,Sex,5,27,2025-06-30,30/06 - 06/07/2025,PAVÃO,CASA,16360.85
2025-07-04,2025,7,4,Jul,Julho,2025-07,Jul/2025,Sexta,Sex,5,27,2025-06-30,30/06 - 06/07/2025,PAVÃO,DELIVERY,944.08
2025-07-04,2025,7,4,Jul,Julho,2025-07,Jul/2025,Sexta,Sex,5,27,2025-06-30,30/06 - 06/07/2025,PERDIZES,CASA,15866.89
2025-07-04,2025,7,4,Jul,Julho,2025-07,Jul/2025,Sexta,Sex,5,27,2025-06-30,30/06 - 06/07/2025,PERDIZES,DELIVERY,2276.5
2025-07-04,2025,7,4,Jul,Julho,2025-07,Jul/2025,Sexta,Sex,5,27,2025-06-30,30/06 - 06/07/2025,SANTANA,CASA,26176.18
2025-07-04,2025,7,4,Jul,Julho,2025-07,Jul/2025,Sexta,Sex,5,27,2025-06-30,30/06 - 06/07/2025,SANTANA,DELIVERY,1743.8
2025-07-04,2025,7,4,Jul,Julho,2025-07,Jul/2025,Sexta,Sex,5,27,2025-06-30,30/06 - 06/07/2025,SANTO ANDRÉ,CASA,96589.68
2025-07-04,2025,7,4,Jul,Julho,2025-07,Jul/2025,Sexta,Sex,5,27,2025-06-30,30/06 - 06/07/2025,SANTO ANDRÉ,DELIVERY,492.0
2025-07-04,2025,7,4,Jul,Julho,2025-07,Jul/2025,Sexta,Sex,5,27,2025-06-30,30/06 - 06/07/2025,TATUAPÉ,CASA,10006.96
2025-07-04,2025,7,4,Jul,Julho,2025-07,Jul/2025,Sexta,Sex,5,27,2025-06-30,30/06 - 06/07/2025,TATUAPÉ,DELIVERY,581.85
2025-07-04,2025,7,4,Jul,Julho,2025-07,Jul/2025,Sexta,Sex,5,27,2025-06-30,30/06 - 06/07/2025,VILA MADALENA,CASA,13112.68
2025-07-04,2025,7,4,Jul,Julho,2025-07,Jul/2025,Sexta,Sex,5,27,2025-06-30,30/06 - 06/07/2025,VILA MADALENA,DELIVERY,801.1
2025-07-04,2025,7,4,Jul,Julho,2025-07,Jul/2025,Sexta,Sex,5,27,2025-06-30,30/06 - 06/07/2025,VILA MARIANA,CASA,26661.87
2025-07-04,2025,7,4,Jul,Julho,2025-07,Jul/2025,Sexta,Sex,5,27,2025-06-30,30/06 - 06/07/2025,VILA MARIANA,DELIVERY,1527.7
2025-07-05,2025,7,5,Jul,Julho,2025-07,Jul/2025,Sábado,Sáb,6,27,2025-06-30,30/06 - 06/07/2025,CARINAS,CASA,153007.41
2025-07-05,2025,7,5,Jul,Julho,2025-07,Jul/2025,Sábado,Sáb,6,27,2025-06-30,30/06 - 06/07/2025,CARINAS,DELIVERY,3587.6
2025-07-05,2025,7,5,Jul,Julho,2025-07,Jul/2025,Sábado,Sáb,6,27,2025-06-30,30/06 - 06/07/2025,CHÁCARA,CASA,19973.68
2025-07-05,2025,7,5,Jul,Julho,2025-07,Jul/2025,Sábado,Sáb,6,27,2025-06-30,30/06 - 06/07/2025,CHÁCARA,DELIVERY,1904.9
2025-07-05,2025,7,5,Jul,Julho,2025-07,Jul/2025,Sábado,Sáb,6,27,2025-06-30,30/06 - 06/07/2025,LAPA,CASA,55790.02
2025-07-05,2025,7,5,Jul,Julho,2025-07,Jul/2025,Sábado,Sáb,6,27,2025-06-30,30/06 - 06/07/2025,LAPA,DELIVERY,2742.4
2025-07-05,2025,7,5,Jul,Julho,2025-07,Jul/2025,Sábado,Sáb,6,27,2025-06-30,30/06 - 06/07/2025,PAVÃO,CASA,43789.67
2025-07-05,2025,7,5,Jul,Julho,2025-07,Jul/2025,Sábado,Sáb,6,27,2025-06-30,30/06 - 06/07/2025,PAVÃO,DELIVERY,1602.95
2025-07-05,2025,7,5,Jul,Julho,2025-07,Jul/2025,Sábado,Sáb,6,27,2025-06-30,30/06 - 06/07/2025,PERDIZES,CASA,62768.32
2025-07-05,2025,7,5,Jul,Julho,2025-07,Jul/2025,Sábado,Sáb,6,27,2025-06-30,30/06 - 06/07/2025,PERDIZES,DELIVERY,2038.9
2025-07-05,2025,7,5,Jul,Julho,2025-07,Jul/2025,Sábado,Sáb,6,27,2025-06-30,30/06 - 06/07/2025,SANTANA,CASA,116326.05
2025-07-05,2025,7,5,Jul,Julho,2025-07,Jul/2025,Sábado,Sáb,6,27,2025-06-30,30/06 - 06/07/2025,SANTANA,DELIVERY,2939.1
2025-07-05,2025,7,5,Jul,Julho,2025-07,Jul/2025,Sábado,Sáb,6,27,2025-06-30,30/06 - 06/07/2025,SANTO ANDRÉ,CASA,132061.38
2025-07-05,2025,7,5,Jul,Julho,2025-07,Jul/2025,Sábado,Sáb,6,27,2025-06-30,30/06 - 06/07/2025,SANTO ANDRÉ,DELIVERY,973.7
2025-07-05,2025,7,5,Jul,Julho,2025-07,Jul/2025,Sábado,Sáb,6,27,2025-06-30,30/06 - 06/07/2025,TATUAPÉ,CASA,108241.58
2025-07-05,2025,7,5,Jul,Julho,2025-07,Jul/2025,Sábado,Sáb,6,27,2025-06-30,30/06 - 06/07/2025,TATUAPÉ,DELIVERY,4367.35
2025-07-05,2025,7,5,Jul,Julho,2025-07,Jul/2025,Sábado,Sáb,6,27,2025-06-30,30/06 - 06/07/2025,VILA MADALENA,CASA,38319.74
2025-07-05,2025,7,5,Jul,Julho,2025-07,Jul/2025,Sábado,Sáb,6,27,2025-06-30,30/06 - 06/07/2025,VILA MADALENA,DELIVERY,1670.2
2025-07-05,2025,7,5,Jul,Julho,2025-07,Jul/2025,Sábado,Sáb,6,27,2025-06-30,30/06 - 06/07/2025,VILA MARIANA,CASA,51293.06
2025-07-05,2025,7,5,Jul,Julho,2025-07,Jul/2025,Sábado,Sáb,6,27,2025-06-30,30/06 - 06/07/2025,VILA MARIANA,DELIVERY,3710.2
2025-07-06,2025,7,6,Jul,Julho,2025-07,Jul/2025,Domingo,Dom,7,27,2025-06-30,30/06 - 06/07/2025,CARINAS,CASA,62274.54
2025-07-06,2025,7,6,Jul,Julho,2025-07,Jul/2025,Domingo,Dom,7,27,2025-06-30,30/06 - 06/07/2025,CHÁCARA,CASA,7972.88
2025-07-06,2025,7,6,Jul,Julho,2025-07,Jul/2025,Domingo,Dom,7,27,2025-06-30,30/06 - 06/07/2025,CHÁCARA,DELIVERY,2350.7
2025-07-06,2025,7,6,Jul,Julho,2025-07,Jul/2025,Domingo,Dom,7,27,2025-06-30,30/06 - 06/07/2025,LAPA,CASA,28219.22
2025-07-06,2025,7,6,Jul,Julho,2025-07,Jul/2025,Domingo,Dom,7,27,2025-06-30,30/06 - 06/07/2025,LAPA,DELIVERY,3698.8
2025-07-06,2025,7,6,Jul,Julho,2025-07,Jul/2025,Domingo,Dom,7,27,2025-06-30,30/06 - 06/07/2025,PAVÃO,CASA,15433.49
2025-07-06,2025,7,6,Jul,Julho,2025-07,Jul/2025,Domingo,Dom,7,27,2025-06-30,30/06 - 06/07/2025,PAVÃO,DELIVERY,1898.04
2025-07-06,2025,7,6,Jul,Julho,2025-07,Jul/2025,Domingo,Dom,7,27,2025-06-30,30/06 - 06/07/2025,PERDIZES,CASA,24379.46
2025-07-06,2025,7,6,Jul,Julho,2025-07,Jul/2025,Domingo,Dom,7,27,2025-06-30,30/06 - 06/07/2025,PERDIZES,DELIVERY,2016.6
2025-07-06,2025,7,6,Jul,Julho,2025-07,Jul/2025,Domingo,Dom,7,27,2025-06-30,30/06 - 06/07/2025,SANTANA,CASA,48663.38
2025-07-06,2025,7,6,Jul,Julho,2025-07,Jul/2025,Domingo,Dom,7,27,2025-06-30,30/06 - 06/07/2025,SANTANA,DELIVERY,6126.7
2025-07-06,2025,7,6,Jul,Julho,2025-07,Jul/2025,Domingo,Dom,7,27,2025-06-30,30/06 - 06/07/2025,SANTO ANDRÉ,CASA,51710.65
2025-07-06,2025,7,6,Jul,Julho,2025-07,Jul/2025,Domingo,Dom,7,27,2025-06-30,30/06 - 06/07/2025,SANTO ANDRÉ,DELIVERY,916.3
2025-07-06,2025,7,6,Jul,Julho,2025-07,Jul/2025,Domingo,Dom,7,27,2025-06-30,30/06 - 06/07/2025,TATUAPÉ,CASA,54028.15
2025-07-06,2025,7,6,Jul,Julho,2025-07,Jul/2025,Domingo,Dom,7,27,2025-06-30,30/06 - 06/07/2025,TATUAPÉ,DELIVERY,4399.78
2025-07-06,2025,7,6,Jul,Julho,2025-07,Jul/2025,Domingo,Dom,7,27,2025-06-30,30/06 - 06/07/2025,VILA MADALENA,CASA,4173.95
2025-07-06,2025,7,6,Jul,Julho,2025-07,Jul/2025,Domingo,Dom,7,27,2025-06-30,30/06 - 06/07/2025,VILA MADALENA,DELIVERY,2303.8
2025-07-06,2025,7,6,Jul,Julho,2025-07,Jul/2025,Domingo,Dom,7,27,2025-06-30,30/06 - 06/07/2025,VILA MARIANA,CASA,34952.98
2025-07-06,2025,7,6,Jul,Julho,2025-07,Jul/2025,Domingo,Dom,7,27,2025-06-30,30/06 - 06/07/2025,VILA MARIANA,DELIVERY,3907.1
2025-07-07,2025,7,7,Jul,Julho,2025-07,Jul/2025,Segunda,Seg,1,28,2025-07-07,07/07 - 13/07/2025,CARINAS,CASA,48710.0
2025-07-07,2025,7,7,Jul,Julho,2025-07,Jul/2025,Segunda,Seg,1,28,2025-07-07,07/07 - 13/07/2025,CARINAS,DELIVERY,3116.2
2025-07-07,2025,7,7,Jul,Julho,2025-07,Jul/2025,Segunda,Seg,1,28,2025-07-07,07/07 - 13/07/2025,TATUAPÉ,CASA,13810.0
2025-07-08,2025,7,8,Jul,Julho,2025-07,Jul/2025,Terça,Ter,2,28,2025-07-07,07/07 - 13/07/2025,CARINAS,CASA,304164.76
2025-07-08,2025,7,8,Jul,Julho,2025-07,Jul/2025,Terça,Ter,2,28,2025-07-07,07/07 - 13/07/2025,CHÁCARA,CASA,2129.53
2025-07-08,2025,7,8,Jul,Julho,2025-07,Jul/2025,Terça,Ter,2,28,2025-07-07,07/07 - 13/07/2025,CHÁCARA,DELIVERY,1480.9
2025-07-08,2025,7,8,Jul,Julho,2025-07,Jul/2025,Terça,Ter,2,28,2025-07-07,07/07 - 13/07/2025,LAPA,CASA,46635.11
2025-07-08,2025,7,8,Jul,Julho,2025-07,Jul/2025,Terça,Ter,2,28,2025-07-07,07/07 - 13/07/2025,PAVÃO,CASA,21072.4
2025-07-08,2025,7,8,Jul,Julho,2025-07,Jul/2025,Terça,Ter,2,28,2025-07-07,07/07 - 13/07/2025,PAVÃO,DELIVERY,1248.66
2025-07-08,2025,7,8,Jul,Julho,2025-07,Jul/2025,Terça,Ter,2,28,2025-07-07,07/07 - 13/07/2025,PERDIZES,CASA,8596.69
2025-07-08,2025,7,8,Jul,Julho,2025-07,Jul/2025,Terça,Ter,2,28,2025-07-07,07/07 - 13/07/2025,PERDIZES,DELIVERY,2108.8
2025-07-08,2025,7,8,Jul,Julho,2025-07,Jul/2025,Terça,Ter,2,28,2025-07-07,07/07 - 13/07/2025,SANTANA,CASA,57676.44
2025-07-08,2025,7,8,Jul,Julho,2025-07,Jul/2025,Terça,Ter,2,28,2025-07-07,07/07 - 13/07/2025,SANTO ANDRÉ,CASA,10124.39
2025-07-08,2025,7,8,Jul,Julho,2025-07,Jul/2025,Terça,Ter,2,28,2025-07-07,07/07 - 13/07/2025,SANTO ANDRÉ,DELIVERY,624.5
2025-07-08,2025,7,8,Jul,Julho,2025-07,Jul/2025,Terça,Ter,2,28,2025-07-07,07/07 - 13/07/2025,TATUAPÉ,CASA,55532.85
2025-07-08,2025,7,8,Jul,Julho,2025-07,Jul/2025,Terça,Ter,2,28,2025-07-07,07/07 - 13/07/2025,TATUAPÉ,DELIVERY,1774.37
2025-07-08,2025,7,8,Jul,Julho,2025-07,Jul/2025,Terça,Ter,2,28,2025-07-07,07/07 - 13/07/2025,VILA MADALENA,CASA,3015.18
2025-07-08,2025,7,8,Jul,Julho,2025-07,Jul/2025,Terça,Ter,2,28,2025-07-07,07/07 - 13/07/2025,VILA MADALENA,DELIVERY,1058.2
2025-07-08,2025,7,8,Jul,Julho,2025-07,Jul/2025,Terça,Ter,2,28,2025-07-07,07/07 - 13/07/2025,VILA MARIANA,CASA,9963.89
2025-07-08,2025,7,8,Jul,Julho,2025-07,Jul/2025,Terça,Ter,2,28,2025-07-07,07/07 - 13/07/2025,VILA MARIANA,DELIVERY,1675.4
2025-07-09,2025,7,9,Jul,Julho,2025-07,Jul/2025,Quarta,Qua,3,28,2025-07-07,07/07 - 13/07/2025,CARINAS,CASA,38426.14
2025-07-09,2025,7,9,Jul,Julho,2025-07,Jul/2025,Quarta,Qua,3,28,2025-07-07,07/07 - 13/07/2025,CARINAS,DELIVERY,2377.1
2025-07-09,2025,7,9,Jul,Julho,2025-07,Jul/2025,Quarta,Qua,3,28,2025-07-07,07/07 - 13/07/2025,CHÁCARA,CASA,7187.22
2025-07-09,2025,7,9,Jul,Julho,2025-07,Jul/2025,Quarta,Qua,3,28,2025-07-07,07/07 - 13/07/2025,CHÁCARA,DELIVERY,656.3
2025-07-09,2025,7,9,Jul,Julho,2025-07,Jul/2025,Quarta,Qua,3,28,2025-07-07,07/07 - 13/07/2025,LAPA,CASA,12240.0
2025-07-09,2025,7,9,Jul,Julho,2025-07,Jul/2025,Quarta,Qua,3,28,2025-07-07,07/07 - 13/07/2025,LAPA,DELIVERY,4295.3
2025-07-09,2025,7,9,Jul,Julho,2025-07,Jul/2025,Quarta,Qua,3,28,2025-07-07,07/07 - 13/07/2025,PAVÃO,CASA,8151.21
2025-07-09,2025,7,9,Jul,Julho,2025-07,Jul/2025,Quarta,Qua,3,28,2025-07-07,07/07 - 13/07/2025,PAVÃO,DELIVERY,2131.97
2025-07-09,2025,7,9,Jul,Julho,2025-07,Jul/2025,Quarta,Qua,3,28,2025-07-07,07/07 - 13/07/2025,PERDIZES,CASA,15246.61
2025-07-09,2025,7,9,Jul,Julho,2025-07,Jul/2025,Quarta,Qua,3,28,2025-07-07,07/07 - 13/07/2025,PERDIZES,DELIVERY,2438.6
2025-07-09,2025,7,9,Jul,Julho,2025-07,Jul/2025,Quarta,Qua,3,28,2025-07-07,07/07 - 13/07/2025,SANTANA,CASA,35996.86
2025-07-09,2025,7,9,Jul,Julho,2025-07,Jul/2025,Quarta,Qua,3,28,2025-07-07,07/07 - 13/07/2025,SANTANA,DELIVERY,4979.9
2025-07-09,2025,7,9,Jul,Julho,2025-07,Jul/2025,Quarta,Qua,3,28,2025-07-07,07/07 - 13/07/2025,SANTO ANDRÉ,CASA,16437.49
2025-07-09,2025,7,9,Jul,Julho,2025-07,Jul/2025,Quarta,Qua,3,28,2025-07-07,07/07 - 13/07/2025,SANTO ANDRÉ,DELIVERY,1374.3
2025-07-09,2025,7,9,Jul,Julho,2025-07,Jul/2025,Quarta,Qua,3,28,2025-07-07,07/07 - 13/07/2025,TATUAPÉ,CASA,17417.51
2025-07-09,2025,7,9,Jul,Julho,2025-07,Jul/2025,Quarta,Qua,3,28,2025-07-07,07/07 - 13/07/2025,TATUAPÉ,DELIVERY,3086.28
2025-07-09,2025,7,9,Jul,Julho,2025-07,Jul/2025,Quarta,Qua,3,28,2025-07-07,07/07 - 13/07/2025,VILA MADALENA,CASA,12254.15
2025-07-09,2025,7,9,Jul,Julho,2025-07,Jul/2025,Quarta,Qua,3,28,2025-07-07,07/07 - 13/07/2025,VILA MADALENA,DELIVERY,2644.7
2025-07-09,2025,7,9,Jul,Julho,2025-07,Jul/2025,Quarta,Qua,3,28,2025-07-07,07/07 - 13/07/2025,VILA MARIANA,CASA,36379.44
2025-07-09,2025,7,9,Jul,Julho,2025-07,Jul/2025,Quarta,Qua,3,28,2025-07-07,07/07 - 13/07/2025,VILA MARIANA,DELIVERY,4163.3
2025-07-10,2025,7,10,Jul,Julho,2025-07,Jul/2025,Quinta,Qui,4,28,2025-07-07,07/07 - 13/07/2025,CARINAS,CASA,43245.92
2025-07-10,2025,7,10,Jul,Julho,2025-07,Jul/2025,Quinta,Qui,4,28,2025-07-07,07/07 - 13/07/2025,CARINAS,DELIVERY,1750.1
2025-07-10,2025,7,10,Jul,Julho,2025-07,Jul/2025,Quinta,Qui,4,28,2025-07-07,07/07 - 13/07/2025,CHÁCARA,CASA,40685.07
2025-07-10,2025,7,10,Jul,Julho,2025-07,Jul/2025,Quinta,Qui,4,28,2025-07-07,07/07 - 13/07/2025,CHÁCARA,DELIVERY,1696.4
2025-07-10,2025,7,10,Jul,Julho,2025-07,Jul/2025,Quinta,Qui,4,28,2025-07-07,07/07 - 13/07/2025,LAPA,CASA,1243.27
2025-07-10,2025,7,10,Jul,Julho,2025-07,Jul/2025,Quinta,Qui,4,28,2025-07-07,07/07 - 13/07/2025,LAPA,DELIVERY,1191.2
2025-07-10,2025,7,10,Jul,Julho,2025-07,Jul/2025,Quinta,Qui,4,28,2025-07-07,07/07 - 13/07/2025,PAVÃO,CASA,20489.68
2025-07-10,2025,7,10,Jul,Julho,2025-07,Jul/2025,Quinta,Qui,4,28,2025-07-07,07/07 - 13/07/2025,PAVÃO,DELIVERY,914.87
2025-07-10,2025,7,10,Jul,Julho,2025-07,Jul/2025,Quinta,Qui,4,28,2025-07-07,07/07 - 13/07/2025,PERDIZES,CASA,30293.69
2025-07-10,2025,7,10,Jul,Julho,2025-07,Jul/2025,Quinta,Qui,4,28,2025-07-07,07/07 - 13/07/2025,PERDIZES,DELIVERY,1013.2
2025-07-10,2025,7,10,Jul,Julho,2025-07,Jul/2025,Quinta,Qui,4,28,2025-07-07,07/07 - 13/07/2025,SANTANA,CASA,15149.29
2025-07-10,2025,7,10,Jul,Julho,2025-07,Jul/2025,Quinta,Qui,4,28,2025-07-07,07/07 - 13/07/2025,SANTANA,DELIVERY,824.9
2025-07-10,2025,7,10,Jul,Julho,2025-07,Jul/2025,Quinta,Qui,4,28,2025-07-07,07/07 - 13/07/2025,SANTO ANDRÉ,CASA,18716.45
2025-07-10,2025,7,10,Jul,Julho,2025-07,Jul/2025,Quinta,Qui,4,28,2025-07-07,07/07 - 13/07/2025,SANTO ANDRÉ,DELIVERY,640.0
2025-07-10,2025,7,10,Jul,Julho,2025-07,Jul/2025,Quinta,Qui,4,28,2025-07-07,07/07 - 13/07/2025,TATUAPÉ,CASA,2001.13
2025-07-10,2025,7,10,Jul,Julho,2025-07,Jul/2025,Quinta,Qui,4,28,2025-07-07,07/07 - 13/07/2025,TATUAPÉ,DELIVERY,520.93
2025-07-10,2025,7,10,Jul,Julho,2025-07,Jul/2025,Quinta,Qui,4,28,2025-07-07,07/07 - 13/07/2025,VILA MADALENA,CASA,27512.41
2025-07-10,2025,7,10,Jul,Julho,2025-07,Jul/2025,Quinta,Qui,4,28,2025-07-07,07/07 - 13/07/2025,VILA MADALENA,DELIVERY,1306.1
2025-07-10,2025,7,10,Jul,Julho,2025-07,Jul/2025,Quinta,Qui,4,28,2025-07-07,07/07 - 13/07/2025,VILA MARIANA,CASA,25495.38
2025-07-10,2025,7,10,Jul,Julho,2025-07,Jul/2025,Quinta,Qui,4,28,2025-07-07,07/07 - 13/07/2025,VILA MARIANA,DELIVERY,1070.9
2025-07-11,2025,7,11,Jul,Julho,2025-07,Jul/2025,Sexta,Sex,5,28,2025-07-07,07/07 - 13/07/2025,CARINAS,CASA,37954.06
2025-07-11,2025,7,11,Jul,Julho,2025-07,Jul/2025,Sexta,Sex,5,28,2025-07-07,07/07 - 13/07/2025,CHÁCARA,CASA,4867.02
2025-07-11,2025,7,11,Jul,Julho,2025-07,Jul/2025,Sexta,Sex,5,28,2025-07-07,07/07 - 13/07/2025,CHÁCARA,DELIVERY,846.9
2025-07-11,2025,7,11,Jul,Julho,2025-07,Jul/2025,Sexta,Sex,5,28,2025-07-07,07/07 - 13/07/2025,LAPA,CASA,29405.53
2025-07-11,2025,7,11,Jul,Julho,2025-07,Jul/2025,Sexta,Sex,5,28,2025-07-07,07/07 - 13/07/2025,LAPA,DELIVERY,1536.0
2025-07-11,2025,7,11,Jul,Julho,2025-07,Jul/2025,Sexta,Sex,5,28,2025-07-07,07/07 - 13/07/2025,PAVÃO,CASA,13143.18
2025-07-11,2025,7,11,Jul,Julho,2025-07,Jul/2025,Sexta,Sex,5,28,2025-07-07,07/07 - 13/07/2025,PAVÃO,DELIVERY,754.67
2025-07-11,2025,7,11,Jul,Julho,2025-07,Jul/2025,Sexta,Sex,5,28,2025-07-07,07/07 - 13/07/2025,PERDIZES,CASA,15422.75
2025-07-11,2025,7,11,Jul,Julho,2025-07,Jul/2025,Sexta,Sex,5,28,2025-07-07,07/07 - 13/07/2025,PERDIZES,DELIVERY,1009.3
2025-07-11,2025,7,11,Jul,Julho,2025-07,Jul/2025,Sexta,Sex,5,28,2025-07-07,07/07 - 13/07/2025,SANTANA,CASA,42869.62
2025-07-11,2025,7,11,Jul,Julho,2025-07,Jul/2025,Sexta,Sex,5,28,2025-07-07,07/07 - 13/07/2025,SANTANA,DELIVERY,2067.9
2025-07-11,2025,7,11,Jul,Julho,2025-07,Jul/2025,Sexta,Sex,5,28,2025-07-07,07/07 - 13/07/2025,SANTO ANDRÉ,CASA,85255.91
2025-07-11,2025,7,11,Jul,Julho,2025-07,Jul/2025,Sexta,Sex,5,28,2025-07-07,07/07 - 13/07/2025,SANTO ANDRÉ,DELIVERY,359.8
2025-07-11,2025,7,11,Jul,Julho,2025-07,Jul/2025,Sexta,Sex,5,28,2025-07-07,07/07 - 13/07/2025,TATUAPÉ,CASA,18673.86
2025-07-11,2025,7,11,Jul,Julho,2025-07,Jul/2025,Sexta,Sex,5,28,2025-07-07,07/07 - 13/07/2025,TATUAPÉ,DELIVERY,1589.6
2025-07-11,2025,7,11,Jul,Julho,2025-07,Jul/2025,Sexta,Sex,5,28,2025-07-07,07/07 - 13/07/2025,VILA MADALENA,CASA,12630.1
2025-07-11,2025,7,11,Jul,Julho,2025-07,Jul/2025,Sexta,Sex,5,28,2025-07-07,07/07 - 13/07/2025,VILA MADALENA,DELIVERY,893.8
2025-07-11,2025,7,11,Jul,Julho,2025-07,Jul/2025,Sexta,Sex,5,28,2025-07-07,07/07 - 13/07/2025,VILA MARIANA,CASA,24314.67
2025-07-11,2025,7,11,Jul,Julho,2025-07,Jul/2025,Sexta,Sex,5,28,2025-07-07,07/07 - 13/07/2025,VILA MARIANA,DELIVERY,1575.8
2025-07-12,2025,7,12,Jul,Julho,2025-07,Jul/2025,Sábado,Sáb,6,28,2025-07-07,07/07 - 13/07/2025,CARINAS,CASA,167362.57
2025-07-12,2025,7,12,Jul,Julho,2025-07,Jul/2025,Sábado,Sáb,6,28,2025-07-07,07/07 - 13/07/2025,CARINAS,DELIVERY,577.0
2025-07-12,2025,7,12,Jul,Julho,2025-07,Jul/2025,Sábado,Sáb,6,28,2025-07-07,07/07 - 13/07/2025,CHÁCARA,CASA,35407.13
2025-07-12,2025,7,12,Jul,Julho,2025-07,Jul/2025,Sábado,Sáb,6,28,2025-07-07,07/07 - 13/07/2025,CHÁCARA,DELIVERY,1480.4
2025-07-12,2025,7,12,Jul,Julho,2025-07,Jul/2025,Sábado,Sáb,6,28,2025-07-07,07/07 - 13/07/2025,LAPA,CASA,44452.33
2025-07-12,2025,7,12,Jul,Julho,2025-07,Jul/2025,Sábado,Sáb,6,28,2025-07-07,07/07 - 13/07/2025,LAPA,DELIVERY,2785.2
2025-07-12,2025,7,12,Jul,Julho,2025-07,Jul/2025,Sábado,Sáb,6,28,2025-07-07,07/07 - 13/07/2025,PAVÃO,CASA,23356.72
2025-07-12,2025,7,12,Jul,Julho,2025-07,Jul/2025,Sábado,Sáb,6,28,2025-07-07,07/07 - 13/07/2025,PAVÃO,DELIVERY,1859.83
2025-07-12,2025,7,12,Jul,Julho,2025-07,Jul/2025,Sábado,Sáb,6,28,2025-07-07,07/07 - 13/07/2025,PERDIZES,CASA,40419.74
2025-07-12,2025,7,12,Jul,Julho,2025-07,Jul/2025,Sábado,Sáb,6,28,2025-07-07,07/07 - 13/07/2025,PERDIZES,DELIVERY,2091.0
2025-07-12,2025,7,12,Jul,Julho,2025-07,Jul/2025,Sábado,Sáb,6,28,2025-07-07,07/07 - 13/07/2025,SANTANA,CASA,96575.24
2025-07-12,2025,7,12,Jul,Julho,2025-07,Jul/2025,Sábado,Sáb,6,28,2025-07-07,07/07 - 13/07/2025,SANTANA,DELIVERY,3970.6
2025-07-12,2025,7,12,Jul,Julho,2025-07,Jul/2025,Sábado,Sáb,6,28,2025-07-07,07/07 - 13/07/2025,SANTO ANDRÉ,CASA,130194.75
2025-07-12,2025,7,12,Jul,Julho,2025-07,Jul/2025,Sábado,Sáb,6,28,2025-07-07,07/07 - 13/07/2025,SANTO ANDRÉ,DELIVERY,936.9
2025-07-12,2025,7,12,Jul,Julho,2025-07,Jul/2025,Sábado,Sáb,6,28,2025-07-07,07/07 - 13/07/2025,TATUAPÉ,CASA,120534.84
2025-07-12,2025,7,12,Jul,Julho,2025-07,Jul/2025,Sábado,Sáb,6,28,2025-07-07,07/07 - 13/07/2025,TATUAPÉ,DELIVERY,3453.88
2025-07-12,2025,7,12,Jul,Julho,2025-07,Jul/2025,Sábado,Sáb,6,28,2025-07-07,07/07 - 13/07/2025,VILA MADALENA,CASA,31078.35
2025-07-12,2025,7,12,Jul,Julho,2025-07,Jul/2025,Sábado,Sáb,6,28,2025-07-07,07/07 - 13/07/2025,VILA MADALENA,DELIVERY,1380.7
2025-07-12,2025,7,12,Jul,Julho,2025-07,Jul/2025,Sábado,Sáb,6,28,2025-07-07,07/07 - 13/07/2025,VILA MARIANA,CASA,36682.62
2025-07-12,2025,7,12,Jul,Julho,2025-07,Jul/2025,Sábado,Sáb,6,28,2025-07-07,07/07 - 13/07/2025,VILA MARIANA,DELIVERY,3558.4
2025-07-13,2025,7,13,Jul,Julho,2025-07,Jul/2025,Domingo,Dom,7,28,2025-07-07,07/07 - 13/07/2025,CARINAS,CASA,45753.65
2025-07-13,2025,7,13,Jul,Julho,2025-07,Jul/2025,Domingo,Dom,7,28,2025-07-07,07/07 - 13/07/2025,CARINAS,DELIVERY,4634.3
2025-07-13,2025,7,13,Jul,Julho,2025-07,Jul/2025,Domingo,Dom,7,28,2025-07-07,07/07 - 13/07/2025,CHÁCARA,CASA,12472.48
2025-07-13,2025,7,13,Jul,Julho,2025-07,Jul/2025,Domingo,Dom,7,28,2025-07-07,07/07 - 13/07/2025,CHÁCARA,DELIVERY,2029.2
2025-07-13,2025,7,13,Jul,Julho,2025-07,Jul/2025,Domingo,Dom,7,28,2025-07-07,07/07 - 13/07/2025,LAPA,CASA,22410.76
2025-07-13,2025,7,13,Jul,Julho,2025-07,Jul/2025,Domingo,Dom,7,28,2025-07-07,07/07 - 13/07/2025,LAPA,DELIVERY,2802.0
2025-07-13,2025,7,13,Jul,Julho,2025-07,Jul/2025,Domingo,Dom,7,28,2025-07-07,07/07 - 13/07/2025,PAVÃO,CASA,12076.47
2025-07-13,2025,7,13,Jul,Julho,2025-07,Jul/2025,Domingo,Dom,7,28,2025-07-07,07/07 - 13/07/2025,PAVÃO,DELIVERY,2544.97
2025-07-13,2025,7,13,Jul,Julho,2025-07,Jul/2025,Domingo,Dom,7,28,2025-07-07,07/07 - 13/07/2025,PERDIZES,CASA,35687.51
2025-07-13,2025,7,13,Jul,Julho,2025-07,Jul/2025,Domingo,Dom,7,28,2025-07-07,07/07 - 13/07/2025,PERDIZES,DELIVERY,3912.7
2025-07-13,2025,7,13,Jul,Julho,2025-07,Jul/2025,Domingo,Dom,7,28,2025-07-07,07/07 - 13/07/2025,SANTANA,CASA,35961.68
2025-07-13,2025,7,13,Jul,Julho,2025-07,Jul/2025,Domingo,Dom,7,28,2025-07-07,07/07 - 13/07/2025,SANTANA,DELIVERY,4820.6
2025-07-13,2025,7,13,Jul,Julho,2025-07,Jul/2025,Domingo,Dom,7,28,2025-07-07,07/07 - 13/07/2025,SANTO ANDRÉ,CASA,30455.92
2025-07-13,2025,7,13,Jul,Julho,2025-07,Jul/2025,Domingo,Dom,7,28,2025-07-07,07/07 - 13/07/2025,SANTO ANDRÉ,DELIVERY,1127.0
2025-07-13,2025,7,13,Jul,Julho,2025-07,Jul/2025,Domingo,Dom,7,28,2025-07-07,07/07 - 13/07/2025,TATUAPÉ,CASA,35763.93
2025-07-13,2025,7,13,Jul,Julho,2025-07,Jul/2025,Domingo,Dom,7,28,2025-07-07,07/07 - 13/07/2025,TATUAPÉ,DELIVERY,4729.3
2025-07-13,2025,7,13,Jul,Julho,2025-07,Jul/2025,Domingo,Dom,7,28,2025-07-07,07/07 - 13/07/2025,VILA MADALENA,CASA,9339.48
2025-07-13,2025,7,13,Jul,Julho,2025-07,Jul/2025,Domingo,Dom,7,28,2025-07-07,07/07 - 13/07/2025,VILA MADALENA,DELIVERY,1876.3
2025-07-13,2025,7,13,Jul,Julho,2025-07,Jul/2025,Domingo,Dom,7,28,2025-07-07,07/07 - 13/07/2025,VILA MARIANA,CASA,27355.07
2025-07-13,2025,7,13,Jul,Julho,2025-07,Jul/2025,Domingo,Dom,7,28,2025-07-07,07/07 - 13/07/2025,VILA MARIANA,DELIVERY,3861.0
2025-07-15,2025,7,15,Jul,Julho,2025-07,Jul/2025,Terça,Ter,2,29,2025-07-14,14/07 - 20/07/2025,CARINAS,CASA,62428.5
2025-07-15,2025,7,15,Jul,Julho,2025-07,Jul/2025,Terça,Ter,2,29,2025-07-14,14/07 - 20/07/2025,CARINAS,DELIVERY,1709.4
2025-07-15,2025,7,15,Jul,Julho,2025-07,Jul/2025,Terça,Ter,2,29,2025-07-14,14/07 - 20/07/2025,CHÁCARA,CASA,696.82
2025-07-15,2025,7,15,Jul,Julho,2025-07,Jul/2025,Terça,Ter,2,29,2025-07-14,14/07 - 20/07/2025,CHÁCARA,DELIVERY,785.2
2025-07-15,2025,7,15,Jul,Julho,2025-07,Jul/2025,Terça,Ter,2,29,2025-07-14,14/07 - 20/07/2025,LAPA,CASA,10050.81
2025-07-15,2025,7,15,Jul,Julho,2025-07,Jul/2025,Terça,Ter,2,29,2025-07-14,14/07 - 20/07/2025,LAPA,DELIVERY,1351.0
2025-07-15,2025,7,15,Jul,Julho,2025-07,Jul/2025,Terça,Ter,2,29,2025-07-14,14/07 - 20/07/2025,PAVÃO,CASA,4870.47
2025-07-15,2025,7,15,Jul,Julho,2025-07,Jul/2025,Terça,Ter,2,29,2025-07-14,14/07 - 20/07/2025,PAVÃO,DELIVERY,1207.8
2025-07-15,2025,7,15,Jul,Julho,2025-07,Jul/2025,Terça,Ter,2,29,2025-07-14,14/07 - 20/07/2025,PERDIZES,CASA,6034.07
2025-07-15,2025,7,15,Jul,Julho,2025-07,Jul/2025,Terça,Ter,2,29,2025-07-14,14/07 - 20/07/2025,PERDIZES,DELIVERY,808.1
2025-07-15,2025,7,15,Jul,Julho,2025-07,Jul/2025,Terça,Ter,2,29,2025-07-14,14/07 - 20/07/2025,SANTANA,CASA,19137.79
2025-07-15,2025,7,15,Jul,Julho,2025-07,Jul/2025,Terça,Ter,2,29,2025-07-14,14/07 - 20/07/2025,SANTANA,DELIVERY,1402.5
2025-07-15,2025,7,15,Jul,Julho,2025-07,Jul/2025,Terça,Ter,2,29,2025-07-14,14/07 - 20/07/2025,TATUAPÉ,CASA,41659.24
2025-07-15,2025,7,15,Jul,Julho,2025-07,Jul/2025,Terça,Ter,2,29,2025-07-14,14/07 - 20/07/2025,TATUAPÉ,DELIVERY,273.35
2025-07-15,2025,7,15,Jul,Julho,2025-07,Jul/2025,Terça,Ter,2,29,2025-07-14,14/07 - 20/07/2025,VILA MADALENA,CASA,906.5
2025-07-15,2025,7,15,Jul,Julho,2025-07,Jul/2025,Terça,Ter,2,29,2025-07-14,14/07 - 20/07/2025,VILA MARIANA,CASA,4890.16
2025-07-15,2025,7,15,Jul,Julho,2025-07,Jul/2025,Terça,Ter,2,29,2025-07-14,14/07 - 20/07/2025,VILA MARIANA,DELIVERY,1773.3
2025-07-16,2025,7,16,Jul,Julho,2025-07,Jul/2025,Quarta,Qua,3,29,2025-07-14,14/07 - 20/07/2025,CARINAS,CASA,17668.3
2025-07-16,2025,7,16,Jul,Julho,2025-07,Jul/2025,Quarta,Qua,3,29,2025-07-14,14/07 - 20/07/2025,CARINAS,DELIVERY,595.9
2025-07-16,2025,7,16,Jul,Julho,2025-07,Jul/2025,Quarta,Qua,3,29,2025-07-14,14/07 - 20/07/2025,CHÁCARA,CASA,958.62
2025-07-16,2025,7,16,Jul,Julho,2025-07,Jul/2025,Quarta,Qua,3,29,2025-07-14,14/07 - 20/07/2025,CHÁCARA,DELIVERY,1109.4
2025-07-16,2025,7,16,Jul,Julho,2025-07,Jul/2025,Quarta,Qua,3,29,2025-07-14,14/07 - 20/07/2025,LAPA,CASA,5733.96
2025-07-16,2025,7,16,Jul,Julho,2025-07,Jul/2025,Quarta,Qua,3,29,2025-07-14,14/07 - 20/07/2025,LAPA,DELIVERY,865.6
2025-07-16,2025,7,16,Jul,Julho,2025-07,Jul/2025,Quarta,Qua,3,29,2025-07-14,14/07 - 20/07/2025,PAVÃO,CASA,4865.64
2025-07-16,2025,7,16,Jul,Julho,2025-07,Jul/2025,Quarta,Qua,3,29,2025-07-14,14/07 - 20/07/2025,PAVÃO,DELIVERY,1079.37
2025-07-16,2025,7,16,Jul,Julho,2025-07,Jul/2025,Quarta,Qua,3,29,2025-07-14,14/07 - 20/07/2025,PERDIZES,CASA,4897.15
2025-07-16,2025,7,16,Jul,Julho,2025-07,Jul/2025,Quarta,Qua,3,29,2025-07-14,14/07 - 20/07/2025,PERDIZES,DELIVERY,1079.7
2025-07-16,2025,7,16,Jul,Julho,2025-07,Jul/2025,Quarta,Qua,3,29,2025-07-14,14/07 - 20/07/2025,SANTANA,CASA,16939.27
2025-07-16,2025,7,16,Jul,Julho,2025-07,Jul/2025,Quarta,Qua,3,29,2025-07-14,14/07 - 20/07/2025,SANTANA,DELIVERY,1225.8
2025-07-16,2025,7,16,Jul,Julho,2025-07,Jul/2025,Quarta,Qua,3,29,2025-07-14,14/07 - 20/07/2025,SANTO ANDRÉ,CASA,15822.55
2025-07-16,2025,7,16,Jul,Julho,2025-07,Jul/2025,Quarta,Qua,3,29,2025-07-14,14/07 - 20/07/2025,SANTO ANDRÉ,DELIVERY,163.9
2025-07-16,2025,7,16,Jul,Julho,2025-07,Jul/2025,Quarta,Qua,3,29,2025-07-14,14/07 - 20/07/2025,TATUAPÉ,CASA,5369.06
2025-07-16,2025,7,16,Jul,Julho,2025-07,Jul/2025,Quarta,Qua,3,29,2025-07-14,14/07 - 20/07/2025,TATUAPÉ,DELIVERY,1042.46
2025-07-16,2025,7,16,Jul,Julho,2025-07,Jul/2025,Quarta,Qua,3,29,2025-07-14,14/07 - 20/07/2025,VILA MADALENA,CASA,45216.64
2025-07-16,2025,7,16,Jul,Julho,2025-07,Jul/2025,Quarta,Qua,3,29,2025-07-14,14/07 - 20/07/2025,VILA MADALENA,DELIVERY,1832.4
2025-07-16,2025,7,16,Jul,Julho,2025-07,Jul/2025,Quarta,Qua,3,29,2025-07-14,14/07 - 20/07/2025,VILA MARIANA,CASA,13151.23
2025-07-16,2025,7,16,Jul,Julho,2025-07,Jul/2025,Quarta,Qua,3,29,2025-07-14,14/07 - 20/07/2025,VILA MARIANA,DELIVERY,1799.6
2025-07-17,2025,7,17,Jul,Julho,2025-07,Jul/2025,Quinta,Qui,4,29,2025-07-14,14/07 - 20/07/2025,CARINAS,CASA,7210.9
2025-07-17,2025,7,17,Jul,Julho,2025-07,Jul/2025,Quinta,Qui,4,29,2025-07-14,14/07 - 20/07/2025,CARINAS,DELIVERY,1301.3
2025-07-17,2025,7,17,Jul,Julho,2025-07,Jul/2025,Quinta,Qui,4,29,2025-07-14,14/07 - 20/07/2025,CHÁCARA,CASA,15821.45
2025-07-17,2025,7,17,Jul,Julho,2025-07,Jul/2025,Quinta,Qui,4,29,2025-07-14,14/07 - 20/07/2025,CHÁCARA,DELIVERY,1322.1
2025-07-17,2025,7,17,Jul,Julho,2025-07,Jul/2025,Quinta,Qui,4,29,2025-07-14,14/07 - 20/07/2025,LAPA,CASA,11110.95
2025-07-17,2025,7,17,Jul,Julho,2025-07,Jul/2025,Quinta,Qui,4,29,2025-07-14,14/07 - 20/07/2025,LAPA,DELIVERY,1058.5
2025-07-17,2025,7,17,Jul,Julho,2025-07,Jul/2025,Quinta,Qui,4,29,2025-07-14,14/07 - 20/07/2025,PAVÃO,CASA,6885.13
2025-07-17,2025,7,17,Jul,Julho,2025-07,Jul/2025,Quinta,Qui,4,29,2025-07-14,14/07 - 20/07/2025,PAVÃO,DELIVERY,1522.74
2025-07-17,2025,7,17,Jul,Julho,2025-07,Jul/2025,Quinta,Qui,4,29,2025-07-14,14/07 - 20/07/2025,PERDIZES,CASA,31286.51
2025-07-17,2025,7,17,Jul,Julho,2025-07,Jul/2025,Quinta,Qui,4,29,2025-07-14,14/07 - 20/07/2025,PERDIZES,DELIVERY,468.7
2025-07-17,2025,7,17,Jul,Julho,2025-07,Jul/2025,Quinta,Qui,4,29,2025-07-14,14/07 - 20/07/2025,SANTANA,CASA,5092.66
2025-07-17,2025,7,17,Jul,Julho,2025-07,Jul/2025,Quinta,Qui,4,29,2025-07-14,14/07 - 20/07/2025,SANTANA,DELIVERY,478.4
2025-07-17,2025,7,17,Jul,Julho,2025-07,Jul/2025,Quinta,Qui,4,29,2025-07-14,14/07 - 20/07/2025,SANTO ANDRÉ,CASA,45257.69
2025-07-17,2025,7,17,Jul,Julho,2025-07,Jul/2025,Quinta,Qui,4,29,2025-07-14,14/07 - 20/07/2025,SANTO ANDRÉ,DELIVERY,489.6
2025-07-17,2025,7,17,Jul,Julho,2025-07,Jul/2025,Quinta,Qui,4,29,2025-07-14,14/07 - 20/07/2025,TATUAPÉ,CASA,9175.28
2025-07-17,2025,7,17,Jul,Julho,2025-07,Jul/2025,Quinta,Qui,4,29,2025-07-14,14/07 - 20/07/2025,TATUAPÉ,DELIVERY,1157.49
2025-07-17,2025,7,17,Jul,Julho,2025-07,Jul/2025,Quinta,Qui,4,29,2025-07-14,14/07 - 20/07/2025,VILA MADALENA,CASA,31757.46
2025-07-17,2025,7,17,Jul,Julho,2025-07,Jul/2025,Quinta,Qui,4,29,2025-07-14,14/07 - 20/07/2025,VILA MADALENA,DELIVERY,963.5
2025-07-17,2025,7,17,Jul,Julho,2025-07,Jul/2025,Quinta,Qui,4,29,2025-07-14,14/07 - 20/07/2025,VILA MARIANA,CASA,20869.55
2025-07-17,2025,7,17,Jul,Julho,2025-07,Jul/2025,Quinta,Qui,4,29,2025-07-14,14/07 - 20/07/2025,VILA MARIANA,DELIVERY,1136.4
2025-07-18,2025,7,18,Jul,Julho,2025-07,Jul/2025,Sexta,Sex,5,29,2025-07-14,14/07 - 20/07/2025,CARINAS,CASA,23353.46
2025-07-18,2025,7,18,Jul,Julho,2025-07,Jul/2025,Sexta,Sex,5,29,2025-07-14,14/07 - 20/07/2025,CARINAS,DELIVERY,570.2
2025-07-18,2025,7,18,Jul,Julho,2025-07,Jul/2025,Sexta,Sex,5,29,2025-07-14,14/07 - 20/07/2025,CHÁCARA,CASA,5893.09
2025-07-18,2025,7,18,Jul,Julho,2025-07,Jul/2025,Sexta,Sex,5,29,2025-07-14,14/07 - 20/07/2025,CHÁCARA,DELIVERY,1231.0
2025-07-18,2025,7,18,Jul,Julho,2025-07,Jul/2025,Sexta,Sex,5,29,2025-07-14,14/07 - 20/07/2025,LAPA,CASA,13964.2
2025-07-18,2025,7,18,Jul,Julho,2025-07,Jul/2025,Sexta,Sex,5,29,2025-07-14,14/07 - 20/07/2025,LAPA,DELIVERY,1888.9
2025-07-18,2025,7,18,Jul,Julho,2025-07,Jul/2025,Sexta,Sex,5,29,2025-07-14,14/07 - 20/07/2025,PAVÃO,CASA,12917.46
2025-07-18,2025,7,18,Jul,Julho,2025-07,Jul/2025,Sexta,Sex,5,29,2025-07-14,14/07 - 20/07/2025,PAVÃO,DELIVERY,1114.96
2025-07-18,2025,7,18,Jul,Julho,2025-07,Jul/2025,Sexta,Sex,5,29,2025-07-14,14/07 - 20/07/2025,PERDIZES,CASA,10985.72
2025-07-18,2025,7,18,Jul,Julho,2025-07,Jul/2025,Sexta,Sex,5,29,2025-07-14,14/07 - 20/07/2025,PERDIZES,DELIVERY,730.4
2025-07-18,2025,7,18,Jul,Julho,2025-07,Jul/2025,Sexta,Sex,5,29,2025-07-14,14/07 - 20/07/2025,SANTANA,CASA,47916.24
2025-07-18,2025,7,18,Jul,Julho,2025-07,Jul/2025,Sexta,Sex,5,29,2025-07-14,14/07 - 20/07/2025,SANTANA,DELIVERY,2634.2
2025-07-18,2025,7,18,Jul,Julho,2025-07,Jul/2025,Sexta,Sex,5,29,2025-07-14,14/07 - 20/07/2025,SANTO ANDRÉ,CASA,80459.54
2025-07-18,2025,7,18,Jul,Julho,2025-07,Jul/2025,Sexta,Sex,5,29,2025-07-14,14/07 - 20/07/2025,SANTO ANDRÉ,DELIVERY,778.1
2025-07-18,2025,7,18,Jul,Julho,2025-07,Jul/2025,Sexta,Sex,5,29,2025-07-14,14/07 - 20/07/2025,TATUAPÉ,CASA,25209.23
2025-07-18,2025,7,18,Jul,Julho,2025-07,Jul/2025,Sexta,Sex,5,29,2025-07-14,14/07 - 20/07/2025,TATUAPÉ,DELIVERY,1626.91
2025-07-18,2025,7,18,Jul,Julho,2025-07,Jul/2025,Sexta,Sex,5,29,2025-07-14,14/07 - 20/07/2025,VILA MADALENA,CASA,13183.48
2025-07-18,2025,7,18,Jul,Julho,2025-07,Jul/2025,Sexta,Sex,5,29,2025-07-14,14/07 - 20/07/2025,VILA MADALENA,DELIVERY,866.8
2025-07-18,2025,7,18,Jul,Julho,2025-07,Jul/2025,Sexta,Sex,5,29,2025-07-14,14/07 - 20/07/2025,VILA MARIANA,CASA,32125.69
2025-07-18,2025,7,18,Jul,Julho,2025-07,Jul/2025,Sexta,Sex,5,29,2025-07-14,14/07 - 20/07/2025,VILA MARIANA,DELIVERY,2106.4
2025-07-19,2025,7,19,Jul,Julho,2025-07,Jul/2025,Sábado,Sáb,6,29,2025-07-14,14/07 - 20/07/2025,CARINAS,CASA,191747.38
2025-07-19,2025,7,19,Jul,Julho,2025-07,Jul/2025,Sábado,Sáb,6,29,2025-07-14,14/07 - 20/07/2025,CARINAS,DELIVERY,2670.9
2025-07-19,2025,7,19,Jul,Julho,2025-07,Jul/2025,Sábado,Sáb,6,29,2025-07-14,14/07 - 20/07/2025,CHÁCARA,CASA,13089.26
2025-07-19,2025,7,19,Jul,Julho,2025-07,Jul/2025,Sábado,Sáb,6,29,2025-07-14,14/07 - 20/07/2025,CHÁCARA,DELIVERY,2355.9
2025-07-19,2025,7,19,Jul,Julho,2025-07,Jul/2025,Sábado,Sáb,6,29,2025-07-14,14/07 - 20/07/2025,LAPA,CASA,43602.25
2025-07-19,2025,7,19,Jul,Julho,2025-07,Jul/2025,Sábado,Sáb,6,29,2025-07-14,14/07 - 20/07/2025,LAPA,DELIVERY,2905.9
2025-07-19,2025,7,19,Jul,Julho,2025-07,Jul/2025,Sábado,Sáb,6,29,2025-07-14,14/07 - 20/07/2025,PAVÃO,CASA,37057.71
2025-07-19,2025,7,19,Jul,Julho,2025-07,Jul/2025,Sábado,Sáb,6,29,2025-07-14,14/07 - 20/07/2025,PAVÃO,DELIVERY,2915.05
2025-07-19,2025,7,19,Jul,Julho,2025-07,Jul/2025,Sábado,Sáb,6,29,2025-07-14,14/07 - 20/07/2025,PERDIZES,CASA,52441.49
2025-07-19,2025,7,19,Jul,Julho,2025-07,Jul/2025,Sábado,Sáb,6,29,2025-07-14,14/07 - 20/07/2025,PERDIZES,DELIVERY,1248.8
2025-07-19,2025,7,19,Jul,Julho,2025-07,Jul/2025,Sábado,Sáb,6,29,2025-07-14,14/07 - 20/07/2025,SANTANA,CASA,133953.05
2025-07-19,2025,7,19,Jul,Julho,2025-07,Jul/2025,Sábado,Sáb,6,29,2025-07-14,14/07 - 20/07/2025,SANTANA,DELIVERY,4412.6
2025-07-19,2025,7,19,Jul,Julho,2025-07,Jul/2025,Sábado,Sáb,6,29,2025-07-14,14/07 - 20/07/2025,SANTO ANDRÉ,CASA,121703.46
2025-07-19,2025,7,19,Jul,Julho,2025-07,Jul/2025,Sábado,Sáb,6,29,2025-07-14,14/07 - 20/07/2025,SANTO ANDRÉ,DELIVERY,1235.6
2025-07-19,2025,7,19,Jul,Julho,2025-07,Jul/2025,Sábado,Sáb,6,29,2025-07-14,14/07 - 20/07/2025,TATUAPÉ,CASA,158775.28
2025-07-19,2025,7,19,Jul,Julho,2025-07,Jul/2025,Sábado,Sáb,6,29,2025-07-14,14/07 - 20/07/2025,TATUAPÉ,DELIVERY,3878.49
2025-07-19,2025,7,19,Jul,Julho,2025-07,Jul/2025,Sábado,Sáb,6,29,2025-07-14,14/07 - 20/07/2025,VILA MADALENA,CASA,38801.03
2025-07-19,2025,7,19,Jul,Julho,2025-07,Jul/2025,Sábado,Sáb,6,29,2025-07-14,14/07 - 20/07/2025,VILA MADALENA,DELIVERY,1714.4
2025-07-19,2025,7,19,Jul,Julho,2025-07,Jul/2025,Sábado,Sáb,6,29,2025-07-14,14/07 - 20/07/2025,VILA MARIANA,CASA,53383.6
2025-07-19,2025,7,19,Jul,Julho,2025-07,Jul/2025,Sábado,Sáb,6,29,2025-07-14,14/07 - 20/07/2025,VILA MARIANA,DELIVERY,2561.0
2025-07-20,2025,7,20,Jul,Julho,2025-07,Jul/2025,Domingo,Dom,7,29,2025-07-14,14/07 - 20/07/2025,CARINAS,CASA,98194.03
2025-07-20,2025,7,20,Jul,Julho,2025-07,Jul/2025,Domingo,Dom,7,29,2025-07-14,14/07 - 20/07/2025,CARINAS,DELIVERY,2457.3
2025-07-20,2025,7,20,Jul,Julho,2025-07,Jul/2025,Domingo,Dom,7,29,2025-07-14,14/07 - 20/07/2025,CHÁCARA,CASA,6750.36
2025-07-20,2025,7,20,Jul,Julho,2025-07,Jul/2025,Domingo,Dom,7,29,2025-07-14,14/07 - 20/07/2025,CHÁCARA,DELIVERY,2129.3
2025-07-20,2025,7,20,Jul,Julho,2025-07,Jul/2025,Domingo,Dom,7,29,2025-07-14,14/07 - 20/07/2025,LAPA,CASA,21493.01
2025-07-20,2025,7,20,Jul,Julho,2025-07,Jul/2025,Domingo,Dom,7,29,2025-07-14,14/07 - 20/07/2025,LAPA,DELIVERY,2124.1
2025-07-20,2025,7,20,Jul,Julho,2025-07,Jul/2025,Domingo,Dom,7,29,2025-07-14,14/07 - 20/07/2025,PAVÃO,CASA,12954.8
2025-07-20,2025,7,20,Jul,Julho,2025-07,Jul/2025,Domingo,Dom,7,29,2025-07-14,14/07 - 20/07/2025,PAVÃO,DELIVERY,2409.17
2025-07-20,2025,7,20,Jul,Julho,2025-07,Jul/2025,Domingo,Dom,7,29,2025-07-14,14/07 - 20/07/2025,PERDIZES,CASA,11302.35
2025-07-20,2025,7,20,Jul,Julho,2025-07,Jul/2025,Domingo,Dom,7,29,2025-07-14,14/07 - 20/07/2025,PERDIZES,DELIVERY,2690.0
2025-07-20,2025,7,20,Jul,Julho,2025-07,Jul/2025,Domingo,Dom,7,29,2025-07-14,14/07 - 20/07/2025,SANTANA,CASA,46443.53
2025-07-20,2025,7,20,Jul,Julho,2025-07,Jul/2025,Domingo,Dom,7,29,2025-07-14,14/07 - 20/07/2025,SANTANA,DELIVERY,4297.0
2025-07-20,2025,7,20,Jul,Julho,2025-07,Jul/2025,Domingo,Dom,7,29,2025-07-14,14/07 - 20/07/2025,SANTO ANDRÉ,CASA,54248.4
2025-07-20,2025,7,20,Jul,Julho,2025-07,Jul/2025,Domingo,Dom,7,29,2025-07-14,14/07 - 20/07/2025,SANTO ANDRÉ,DELIVERY,1750.6
2025-07-20,2025,7,20,Jul,Julho,2025-07,Jul/2025,Domingo,Dom,7,29,2025-07-14,14/07 - 20/07/2025,TATUAPÉ,CASA,90445.97
2025-07-20,2025,7,20,Jul,Julho,2025-07,Jul/2025,Domingo,Dom,7,29,2025-07-14,14/07 - 20/07/2025,TATUAPÉ,DELIVERY,2738.69
2025-07-20,2025,7,20,Jul,Julho,2025-07,Jul/2025,Domingo,Dom,7,29,2025-07-14,14/07 - 20/07/2025,VILA MADALENA,CASA,14088.0
2025-07-20,2025,7,20,Jul,Julho,2025-07,Jul/2025,Domingo,Dom,7,29,2025-07-14,14/07 - 20/07/2025,VILA MADALENA,DELIVERY,2155.4
2025-07-20,2025,7,20,Jul,Julho,2025-07,Jul/2025,Domingo,Dom,7,29,2025-07-14,14/07 - 20/07/2025,VILA MARIANA,CASA,34164.93
2025-07-20,2025,7,20,Jul,Julho,2025-07,Jul/2025,Domingo,Dom,7,29,2025-07-14,14/07 - 20/07/2025,VILA MARIANA,DELIVERY,4778.0
2025-07-22,2025,7,22,Jul,Julho,2025-07,Jul/2025,Terça,Ter,2,30,2025-07-21,21/07 - 27/07/2025,CARINAS,CASA,124441.74
2025-07-22,2025,7,22,Jul,Julho,2025-07,Jul/2025,Terça,Ter,2,30,2025-07-21,21/07 - 27/07/2025,CARINAS,DELIVERY,1171.4
2025-07-22,2025,7,22,Jul,Julho,2025-07,Jul/2025,Terça,Ter,2,30,2025-07-21,21/07 - 27/07/2025,CHÁCARA,CASA,2280.68
2025-07-22,2025,7,22,Jul,Julho,2025-07,Jul/2025,Terça,Ter,2,30,2025-07-21,21/07 - 27/07/2025,CHÁCARA,DELIVERY,697.5
2025-07-22,2025,7,22,Jul,Julho,2025-07,Jul/2025,Terça,Ter,2,30,2025-07-21,21/07 - 27/07/2025,LAPA,CASA,12409.33
2025-07-22,2025,7,22,Jul,Julho,2025-07,Jul/2025,Terça,Ter,2,30,2025-07-21,21/07 - 27/07/2025,LAPA,DELIVERY,848.5
2025-07-22,2025,7,22,Jul,Julho,2025-07,Jul/2025,Terça,Ter,2,30,2025-07-21,21/07 - 27/07/2025,PAVÃO,CASA,3109.12
2025-07-22,2025,7,22,Jul,Julho,2025-07,Jul/2025,Terça,Ter,2,30,2025-07-21,21/07 - 27/07/2025,PAVÃO,DELIVERY,1368.28
2025-07-22,2025,7,22,Jul,Julho,2025-07,Jul/2025,Terça,Ter,2,30,2025-07-21,21/07 - 27/07/2025,PERDIZES,CASA,9172.18
2025-07-22,2025,7,22,Jul,Julho,2025-07,Jul/2025,Terça,Ter,2,30,2025-07-21,21/07 - 27/07/2025,PERDIZES,DELIVERY,1218.8
2025-07-22,2025,7,22,Jul,Julho,2025-07,Jul/2025,Terça,Ter,2,30,2025-07-21,21/07 - 27/07/2025,SANTANA,CASA,27210.2
2025-07-22,2025,7,22,Jul,Julho,2025-07,Jul/2025,Terça,Ter,2,30,2025-07-21,21/07 - 27/07/2025,SANTANA,DELIVERY,618.6
2025-07-22,2025,7,22,Jul,Julho,2025-07,Jul/2025,Terça,Ter,2,30,2025-07-21,21/07 - 27/07/2025,TATUAPÉ,CASA,23453.61
2025-07-22,2025,7,22,Jul,Julho,2025-07,Jul/2025,Terça,Ter,2,30,2025-07-21,21/07 - 27/07/2025,TATUAPÉ,DELIVERY,2234.86
2025-07-22,2025,7,22,Jul,Julho,2025-07,Jul/2025,Terça,Ter,2,30,2025-07-21,21/07 - 27/07/2025,VILA MADALENA,CASA,10914.65
2025-07-22,2025,7,22,Jul,Julho,2025-07,Jul/2025,Terça,Ter,2,30,2025-07-21,21/07 - 27/07/2025,VILA MADALENA,DELIVERY,1031.0
2025-07-22,2025,7,22,Jul,Julho,2025-07,Jul/2025,Terça,Ter,2,30,2025-07-21,21/07 - 27/07/2025,VILA MARIANA,CASA,9728.95
2025-07-22,2025,7,22,Jul,Julho,2025-07,Jul/2025,Terça,Ter,2,30,2025-07-21,21/07 - 27/07/2025,VILA MARIANA,DELIVERY,1528.5
2025-07-23,2025,7,23,Jul,Julho,2025-07,Jul/2025,Quarta,Qua,3,30,2025-07-21,21/07 - 27/07/2025,CARINAS,CASA,31188.89
2025-07-23,2025,7,23,Jul,Julho,2025-07,Jul/2025,Quarta,Qua,3,30,2025-07-21,21/07 - 27/07/2025,CARINAS,DELIVERY,1216.0
2025-07-23,2025,7,23,Jul,Julho,2025-07,Jul/2025,Quarta,Qua,3,30,2025-07-21,21/07 - 27/07/2025,CHÁCARA,CASA,435.68
2025-07-23,2025,7,23,Jul,Julho,2025-07,Jul/2025,Quarta,Qua,3,30,2025-07-21,21/07 - 27/07/2025,CHÁCARA,DELIVERY,1094.7
2025-07-23,2025,7,23,Jul,Julho,2025-07,Jul/2025,Quarta,Qua,3,30,2025-07-21,21/07 - 27/07/2025,LAPA,CASA,5444.44
2025-07-23,2025,7,23,Jul,Julho,2025-07,Jul/2025,Quarta,Qua,3,30,2025-07-21,21/07 - 27/07/2025,LAPA,DELIVERY,1743.6
2025-07-23,2025,7,23,Jul,Julho,2025-07,Jul/2025,Quarta,Qua,3,30,2025-07-21,21/07 - 27/07/2025,PAVÃO,CASA,3880.17
2025-07-23,2025,7,23,Jul,Julho,2025-07,Jul/2025,Quarta,Qua,3,30,2025-07-21,21/07 - 27/07/2025,PAVÃO,DELIVERY,1115.97
2025-07-23,2025,7,23,Jul,Julho,2025-07,Jul/2025,Quarta,Qua,3,30,2025-07-21,21/07 - 27/07/2025,PERDIZES,CASA,6840.98
2025-07-23,2025,7,23,Jul,Julho,2025-07,Jul/2025,Quarta,Qua,3,30,2025-07-21,21/07 - 27/07/2025,PERDIZES,DELIVERY,1470.1
2025-07-23,2025,7,23,Jul,Julho,2025-07,Jul/2025,Quarta,Qua,3,30,2025-07-21,21/07 - 27/07/2025,SANTANA,CASA,22371.03
2025-07-23,2025,7,23,Jul,Julho,2025-07,Jul/2025,Quarta,Qua,3,30,2025-07-21,21/07 - 27/07/2025,SANTANA,DELIVERY,1509.3
2025-07-23,2025,7,23,Jul,Julho,2025-07,Jul/2025,Quarta,Qua,3,30,2025-07-21,21/07 - 27/07/2025,SANTO ANDRÉ,CASA,12889.63
2025-07-23,2025,7,23,Jul,Julho,2025-07,Jul/2025,Quarta,Qua,3,30,2025-07-21,21/07 - 27/07/2025,SANTO ANDRÉ,DELIVERY,801.8
2025-07-23,2025,7,23,Jul,Julho,2025-07,Jul/2025,Quarta,Qua,3,30,2025-07-21,21/07 - 27/07/2025,TATUAPÉ,CASA,3212.63
2025-07-23,2025,7,23,Jul,Julho,2025-07,Jul/2025,Quarta,Qua,3,30,2025-07-21,21/07 - 27/07/2025,TATUAPÉ,DELIVERY,1479.43
2025-07-23,2025,7,23,Jul,Julho,2025-07,Jul/2025,Quarta,Qua,3,30,2025-07-21,21/07 - 27/07/2025,VILA MADALENA,CASA,1592.22
2025-07-23,2025,7,23,Jul,Julho,2025-07,Jul/2025,Quarta,Qua,3,30,2025-07-21,21/07 - 27/07/2025,VILA MADALENA,DELIVERY,1030.7
2025-07-23,2025,7,23,Jul,Julho,2025-07,Jul/2025,Quarta,Qua,3,30,2025-07-21,21/07 - 27/07/2025,VILA MARIANA,CASA,28679.91
2025-07-23,2025,7,23,Jul,Julho,2025-07,Jul/2025,Quarta,Qua,3,30,2025-07-21,21/07 - 27/07/2025,VILA MARIANA,DELIVERY,2555.7
2025-07-24,2025,7,24,Jul,Julho,2025-07,Jul/2025,Quinta,Qui,4,30,2025-07-21,21/07 - 27/07/2025,CARINAS,CASA,21734.51
2025-07-24,2025,7,24,Jul,Julho,2025-07,Jul/2025,Quinta,Qui,4,30,2025-07-21,21/07 - 27/07/2025,CARINAS,DELIVERY,830.4
2025-07-24,2025,7,24,Jul,Julho,2025-07,Jul/2025,Quinta,Qui,4,30,2025-07-21,21/07 - 27/07/2025,CHÁCARA,CASA,51533.04
2025-07-24,2025,7,24,Jul,Julho,2025-07,Jul/2025,Quinta,Qui,4,30,2025-07-21,21/07 - 27/07/2025,CHÁCARA,DELIVERY,1028.1
2025-07-24,2025,7,24,Jul,Julho,2025-07,Jul/2025,Quinta,Qui,4,30,2025-07-21,21/07 - 27/07/2025,LAPA,CASA,6894.91
2025-07-24,2025,7,24,Jul,Julho,2025-07,Jul/2025,Quinta,Qui,4,30,2025-07-21,21/07 - 27/07/2025,LAPA,DELIVERY,1068.4
2025-07-24,2025,7,24,Jul,Julho,2025-07,Jul/2025,Quinta,Qui,4,30,2025-07-21,21/07 - 27/07/2025,PAVÃO,CASA,8993.81
2025-07-24,2025,7,24,Jul,Julho,2025-07,Jul/2025,Quinta,Qui,4,30,2025-07-21,21/07 - 27/07/2025,PAVÃO,DELIVERY,1406.37
2025-07-24,2025,7,24,Jul,Julho,2025-07,Jul/2025,Quinta,Qui,4,30,2025-07-21,21/07 - 27/07/2025,PERDIZES,CASA,25311.3
2025-07-24,2025,7,24,Jul,Julho,2025-07,Jul/2025,Quinta,Qui,4,30,2025-07-21,21/07 - 27/07/2025,SANTANA,CASA,11548.37
2025-07-24,2025,7,24,Jul,Julho,2025-07,Jul/2025,Quinta,Qui,4,30,2025-07-21,21/07 - 27/07/2025,SANTANA,DELIVERY,1299.1
2025-07-24,2025,7,24,Jul,Julho,2025-07,Jul/2025,Quinta,Qui,4,30,2025-07-21,21/07 - 27/07/2025,SANTO ANDRÉ,CASA,10745.41
2025-07-24,2025,7,24,Jul,Julho,2025-07,Jul/2025,Quinta,Qui,4,30,2025-07-21,21/07 - 27/07/2025,SANTO ANDRÉ,DELIVERY,725.9
2025-07-24,2025,7,24,Jul,Julho,2025-07,Jul/2025,Quinta,Qui,4,30,2025-07-21,21/07 - 27/07/2025,TATUAPÉ,CASA,729.66
2025-07-24,2025,7,24,Jul,Julho,2025-07,Jul/2025,Quinta,Qui,4,30,2025-07-21,21/07 - 27/07/2025,TATUAPÉ,DELIVERY,1110.87
2025-07-24,2025,7,24,Jul,Julho,2025-07,Jul/2025,Quinta,Qui,4,30,2025-07-21,21/07 - 27/07/2025,VILA MADALENA,CASA,23939.23
2025-07-24,2025,7,24,Jul,Julho,2025-07,Jul/2025,Quinta,Qui,4,30,2025-07-21,21/07 - 27/07/2025,VILA MADALENA,DELIVERY,1165.0
2025-07-24,2025,7,24,Jul,Julho,2025-07,Jul/2025,Quinta,Qui,4,30,2025-07-21,21/07 - 27/07/2025,VILA MARIANA,CASA,14270.76
2025-07-24,2025,7,24,Jul,Julho,2025-07,Jul/2025,Quinta,Qui,4,30,2025-07-21,21/07 - 27/07/2025,VILA MARIANA,DELIVERY,2268.7
2025-07-25,2025,7,25,Jul,Julho,2025-07,Jul/2025,Sexta,Sex,5,30,2025-07-21,21/07 - 27/07/2025,CARINAS,CASA,70005.06
2025-07-25,2025,7,25,Jul,Julho,2025-07,Jul/2025,Sexta,Sex,5,30,2025-07-21,21/07 - 27/07/2025,CARINAS,DELIVERY,1382.25
2025-07-25,2025,7,25,Jul,Julho,2025-07,Jul/2025,Sexta,Sex,5,30,2025-07-21,21/07 - 27/07/2025,CHÁCARA,CASA,13912.27
2025-07-25,2025,7,25,Jul,Julho,2025-07,Jul/2025,Sexta,Sex,5,30,2025-07-21,21/07 - 27/07/2025,LAPA,CASA,13273.1
2025-07-25,2025,7,25,Jul,Julho,2025-07,Jul/2025,Sexta,Sex,5,30,2025-07-21,21/07 - 27/07/2025,LAPA,DELIVERY,2057.49
2025-07-25,2025,7,25,Jul,Julho,2025-07,Jul/2025,Sexta,Sex,5,30,2025-07-21,21/07 - 27/07/2025,PAVÃO,CASA,54263.8
2025-07-25,2025,7,25,Jul,Julho,2025-07,Jul/2025,Sexta,Sex,5,30,2025-07-21,21/07 - 27/07/2025,PAVÃO,DELIVERY,1341.55
2025-07-25,2025,7,25,Jul,Julho,2025-07,Jul/2025,Sexta,Sex,5,30,2025-07-21,21/07 - 27/07/2025,PERDIZES,CASA,10218.72
2025-07-25,2025,7,25,Jul,Julho,2025-07,Jul/2025,Sexta,Sex,5,30,2025-07-21,21/07 - 27/07/2025,PERDIZES,DELIVERY,2478.7
2025-07-25,2025,7,25,Jul,Julho,2025-07,Jul/2025,Sexta,Sex,5,30,2025-07-21,21/07 - 27/07/2025,SANTANA,CASA,34819.96
2025-07-25,2025,7,25,Jul,Julho,2025-07,Jul/2025,Sexta,Sex,5,30,2025-07-21,21/07 - 27/07/2025,SANTANA,DELIVERY,2237.48
2025-07-25,2025,7,25,Jul,Julho,2025-07,Jul/2025,Sexta,Sex,5,30,2025-07-21,21/07 - 27/07/2025,SANTO ANDRÉ,CASA,100949.55
2025-07-25,2025,7,25,Jul,Julho,2025-07,Jul/2025,Sexta,Sex,5,30,2025-07-21,21/07 - 27/07/2025,SANTO ANDRÉ,DELIVERY,619.1
2025-07-25,2025,7,25,Jul,Julho,2025-07,Jul/2025,Sexta,Sex,5,30,2025-07-21,21/07 - 27/07/2025,TATUAPÉ,CASA,20502.81
2025-07-25,2025,7,25,Jul,Julho,2025-07,Jul/2025,Sexta,Sex,5,30,2025-07-21,21/07 - 27/07/2025,TATUAPÉ,DELIVERY,104.08
2025-07-25,2025,7,25,Jul,Julho,2025-07,Jul/2025,Sexta,Sex,5,30,2025-07-21,21/07 - 27/07/2025,VILA MADALENA,CASA,9122.96
2025-07-25,2025,7,25,Jul,Julho,2025-07,Jul/2025,Sexta,Sex,5,30,2025-07-21,21/07 - 27/07/2025,VILA MADALENA,DELIVERY,1608.09
2025-07-25,2025,7,25,Jul,Julho,2025-07,Jul/2025,Sexta,Sex,5,30,2025-07-21,21/07 - 27/07/2025,VILA MARIANA,CASA,46336.3
2025-07-25,2025,7,25,Jul,Julho,2025-07,Jul/2025,Sexta,Sex,5,30,2025-07-21,21/07 - 27/07/2025,VILA MARIANA,DELIVERY,1707.8
2025-07-26,2025,7,26,Jul,Julho,2025-07,Jul/2025,Sábado,Sáb,6,30,2025-07-21,21/07 - 27/07/2025,CARINAS,CASA,195513.45
2025-07-26,2025,7,26,Jul,Julho,2025-07,Jul/2025,Sábado,Sáb,6,30,2025-07-21,21/07 - 27/07/2025,CARINAS,DELIVERY,1587.7
2025-07-26,2025,7,26,Jul,Julho,2025-07,Jul/2025,Sábado,Sáb,6,30,2025-07-21,21/07 - 27/07/2025,CHÁCARA,CASA,24211.37
2025-07-26,2025,7,26,Jul,Julho,2025-07,Jul/2025,Sábado,Sáb,6,30,2025-07-21,21/07 - 27/07/2025,CHÁCARA,DELIVERY,3467.3
2025-07-26,2025,7,26,Jul,Julho,2025-07,Jul/2025,Sábado,Sáb,6,30,2025-07-21,21/07 - 27/07/2025,LAPA,CASA,32199.59
2025-07-26,2025,7,26,Jul,Julho,2025-07,Jul/2025,Sábado,Sáb,6,30,2025-07-21,21/07 - 27/07/2025,LAPA,DELIVERY,3329.7
2025-07-26,2025,7,26,Jul,Julho,2025-07,Jul/2025,Sábado,Sáb,6,30,2025-07-21,21/07 - 27/07/2025,PAVÃO,CASA,20366.31
2025-07-26,2025,7,26,Jul,Julho,2025-07,Jul/2025,Sábado,Sáb,6,30,2025-07-21,21/07 - 27/07/2025,PAVÃO,DELIVERY,3736.49
2025-07-26,2025,7,26,Jul,Julho,2025-07,Jul/2025,Sábado,Sáb,6,30,2025-07-21,21/07 - 27/07/2025,PERDIZES,CASA,50443.73
2025-07-26,2025,7,26,Jul,Julho,2025-07,Jul/2025,Sábado,Sáb,6,30,2025-07-21,21/07 - 27/07/2025,SANTANA,CASA,123983.83
2025-07-26,2025,7,26,Jul,Julho,2025-07,Jul/2025,Sábado,Sáb,6,30,2025-07-21,21/07 - 27/07/2025,SANTANA,DELIVERY,3107.5
2025-07-26,2025,7,26,Jul,Julho,2025-07,Jul/2025,Sábado,Sáb,6,30,2025-07-21,21/07 - 27/07/2025,SANTO ANDRÉ,CASA,124203.24
2025-07-26,2025,7,26,Jul,Julho,2025-07,Jul/2025,Sábado,Sáb,6,30,2025-07-21,21/07 - 27/07/2025,SANTO ANDRÉ,DELIVERY,1014.3
2025-07-26,2025,7,26,Jul,Julho,2025-07,Jul/2025,Sábado,Sáb,6,30,2025-07-21,21/07 - 27/07/2025,TATUAPÉ,CASA,157145.23
2025-07-26,2025,7,26,Jul,Julho,2025-07,Jul/2025,Sábado,Sáb,6,30,2025-07-21,21/07 - 27/07/2025,TATUAPÉ,DELIVERY,1789.57
2025-07-26,2025,7,26,Jul,Julho,2025-07,Jul/2025,Sábado,Sáb,6,30,2025-07-21,21/07 - 27/07/2025,VILA MADALENA,CASA,39734.27
2025-07-26,2025,7,26,Jul,Julho,2025-07,Jul/2025,Sábado,Sáb,6,30,2025-07-21,21/07 - 27/07/2025,VILA MADALENA,DELIVERY,1543.7
2025-07-26,2025,7,26,Jul,Julho,2025-07,Jul/2025,Sábado,Sáb,6,30,2025-07-21,21/07 - 27/07/2025,VILA MARIANA,CASA,42933.22
2025-07-26,2025,7,26,Jul,Julho,2025-07,Jul/2025,Sábado,Sáb,6,30,2025-07-21,21/07 - 27/07/2025,VILA MARIANA,DELIVERY,3783.19
2025-07-27,2025,7,27,Jul,Julho,2025-07,Jul/2025,Domingo,Dom,7,30,2025-07-21,21/07 - 27/07/2025,CARINAS,CASA,64997.95
2025-07-27,2025,7,27,Jul,Julho,2025-07,Jul/2025,Domingo,Dom,7,30,2025-07-21,21/07 - 27/07/2025,CARINAS,DELIVERY,2993.8
2025-07-27,2025,7,27,Jul,Julho,2025-07,Jul/2025,Domingo,Dom,7,30,2025-07-21,21/07 - 27/07/2025,CHÁCARA,CASA,14192.92
2025-07-27,2025,7,27,Jul,Julho,2025-07,Jul/2025,Domingo,Dom,7,30,2025-07-21,21/07 - 27/07/2025,CHÁCARA,DELIVERY,3272.7
2025-07-27,2025,7,27,Jul,Julho,2025-07,Jul/2025,Domingo,Dom,7,30,2025-07-21,21/07 - 27/07/2025,LAPA,CASA,35497.06
2025-07-27,2025,7,27,Jul,Julho,2025-07,Jul/2025,Domingo,Dom,7,30,2025-07-21,21/07 - 27/07/2025,LAPA,DELIVERY,3872.76
2025-07-27,2025,7,27,Jul,Julho,2025-07,Jul/2025,Domingo,Dom,7,30,2025-07-21,21/07 - 27/07/2025,PAVÃO,CASA,26609.31
2025-07-27,2025,7,27,Jul,Julho,2025-07,Jul/2025,Domingo,Dom,7,30,2025-07-21,21/07 - 27/07/2025,PAVÃO,DELIVERY,2405.28
2025-07-27,2025,7,27,Jul,Julho,2025-07,Jul/2025,Domingo,Dom,7,30,2025-07-21,21/07 - 27/07/2025,PERDIZES,CASA,14469.98
2025-07-27,2025,7,27,Jul,Julho,2025-07,Jul/2025,Domingo,Dom,7,30,2025-07-21,21/07 - 27/07/2025,PERDIZES,DELIVERY,4525.4
2025-07-27,2025,7,27,Jul,Julho,2025-07,Jul/2025,Domingo,Dom,7,30,2025-07-21,21/07 - 27/07/2025,SANTANA,CASA,45078.52
2025-07-27,2025,7,27,Jul,Julho,2025-07,Jul/2025,Domingo,Dom,7,30,2025-07-21,21/07 - 27/07/2025,SANTANA,DELIVERY,4102.79
2025-07-27,2025,7,27,Jul,Julho,2025-07,Jul/2025,Domingo,Dom,7,30,2025-07-21,21/07 - 27/07/2025,SANTO ANDRÉ,CASA,28868.04
2025-07-27,2025,7,27,Jul,Julho,2025-07,Jul/2025,Domingo,Dom,7,30,2025-07-21,21/07 - 27/07/2025,SANTO ANDRÉ,DELIVERY,1543.5
2025-07-27,2025,7,27,Jul,Julho,2025-07,Jul/2025,Domingo,Dom,7,30,2025-07-21,21/07 - 27/07/2025,TATUAPÉ,CASA,64110.08
2025-07-27,2025,7,27,Jul,Julho,2025-07,Jul/2025,Domingo,Dom,7,30,2025-07-21,21/07 - 27/07/2025,TATUAPÉ,DELIVERY,3930.07
2025-07-27,2025,7,27,Jul,Julho,2025-07,Jul/2025,Domingo,Dom,7,30,2025-07-21,21/07 - 27/07/2025,VILA MADALENA,CASA,12153.91
2025-07-27,2025,7,27,Jul,Julho,2025-07,Jul/2025,Domingo,Dom,7,30,2025-07-21,21/07 - 27/07/2025,VILA MADALENA,DELIVERY,3125.39
2025-07-27,2025,7,27,Jul,Julho,2025-07,Jul/2025,Domingo,Dom,7,30,2025-07-21,21/07 - 27/07/2025,VILA MARIANA,CASA,40396.82
2025-07-27,2025,7,27,Jul,Julho,2025-07,Jul/2025,Domingo,Dom,7,30,2025-07-21,21/07 - 27/07/2025,VILA MARIANA,DELIVERY,5643.49
2025-07-29,2025,7,29,Jul,Julho,2025-07,Jul/2025,Terça,Ter,2,31,2025-07-28,28/07 - 03/08/2025,CARINAS,CASA,23338.89
2025-07-29,2025,7,29,Jul,Julho,2025-07,Jul/2025,Terça,Ter,2,31,2025-07-28,28/07 - 03/08/2025,CARINAS,DELIVERY,839.8
2025-07-29,2025,7,29,Jul,Julho,2025-07,Jul/2025,Terça,Ter,2,31,2025-07-28,28/07 - 03/08/2025,CHÁCARA,CASA,1930.26
2025-07-29,2025,7,29,Jul,Julho,2025-07,Jul/2025,Terça,Ter,2,31,2025-07-28,28/07 - 03/08/2025,CHÁCARA,DELIVERY,1075.39
2025-07-29,2025,7,29,Jul,Julho,2025-07,Jul/2025,Terça,Ter,2,31,2025-07-28,28/07 - 03/08/2025,LAPA,CASA,25183.47
2025-07-29,2025,7,29,Jul,Julho,2025-07,Jul/2025,Terça,Ter,2,31,2025-07-28,28/07 - 03/08/2025,LAPA,DELIVERY,893.5
2025-07-29,2025,7,29,Jul,Julho,2025-07,Jul/2025,Terça,Ter,2,31,2025-07-28,28/07 - 03/08/2025,PAVÃO,CASA,2771.76
2025-07-29,2025,7,29,Jul,Julho,2025-07,Jul/2025,Terça,Ter,2,31,2025-07-28,28/07 - 03/08/2025,PAVÃO,DELIVERY,571.16
2025-07-29,2025,7,29,Jul,Julho,2025-07,Jul/2025,Terça,Ter,2,31,2025-07-28,28/07 - 03/08/2025,PERDIZES,CASA,4347.07
2025-07-29,2025,7,29,Jul,Julho,2025-07,Jul/2025,Terça,Ter,2,31,2025-07-28,28/07 - 03/08/2025,SANTANA,CASA,34405.98
2025-07-29,2025,7,29,Jul,Julho,2025-07,Jul/2025,Terça,Ter,2,31,2025-07-28,28/07 - 03/08/2025,SANTANA,DELIVERY,1090.4
2025-07-29,2025,7,29,Jul,Julho,2025-07,Jul/2025,Terça,Ter,2,31,2025-07-28,28/07 - 03/08/2025,TATUAPÉ,CASA,21190.06
2025-07-29,2025,7,29,Jul,Julho,2025-07,Jul/2025,Terça,Ter,2,31,2025-07-28,28/07 - 03/08/2025,TATUAPÉ,DELIVERY,1061.51
2025-07-29,2025,7,29,Jul,Julho,2025-07,Jul/2025,Terça,Ter,2,31,2025-07-28,28/07 - 03/08/2025,VILA MADALENA,CASA,13385.66
2025-07-29,2025,7,29,Jul,Julho,2025-07,Jul/2025,Terça,Ter,2,31,2025-07-28,28/07 - 03/08/2025,VILA MADALENA,DELIVERY,1316.5
2025-07-29,2025,7,29,Jul,Julho,2025-07,Jul/2025,Terça,Ter,2,31,2025-07-28,28/07 - 03/08/2025,VILA MARIANA,CASA,6154.11
2025-07-29,2025,7,29,Jul,Julho,2025-07,Jul/2025,Terça,Ter,2,31,2025-07-28,28/07 - 03/08/2025,VILA MARIANA,DELIVERY,1795.38
2025-07-30,2025,7,30,Jul,Julho,2025-07,Jul/2025,Quarta,Qua,3,31,2025-07-28,28/07 - 03/08/2025,CARINAS,CASA,24143.21
2025-07-30,2025,7,30,Jul,Julho,2025-07,Jul/2025,Quarta,Qua,3,31,2025-07-28,28/07 - 03/08/2025,CARINAS,DELIVERY,892.98
2025-07-30,2025,7,30,Jul,Julho,2025-07,Jul/2025,Quarta,Qua,3,31,2025-07-28,28/07 - 03/08/2025,CHÁCARA,CASA,2629.02
2025-07-30,2025,7,30,Jul,Julho,2025-07,Jul/2025,Quarta,Qua,3,31,2025-07-28,28/07 - 03/08/2025,CHÁCARA,DELIVERY,1465.9
2025-07-30,2025,7,30,Jul,Julho,2025-07,Jul/2025,Quarta,Qua,3,31,2025-07-28,28/07 - 03/08/2025,LAPA,CASA,6711.94
2025-07-30,2025,7,30,Jul,Julho,2025-07,Jul/2025,Quarta,Qua,3,31,2025-07-28,28/07 - 03/08/2025,PAVÃO,CASA,12570.97
2025-07-30,2025,7,30,Jul,Julho,2025-07,Jul/2025,Quarta,Qua,3,31,2025-07-28,28/07 - 03/08/2025,PAVÃO,DELIVERY,1398.52
2025-07-30,2025,7,30,Jul,Julho,2025-07,Jul/2025,Quarta,Qua,3,31,2025-07-28,28/07 - 03/08/2025,PERDIZES,CASA,3180.26
2025-07-30,2025,7,30,Jul,Julho,2025-07,Jul/2025,Quarta,Qua,3,31,2025-07-28,28/07 - 03/08/2025,PERDIZES,DELIVERY,2119.7
2025-07-30,2025,7,30,Jul,Julho,2025-07,Jul/2025,Quarta,Qua,3,31,2025-07-28,28/07 - 03/08/2025,SANTANA,CASA,76322.87
2025-07-30,2025,7,30,Jul,Julho,2025-07,Jul/2025,Quarta,Qua,3,31,2025-07-28,28/07 - 03/08/2025,SANTANA,DELIVERY,678.7
2025-07-30,2025,7,30,Jul,Julho,2025-07,Jul/2025,Quarta,Qua,3,31,2025-07-28,28/07 - 03/08/2025,SANTO ANDRÉ,CASA,17524.81
2025-07-30,2025,7,30,Jul,Julho,2025-07,Jul/2025,Quarta,Qua,3,31,2025-07-28,28/07 - 03/08/2025,SANTO ANDRÉ,DELIVERY,532.7
2025-07-30,2025,7,30,Jul,Julho,2025-07,Jul/2025,Quarta,Qua,3,31,2025-07-28,28/07 - 03/08/2025,TATUAPÉ,CASA,3370.81
2025-07-30,2025,7,30,Jul,Julho,2025-07,Jul/2025,Quarta,Qua,3,31,2025-07-28,28/07 - 03/08/2025,TATUAPÉ,DELIVERY,674.32
2025-07-30,2025,7,30,Jul,Julho,2025-07,Jul/2025,Quarta,Qua,3,31,2025-07-28,28/07 - 03/08/2025,VILA MADALENA,CASA,32300.02
2025-07-30,2025,7,30,Jul,Julho,2025-07,Jul/2025,Quarta,Qua,3,31,2025-07-28,28/07 - 03/08/2025,VILA MADALENA,DELIVERY,1230.7
2025-07-30,2025,7,30,Jul,Julho,2025-07,Jul/2025,Quarta,Qua,3,31,2025-07-28,28/07 - 03/08/2025,VILA MARIANA,CASA,21379.92
2025-07-30,2025,7,30,Jul,Julho,2025-07,Jul/2025,Quarta,Qua,3,31,2025-07-28,28/07 - 03/08/2025,VILA MARIANA,DELIVERY,2780.99
2025-07-31,2025,7,31,Jul,Julho,2025-07,Jul/2025,Quinta,Qui,4,31,2025-07-28,28/07 - 03/08/2025,CARINAS,CASA,39579.96
2025-07-31,2025,7,31,Jul,Julho,2025-07,Jul/2025,Quinta,Qui,4,31,2025-07-28,28/07 - 03/08/2025,CARINAS,DELIVERY,1754.8
2025-07-31,2025,7,31,Jul,Julho,2025-07,Jul/2025,Quinta,Qui,4,31,2025-07-28,28/07 - 03/08/2025,CHÁCARA,CASA,15139.78
2025-07-31,2025,7,31,Jul,Julho,2025-07,Jul/2025,Quinta,Qui,4,31,2025-07-28,28/07 - 03/08/2025,CHÁCARA,DELIVERY,822.5
2025-07-31,2025,7,31,Jul,Julho,2025-07,Jul/2025,Quinta,Qui,4,31,2025-07-28,28/07 - 03/08/2025,LAPA,CASA,3257.62
2025-07-31,2025,7,31,Jul,Julho,2025-07,Jul/2025,Quinta,Qui,4,31,2025-07-28,28/07 - 03/08/2025,LAPA,DELIVERY,1311.19
2025-07-31,2025,7,31,Jul,Julho,2025-07,Jul/2025,Quinta,Qui,4,31,2025-07-28,28/07 - 03/08/2025,PAVÃO,CASA,11236.03
2025-07-31,2025,7,31,Jul,Julho,2025-07,Jul/2025,Quinta,Qui,4,31,2025-07-28,28/07 - 03/08/2025,PAVÃO,DELIVERY,839.0
2025-07-31,2025,7,31,Jul,Julho,2025-07,Jul/2025,Quinta,Qui,4,31,2025-07-28,28/07 - 03/08/2025,PERDIZES,CASA,22869.06
2025-07-31,2025,7,31,Jul,Julho,2025-07,Jul/2025,Quinta,Qui,4,31,2025-07-28,28/07 - 03/08/2025,PERDIZES,DELIVERY,800.0
2025-07-31,2025,7,31,Jul,Julho,2025-07,Jul/2025,Quinta,Qui,4,31,2025-07-28,28/07 - 03/08/2025,SANTANA,CASA,7085.88
2025-07-31,2025,7,31,Jul,Julho,2025-07,Jul/2025,Quinta,Qui,4,31,2025-07-28,28/07 - 03/08/2025,SANTANA,DELIVERY,738.3
2025-07-31,2025,7,31,Jul,Julho,2025-07,Jul/2025,Quinta,Qui,4,31,2025-07-28,28/07 - 03/08/2025,SANTO ANDRÉ,CASA,16556.11
2025-07-31,2025,7,31,Jul,Julho,2025-07,Jul/2025,Quinta,Qui,4,31,2025-07-28,28/07 - 03/08/2025,SANTO ANDRÉ,DELIVERY,146.1
2025-07-31,2025,7,31,Jul,Julho,2025-07,Jul/2025,Quinta,Qui,4,31,2025-07-28,28/07 - 03/08/2025,TATUAPÉ,CASA,30036.16
2025-07-31,2025,7,31,Jul,Julho,2025-07,Jul/2025,Quinta,Qui,4,31,2025-07-28,28/07 - 03/08/2025,TATUAPÉ,DELIVERY,1934.59
2025-07-31,2025,7,31,Jul,Julho,2025-07,Jul/2025,Quinta,Qui,4,31,2025-07-28,28/07 - 03/08/2025,VILA MADALENA,CASA,47204.24
2025-07-31,2025,7,31,Jul,Julho,2025-07,Jul/2025,Quinta,Qui,4,31,2025-07-28,28/07 - 03/08/2025,VILA MADALENA,DELIVERY,645.8
2025-07-31,2025,7,31,Jul,Julho,2025-07,Jul/2025,Quinta,Qui,4,31,2025-07-28,28/07 - 03/08/2025,VILA MARIANA,CASA,12972.23
2025-07-31,2025,7,31,Jul,Julho,2025-07,Jul/2025,Quinta,Qui,4,31,2025-07-28,28/07 - 03/08/2025,VILA MARIANA,DELIVERY,2257.19
2025-08-01,2025,8,1,Ago,Agosto,2025-08,Ago/2025,Sexta,Sex,5,31,2025-07-28,28/07 - 03/08/2025,CARINAS,CASA,75578.63
2025-08-01,2025,8,1,Ago,Agosto,2025-08,Ago/2025,Sexta,Sex,5,31,2025-07-28,28/07 - 03/08/2025,CARINAS,DELIVERY,1215.1
2025-08-01,2025,8,1,Ago,Agosto,2025-08,Ago/2025,Sexta,Sex,5,31,2025-07-28,28/07 - 03/08/2025,CHÁCARA,CASA,10735.27
2025-08-01,2025,8,1,Ago,Agosto,2025-08,Ago/2025,Sexta,Sex,5,31,2025-07-28,28/07 - 03/08/2025,CHÁCARA,DELIVERY,2593.2
2025-08-01,2025,8,1,Ago,Agosto,2025-08,Ago/2025,Sexta,Sex,5,31,2025-07-28,28/07 - 03/08/2025,LAPA,CASA,20978.58
2025-08-01,2025,8,1,Ago,Agosto,2025-08,Ago/2025,Sexta,Sex,5,31,2025-07-28,28/07 - 03/08/2025,LAPA,DELIVERY,993.79
2025-08-01,2025,8,1,Ago,Agosto,2025-08,Ago/2025,Sexta,Sex,5,31,2025-07-28,28/07 - 03/08/2025,PAVÃO,CASA,9118.01
2025-08-01,2025,8,1,Ago,Agosto,2025-08,Ago/2025,Sexta,Sex,5,31,2025-07-28,28/07 - 03/08/2025,PAVÃO,DELIVERY,838.89
2025-08-01,2025,8,1,Ago,Agosto,2025-08,Ago/2025,Sexta,Sex,5,31,2025-07-28,28/07 - 03/08/2025,PERDIZES,CASA,10575.91
2025-08-01,2025,8,1,Ago,Agosto,2025-08,Ago/2025,Sexta,Sex,5,31,2025-07-28,28/07 - 03/08/2025,PERDIZES,DELIVERY,1433.2
2025-08-01,2025,8,1,Ago,Agosto,2025-08,Ago/2025,Sexta,Sex,5,31,2025-07-28,28/07 - 03/08/2025,SANTANA,CASA,62001.04
2025-08-01,2025,8,1,Ago,Agosto,2025-08,Ago/2025,Sexta,Sex,5,31,2025-07-28,28/07 - 03/08/2025,SANTANA,DELIVERY,1999.47
2025-08-01,2025,8,1,Ago,Agosto,2025-08,Ago/2025,Sexta,Sex,5,31,2025-07-28,28/07 - 03/08/2025,SANTO ANDRÉ,CASA,57665.94
2025-08-01,2025,8,1,Ago,Agosto,2025-08,Ago/2025,Sexta,Sex,5,31,2025-07-28,28/07 - 03/08/2025,SANTO ANDRÉ,DELIVERY,883.5
2025-08-01,2025,8,1,Ago,Agosto,2025-08,Ago/2025,Sexta,Sex,5,31,2025-07-28,28/07 - 03/08/2025,TATUAPÉ,CASA,27630.8
2025-08-01,2025,8,1,Ago,Agosto,2025-08,Ago/2025,Sexta,Sex,5,31,2025-07-28,28/07 - 03/08/2025,TATUAPÉ,DELIVERY,528.65
2025-08-01,2025,8,1,Ago,Agosto,2025-08,Ago/2025,Sexta,Sex,5,31,2025-07-28,28/07 - 03/08/2025,VILA MADALENA,CASA,32420.95
2025-08-01,2025,8,1,Ago,Agosto,2025-08,Ago/2025,Sexta,Sex,5,31,2025-07-28,28/07 - 03/08/2025,VILA MADALENA,DELIVERY,2324.0
2025-08-01,2025,8,1,Ago,Agosto,2025-08,Ago/2025,Sexta,Sex,5,31,2025-07-28,28/07 - 03/08/2025,VILA MARIANA,CASA,19738.06
2025-08-01,2025,8,1,Ago,Agosto,2025-08,Ago/2025,Sexta,Sex,5,31,2025-07-28,28/07 - 03/08/2025,VILA MARIANA,DELIVERY,3050.2
2025-08-02,2025,8,2,Ago,Agosto,2025-08,Ago/2025,Sábado,Sáb,6,31,2025-07-28,28/07 - 03/08/2025,CARINAS,CASA,192364.54
2025-08-02,2025,8,2,Ago,Agosto,2025-08,Ago/2025,Sábado,Sáb,6,31,2025-07-28,28/07 - 03/08/2025,CARINAS,DELIVERY,2928.19
2025-08-02,2025,8,2,Ago,Agosto,2025-08,Ago/2025,Sábado,Sáb,6,31,2025-07-28,28/07 - 03/08/2025,CHÁCARA,CASA,19334.5
2025-08-02,2025,8,2,Ago,Agosto,2025-08,Ago/2025,Sábado,Sáb,6,31,2025-07-28,28/07 - 03/08/2025,CHÁCARA,DELIVERY,2327.09
2025-08-02,2025,8,2,Ago,Agosto,2025-08,Ago/2025,Sábado,Sáb,6,31,2025-07-28,28/07 - 03/08/2025,LAPA,CASA,47413.08
2025-08-02,2025,8,2,Ago,Agosto,2025-08,Ago/2025,Sábado,Sáb,6,31,2025-07-28,28/07 - 03/08/2025,LAPA,DELIVERY,4195.29
2025-08-02,2025,8,2,Ago,Agosto,2025-08,Ago/2025,Sábado,Sáb,6,31,2025-07-28,28/07 - 03/08/2025,PAVÃO,CASA,43330.95
2025-08-02,2025,8,2,Ago,Agosto,2025-08,Ago/2025,Sábado,Sáb,6,31,2025-07-28,28/07 - 03/08/2025,PAVÃO,DELIVERY,1916.59
2025-08-02,2025,8,2,Ago,Agosto,2025-08,Ago/2025,Sábado,Sáb,6,31,2025-07-28,28/07 - 03/08/2025,PERDIZES,CASA,57268.9
2025-08-02,2025,8,2,Ago,Agosto,2025-08,Ago/2025,Sábado,Sáb,6,31,2025-07-28,28/07 - 03/08/2025,PERDIZES,DELIVERY,2005.8
2025-08-02,2025,8,2,Ago,Agosto,2025-08,Ago/2025,Sábado,Sáb,6,31,2025-07-28,28/07 - 03/08/2025,SANTANA,CASA,144811.95
2025-08-02,2025,8,2,Ago,Agosto,2025-08,Ago/2025,Sábado,Sáb,6,31,2025-07-28,28/07 - 03/08/2025,SANTANA,DELIVERY,2745.57
2025-08-02,2025,8,2,Ago,Agosto,2025-08,Ago/2025,Sábado,Sáb,6,31,2025-07-28,28/07 - 03/08/2025,SANTO ANDRÉ,CASA,128285.2
2025-08-02,2025,8,2,Ago,Agosto,2025-08,Ago/2025,Sábado,Sáb,6,31,2025-07-28,28/07 - 03/08/2025,SANTO ANDRÉ,DELIVERY,1257.1
2025-08-02,2025,8,2,Ago,Agosto,2025-08,Ago/2025,Sábado,Sáb,6,31,2025-07-28,28/07 - 03/08/2025,TATUAPÉ,CASA,151362.08
2025-08-02,2025,8,2,Ago,Agosto,2025-08,Ago/2025,Sábado,Sáb,6,31,2025-07-28,28/07 - 03/08/2025,TATUAPÉ,DELIVERY,3093.26
2025-08-02,2025,8,2,Ago,Agosto,2025-08,Ago/2025,Sábado,Sáb,6,31,2025-07-28,28/07 - 03/08/2025,VILA MADALENA,CASA,34711.85
2025-08-02,2025,8,2,Ago,Agosto,2025-08,Ago/2025,Sábado,Sáb,6,31,2025-07-28,28/07 - 03/08/2025,VILA MADALENA,DELIVERY,2069.39
2025-08-02,2025,8,2,Ago,Agosto,2025-08,Ago/2025,Sábado,Sáb,6,31,2025-07-28,28/07 - 03/08/2025,VILA MARIANA,CASA,53345.72
2025-08-02,2025,8,2,Ago,Agosto,2025-08,Ago/2025,Sábado,Sáb,6,31,2025-07-28,28/07 - 03/08/2025,VILA MARIANA,DELIVERY,3764.09
2025-08-03,2025,8,3,Ago,Agosto,2025-08,Ago/2025,Domingo,Dom,7,31,2025-07-28,28/07 - 03/08/2025,CARINAS,CASA,78713.5
2025-08-03,2025,8,3,Ago,Agosto,2025-08,Ago/2025,Domingo,Dom,7,31,2025-07-28,28/07 - 03/08/2025,CARINAS,DELIVERY,2897.18
2025-08-03,2025,8,3,Ago,Agosto,2025-08,Ago/2025,Domingo,Dom,7,31,2025-07-28,28/07 - 03/08/2025,CHÁCARA,CASA,12340.17
2025-08-03,2025,8,3,Ago,Agosto,2025-08,Ago/2025,Domingo,Dom,7,31,2025-07-28,28/07 - 03/08/2025,CHÁCARA,DELIVERY,4053.49
2025-08-03,2025,8,3,Ago,Agosto,2025-08,Ago/2025,Domingo,Dom,7,31,2025-07-28,28/07 - 03/08/2025,LAPA,CASA,30928.84
2025-08-03,2025,8,3,Ago,Agosto,2025-08,Ago/2025,Domingo,Dom,7,31,2025-07-28,28/07 - 03/08/2025,LAPA,DELIVERY,4660.09
2025-08-03,2025,8,3,Ago,Agosto,2025-08,Ago/2025,Domingo,Dom,7,31,2025-07-28,28/07 - 03/08/2025,PAVÃO,CASA,21117.34
2025-08-03,2025,8,3,Ago,Agosto,2025-08,Ago/2025,Domingo,Dom,7,31,2025-07-28,28/07 - 03/08/2025,PAVÃO,DELIVERY,3105.0
2025-08-03,2025,8,3,Ago,Agosto,2025-08,Ago/2025,Domingo,Dom,7,31,2025-07-28,28/07 - 03/08/2025,PERDIZES,CASA,24325.22
2025-08-03,2025,8,3,Ago,Agosto,2025-08,Ago/2025,Domingo,Dom,7,31,2025-07-28,28/07 - 03/08/2025,PERDIZES,DELIVERY,3638.1
2025-08-03,2025,8,3,Ago,Agosto,2025-08,Ago/2025,Domingo,Dom,7,31,2025-07-28,28/07 - 03/08/2025,SANTANA,CASA,43959.4
2025-08-03,2025,8,3,Ago,Agosto,2025-08,Ago/2025,Domingo,Dom,7,31,2025-07-28,28/07 - 03/08/2025,SANTANA,DELIVERY,3594.29
2025-08-03,2025,8,3,Ago,Agosto,2025-08,Ago/2025,Domingo,Dom,7,31,2025-07-28,28/07 - 03/08/2025,SANTO ANDRÉ,CASA,33928.3
2025-08-03,2025,8,3,Ago,Agosto,2025-08,Ago/2025,Domingo,Dom,7,31,2025-07-28,28/07 - 03/08/2025,SANTO ANDRÉ,DELIVERY,1753.16
2025-08-03,2025,8,3,Ago,Agosto,2025-08,Ago/2025,Domingo,Dom,7,31,2025-07-28,28/07 - 03/08/2025,TATUAPÉ,CASA,45556.12
2025-08-03,2025,8,3,Ago,Agosto,2025-08,Ago/2025,Domingo,Dom,7,31,2025-07-28,28/07 - 03/08/2025,TATUAPÉ,DELIVERY,3299.86
2025-08-03,2025,8,3,Ago,Agosto,2025-08,Ago/2025,Domingo,Dom,7,31,2025-07-28,28/07 - 03/08/2025,VILA MADALENA,CASA,9502.24
2025-08-03,2025,8,3,Ago,Agosto,2025-08,Ago/2025,Domingo,Dom,7,31,2025-07-28,28/07 - 03/08/2025,VILA MADALENA,DELIVERY,2846.59
2025-08-03,2025,8,3,Ago,Agosto,2025-08,Ago/2025,Domingo,Dom,7,31,2025-07-28,28/07 - 03/08/2025,VILA MARIANA,CASA,32780.47
2025-08-03,2025,8,3,Ago,Agosto,2025-08,Ago/2025,Domingo,Dom,7,31,2025-07-28,28/07 - 03/08/2025,VILA MARIANA,DELIVERY,4795.98
2025-08-05,2025,8,5,Ago,Agosto,2025-08,Ago/2025,Terça,Ter,2,32,2025-08-04,04/08 - 10/08/2025,CARINAS,CASA,29520.01
2025-08-05,2025,8,5,Ago,Agosto,2025-08,Ago/2025,Terça,Ter,2,32,2025-08-04,04/08 - 10/08/2025,CARINAS,DELIVERY,1814.8
2025-08-05,2025,8,5,Ago,Agosto,2025-08,Ago/2025,Terça,Ter,2,32,2025-08-04,04/08 - 10/08/2025,CHÁCARA,CASA,3727.6
2025-08-05,2025,8,5,Ago,Agosto,2025-08,Ago/2025,Terça,Ter,2,32,2025-08-04,04/08 - 10/08/2025,CHÁCARA,DELIVERY,1223.0
2025-08-05,2025,8,5,Ago,Agosto,2025-08,Ago/2025,Terça,Ter,2,32,2025-08-04,04/08 - 10/08/2025,LAPA,CASA,22736.37
2025-08-05,2025,8,5,Ago,Agosto,2025-08,Ago/2025,Terça,Ter,2,32,2025-08-04,04/08 - 10/08/2025,LAPA,DELIVERY,632.29
2025-08-05,2025,8,5,Ago,Agosto,2025-08,Ago/2025,Terça,Ter,2,32,2025-08-04,04/08 - 10/08/2025,PAVÃO,CASA,10238.87
2025-08-05,2025,8,5,Ago,Agosto,2025-08,Ago/2025,Terça,Ter,2,32,2025-08-04,04/08 - 10/08/2025,PAVÃO,DELIVERY,1136.26
2025-08-05,2025,8,5,Ago,Agosto,2025-08,Ago/2025,Terça,Ter,2,32,2025-08-04,04/08 - 10/08/2025,PERDIZES,CASA,4505.68
2025-08-05,2025,8,5,Ago,Agosto,2025-08,Ago/2025,Terça,Ter,2,32,2025-08-04,04/08 - 10/08/2025,PERDIZES,DELIVERY,1132.6
2025-08-05,2025,8,5,Ago,Agosto,2025-08,Ago/2025,Terça,Ter,2,32,2025-08-04,04/08 - 10/08/2025,SANTANA,CASA,43951.03
2025-08-05,2025,8,5,Ago,Agosto,2025-08,Ago/2025,Terça,Ter,2,32,2025-08-04,04/08 - 10/08/2025,SANTANA,DELIVERY,1256.7
2025-08-05,2025,8,5,Ago,Agosto,2025-08,Ago/2025,Terça,Ter,2,32,2025-08-04,04/08 - 10/08/2025,TATUAPÉ,CASA,37981.95
2025-08-05,2025,8,5,Ago,Agosto,2025-08,Ago/2025,Terça,Ter,2,32,2025-08-04,04/08 - 10/08/2025,TATUAPÉ,DELIVERY,1832.02
2025-08-05,2025,8,5,Ago,Agosto,2025-08,Ago/2025,Terça,Ter,2,32,2025-08-04,04/08 - 10/08/2025,VILA MADALENA,CASA,20025.36
2025-08-05,2025,8,5,Ago,Agosto,2025-08,Ago/2025,Terça,Ter,2,32,2025-08-04,04/08 - 10/08/2025,VILA MADALENA,DELIVERY,1112.9
2025-08-05,2025,8,5,Ago,Agosto,2025-08,Ago/2025,Terça,Ter,2,32,2025-08-04,04/08 - 10/08/2025,VILA MARIANA,CASA,4618.54
2025-08-05,2025,8,5,Ago,Agosto,2025-08,Ago/2025,Terça,Ter,2,32,2025-08-04,04/08 - 10/08/2025,VILA MARIANA,DELIVERY,1639.7
2025-08-06,2025,8,6,Ago,Agosto,2025-08,Ago/2025,Quarta,Qua,3,32,2025-08-04,04/08 - 10/08/2025,CARINAS,CASA,56723.12
2025-08-06,2025,8,6,Ago,Agosto,2025-08,Ago/2025,Quarta,Qua,3,32,2025-08-04,04/08 - 10/08/2025,CARINAS,DELIVERY,672.0
2025-08-06,2025,8,6,Ago,Agosto,2025-08,Ago/2025,Quarta,Qua,3,32,2025-08-04,04/08 - 10/08/2025,CHÁCARA,CASA,16724.73
2025-08-06,2025,8,6,Ago,Agosto,2025-08,Ago/2025,Quarta,Qua,3,32,2025-08-04,04/08 - 10/08/2025,CHÁCARA,DELIVERY,1303.19
2025-08-06,2025,8,6,Ago,Agosto,2025-08,Ago/2025,Quarta,Qua,3,32,2025-08-04,04/08 - 10/08/2025,LAPA,CASA,4703.16
2025-08-06,2025,8,6,Ago,Agosto,2025-08,Ago/2025,Quarta,Qua,3,32,2025-08-04,04/08 - 10/08/2025,LAPA,DELIVERY,1416.6
2025-08-06,2025,8,6,Ago,Agosto,2025-08,Ago/2025,Quarta,Qua,3,32,2025-08-04,04/08 - 10/08/2025,PAVÃO,CASA,15951.54
2025-08-06,2025,8,6,Ago,Agosto,2025-08,Ago/2025,Quarta,Qua,3,32,2025-08-04,04/08 - 10/08/2025,PAVÃO,DELIVERY,1009.28
2025-08-06,2025,8,6,Ago,Agosto,2025-08,Ago/2025,Quarta,Qua,3,32,2025-08-04,04/08 - 10/08/2025,PERDIZES,CASA,5069.11
2025-08-06,2025,8,6,Ago,Agosto,2025-08,Ago/2025,Quarta,Qua,3,32,2025-08-04,04/08 - 10/08/2025,PERDIZES,DELIVERY,872.2
2025-08-06,2025,8,6,Ago,Agosto,2025-08,Ago/2025,Quarta,Qua,3,32,2025-08-04,04/08 - 10/08/2025,SANTANA,CASA,15769.97
2025-08-06,2025,8,6,Ago,Agosto,2025-08,Ago/2025,Quarta,Qua,3,32,2025-08-04,04/08 - 10/08/2025,SANTANA,DELIVERY,1049.3
2025-08-06,2025,8,6,Ago,Agosto,2025-08,Ago/2025,Quarta,Qua,3,32,2025-08-04,04/08 - 10/08/2025,SANTO ANDRÉ,CASA,13195.82
2025-08-06,2025,8,6,Ago,Agosto,2025-08,Ago/2025,Quarta,Qua,3,32,2025-08-04,04/08 - 10/08/2025,SANTO ANDRÉ,DELIVERY,939.6
2025-08-06,2025,8,6,Ago,Agosto,2025-08,Ago/2025,Quarta,Qua,3,32,2025-08-04,04/08 - 10/08/2025,TATUAPÉ,CASA,7143.67
2025-08-06,2025,8,6,Ago,Agosto,2025-08,Ago/2025,Quarta,Qua,3,32,2025-08-04,04/08 - 10/08/2025,TATUAPÉ,DELIVERY,1698.81
2025-08-06,2025,8,6,Ago,Agosto,2025-08,Ago/2025,Quarta,Qua,3,32,2025-08-04,04/08 - 10/08/2025,VILA MADALENA,CASA,6807.66
2025-08-06,2025,8,6,Ago,Agosto,2025-08,Ago/2025,Quarta,Qua,3,32,2025-08-04,04/08 - 10/08/2025,VILA MADALENA,DELIVERY,1250.8
2025-08-06,2025,8,6,Ago,Agosto,2025-08,Ago/2025,Quarta,Qua,3,32,2025-08-04,04/08 - 10/08/2025,VILA MARIANA,CASA,10449.59
2025-08-06,2025,8,6,Ago,Agosto,2025-08,Ago/2025,Quarta,Qua,3,32,2025-08-04,04/08 - 10/08/2025,VILA MARIANA,DELIVERY,2396.37
2025-08-07,2025,8,7,Ago,Agosto,2025-08,Ago/2025,Quinta,Qui,4,32,2025-08-04,04/08 - 10/08/2025,CARINAS,CASA,33065.39
2025-08-07,2025,8,7,Ago,Agosto,2025-08,Ago/2025,Quinta,Qui,4,32,2025-08-04,04/08 - 10/08/2025,CARINAS,DELIVERY,783.29
2025-08-07,2025,8,7,Ago,Agosto,2025-08,Ago/2025,Quinta,Qui,4,32,2025-08-04,04/08 - 10/08/2025,CHÁCARA,CASA,8236.96
2025-08-07,2025,8,7,Ago,Agosto,2025-08,Ago/2025,Quinta,Qui,4,32,2025-08-04,04/08 - 10/08/2025,CHÁCARA,DELIVERY,1276.0
2025-08-07,2025,8,7,Ago,Agosto,2025-08,Ago/2025,Quinta,Qui,4,32,2025-08-04,04/08 - 10/08/2025,LAPA,CASA,7726.72
2025-08-07,2025,8,7,Ago,Agosto,2025-08,Ago/2025,Quinta,Qui,4,32,2025-08-04,04/08 - 10/08/2025,LAPA,DELIVERY,996.6
2025-08-07,2025,8,7,Ago,Agosto,2025-08,Ago/2025,Quinta,Qui,4,32,2025-08-04,04/08 - 10/08/2025,PAVÃO,CASA,5608.32
2025-08-07,2025,8,7,Ago,Agosto,2025-08,Ago/2025,Quinta,Qui,4,32,2025-08-04,04/08 - 10/08/2025,PAVÃO,DELIVERY,511.15
2025-08-07,2025,8,7,Ago,Agosto,2025-08,Ago/2025,Quinta,Qui,4,32,2025-08-04,04/08 - 10/08/2025,PERDIZES,CASA,9918.25
2025-08-07,2025,8,7,Ago,Agosto,2025-08,Ago/2025,Quinta,Qui,4,32,2025-08-04,04/08 - 10/08/2025,PERDIZES,DELIVERY,1707.7
2025-08-07,2025,8,7,Ago,Agosto,2025-08,Ago/2025,Quinta,Qui,4,32,2025-08-04,04/08 - 10/08/2025,SANTANA,CASA,10100.36
2025-08-07,2025,8,7,Ago,Agosto,2025-08,Ago/2025,Quinta,Qui,4,32,2025-08-04,04/08 - 10/08/2025,SANTANA,DELIVERY,1128.8
2025-08-07,2025,8,7,Ago,Agosto,2025-08,Ago/2025,Quinta,Qui,4,32,2025-08-04,04/08 - 10/08/2025,SANTO ANDRÉ,CASA,15391.13
2025-08-07,2025,8,7,Ago,Agosto,2025-08,Ago/2025,Quinta,Qui,4,32,2025-08-04,04/08 - 10/08/2025,SANTO ANDRÉ,DELIVERY,1068.2
2025-08-07,2025,8,7,Ago,Agosto,2025-08,Ago/2025,Quinta,Qui,4,32,2025-08-04,04/08 - 10/08/2025,TATUAPÉ,CASA,14253.43
2025-08-07,2025,8,7,Ago,Agosto,2025-08,Ago/2025,Quinta,Qui,4,32,2025-08-04,04/08 - 10/08/2025,TATUAPÉ,DELIVERY,969.11
2025-08-07,2025,8,7,Ago,Agosto,2025-08,Ago/2025,Quinta,Qui,4,32,2025-08-04,04/08 - 10/08/2025,VILA MADALENA,CASA,36118.25
2025-08-07,2025,8,7,Ago,Agosto,2025-08,Ago/2025,Quinta,Qui,4,32,2025-08-04,04/08 - 10/08/2025,VILA MADALENA,DELIVERY,832.7
2025-08-07,2025,8,7,Ago,Agosto,2025-08,Ago/2025,Quinta,Qui,4,32,2025-08-04,04/08 - 10/08/2025,VILA MARIANA,CASA,6423.28
2025-08-07,2025,8,7,Ago,Agosto,2025-08,Ago/2025,Quinta,Qui,4,32,2025-08-04,04/08 - 10/08/2025,VILA MARIANA,DELIVERY,1480.09
2025-08-08,2025,8,8,Ago,Agosto,2025-08,Ago/2025,Sexta,Sex,5,32,2025-08-04,04/08 - 10/08/2025,CARINAS,CASA,41623.01
2025-08-08,2025,8,8,Ago,Agosto,2025-08,Ago/2025,Sexta,Sex,5,32,2025-08-04,04/08 - 10/08/2025,CARINAS,DELIVERY,1957.9
2025-08-08,2025,8,8,Ago,Agosto,2025-08,Ago/2025,Sexta,Sex,5,32,2025-08-04,04/08 - 10/08/2025,CHÁCARA,CASA,12246.45
2025-08-08,2025,8,8,Ago,Agosto,2025-08,Ago/2025,Sexta,Sex,5,32,2025-08-04,04/08 - 10/08/2025,CHÁCARA,DELIVERY,1585.59
2025-08-08,2025,8,8,Ago,Agosto,2025-08,Ago/2025,Sexta,Sex,5,32,2025-08-04,04/08 - 10/08/2025,LAPA,CASA,18922.86
2025-08-08,2025,8,8,Ago,Agosto,2025-08,Ago/2025,Sexta,Sex,5,32,2025-08-04,04/08 - 10/08/2025,LAPA,DELIVERY,1739.2
2025-08-08,2025,8,8,Ago,Agosto,2025-08,Ago/2025,Sexta,Sex,5,32,2025-08-04,04/08 - 10/08/2025,PAVÃO,CASA,55850.3
2025-08-08,2025,8,8,Ago,Agosto,2025-08,Ago/2025,Sexta,Sex,5,32,2025-08-04,04/08 - 10/08/2025,PAVÃO,DELIVERY,540.18
2025-08-08,2025,8,8,Ago,Agosto,2025-08,Ago/2025,Sexta,Sex,5,32,2025-08-04,04/08 - 10/08/2025,PERDIZES,CASA,27833.34
2025-08-08,2025,8,8,Ago,Agosto,2025-08,Ago/2025,Sexta,Sex,5,32,2025-08-04,04/08 - 10/08/2025,PERDIZES,DELIVERY,2393.3
2025-08-08,2025,8,8,Ago,Agosto,2025-08,Ago/2025,Sexta,Sex,5,32,2025-08-04,04/08 - 10/08/2025,SANTANA,CASA,48736.77
2025-08-08,2025,8,8,Ago,Agosto,2025-08,Ago/2025,Sexta,Sex,5,32,2025-08-04,04/08 - 10/08/2025,SANTANA,DELIVERY,1549.0
2025-08-08,2025,8,8,Ago,Agosto,2025-08,Ago/2025,Sexta,Sex,5,32,2025-08-04,04/08 - 10/08/2025,SANTO ANDRÉ,CASA,28714.47
2025-08-08,2025,8,8,Ago,Agosto,2025-08,Ago/2025,Sexta,Sex,5,32,2025-08-04,04/08 - 10/08/2025,SANTO ANDRÉ,DELIVERY,656.9
2025-08-08,2025,8,8,Ago,Agosto,2025-08,Ago/2025,Sexta,Sex,5,32,2025-08-04,04/08 - 10/08/2025,TATUAPÉ,CASA,25372.93
2025-08-08,2025,8,8,Ago,Agosto,2025-08,Ago/2025,Sexta,Sex,5,32,2025-08-04,04/08 - 10/08/2025,TATUAPÉ,DELIVERY,1245.04
2025-08-08,2025,8,8,Ago,Agosto,2025-08,Ago/2025,Sexta,Sex,5,32,2025-08-04,04/08 - 10/08/2025,VILA MADALENA,CASA,22187.75
2025-08-08,2025,8,8,Ago,Agosto,2025-08,Ago/2025,Sexta,Sex,5,32,2025-08-04,04/08 - 10/08/2025,VILA MADALENA,DELIVERY,828.29
2025-08-08,2025,8,8,Ago,Agosto,2025-08,Ago/2025,Sexta,Sex,5,32,2025-08-04,04/08 - 10/08/2025,VILA MARIANA,CASA,20662.74
2025-08-08,2025,8,8,Ago,Agosto,2025-08,Ago/2025,Sexta,Sex,5,32,2025-08-04,04/08 - 10/08/2025,VILA MARIANA,DELIVERY,2843.49
2025-08-09,2025,8,9,Ago,Agosto,2025-08,Ago/2025,Sábado,Sáb,6,32,2025-08-04,04/08 - 10/08/2025,CARINAS,CASA,163085.19
2025-08-09,2025,8,9,Ago,Agosto,2025-08,Ago/2025,Sábado,Sáb,6,32,2025-08-04,04/08 - 10/08/2025,CARINAS,DELIVERY,3017.9
2025-08-09,2025,8,9,Ago,Agosto,2025-08,Ago/2025,Sábado,Sáb,6,32,2025-08-04,04/08 - 10/08/2025,CHÁCARA,CASA,23196.68
2025-08-09,2025,8,9,Ago,Agosto,2025-08,Ago/2025,Sábado,Sáb,6,32,2025-08-04,04/08 - 10/08/2025,CHÁCARA,DELIVERY,1708.0
2025-08-09,2025,8,9,Ago,Agosto,2025-08,Ago/2025,Sábado,Sáb,6,32,2025-08-04,04/08 - 10/08/2025,LAPA,CASA,58738.83
2025-08-09,2025,8,9,Ago,Agosto,2025-08,Ago/2025,Sábado,Sáb,6,32,2025-08-04,04/08 - 10/08/2025,LAPA,DELIVERY,1405.48
2025-08-09,2025,8,9,Ago,Agosto,2025-08,Ago/2025,Sábado,Sáb,6,32,2025-08-04,04/08 - 10/08/2025,PAVÃO,CASA,24063.43
2025-08-09,2025,8,9,Ago,Agosto,2025-08,Ago/2025,Sábado,Sáb,6,32,2025-08-04,04/08 - 10/08/2025,PAVÃO,DELIVERY,1653.29
2025-08-09,2025,8,9,Ago,Agosto,2025-08,Ago/2025,Sábado,Sáb,6,32,2025-08-04,04/08 - 10/08/2025,PERDIZES,CASA,54297.65
2025-08-09,2025,8,9,Ago,Agosto,2025-08,Ago/2025,Sábado,Sáb,6,32,2025-08-04,04/08 - 10/08/2025,PERDIZES,DELIVERY,1468.7
2025-08-09,2025,8,9,Ago,Agosto,2025-08,Ago/2025,Sábado,Sáb,6,32,2025-08-04,04/08 - 10/08/2025,SANTANA,CASA,110490.92
2025-08-09,2025,8,9,Ago,Agosto,2025-08,Ago/2025,Sábado,Sáb,6,32,2025-08-04,04/08 - 10/08/2025,SANTANA,DELIVERY,1370.98
2025-08-09,2025,8,9,Ago,Agosto,2025-08,Ago/2025,Sábado,Sáb,6,32,2025-08-04,04/08 - 10/08/2025,SANTO ANDRÉ,CASA,135169.45
2025-08-09,2025,8,9,Ago,Agosto,2025-08,Ago/2025,Sábado,Sáb,6,32,2025-08-04,04/08 - 10/08/2025,SANTO ANDRÉ,DELIVERY,1195.8
2025-08-09,2025,8,9,Ago,Agosto,2025-08,Ago/2025,Sábado,Sáb,6,32,2025-08-04,04/08 - 10/08/2025,TATUAPÉ,CASA,187939.25
2025-08-09,2025,8,9,Ago,Agosto,2025-08,Ago/2025,Sábado,Sáb,6,32,2025-08-04,04/08 - 10/08/2025,VILA MADALENA,CASA,27881.72
2025-08-09,2025,8,9,Ago,Agosto,2025-08,Ago/2025,Sábado,Sáb,6,32,2025-08-04,04/08 - 10/08/2025,VILA MADALENA,DELIVERY,1947.9
2025-08-09,2025,8,9,Ago,Agosto,2025-08,Ago/2025,Sábado,Sáb,6,32,2025-08-04,04/08 - 10/08/2025,VILA MARIANA,CASA,53347.4
2025-08-09,2025,8,9,Ago,Agosto,2025-08,Ago/2025,Sábado,Sáb,6,32,2025-08-04,04/08 - 10/08/2025,VILA MARIANA,DELIVERY,4364.3
2025-08-10,2025,8,10,Ago,Agosto,2025-08,Ago/2025,Domingo,Dom,7,32,2025-08-04,04/08 - 10/08/2025,CARINAS,CASA,40392.93
2025-08-10,2025,8,10,Ago,Agosto,2025-08,Ago/2025,Domingo,Dom,7,32,2025-08-04,04/08 - 10/08/2025,CARINAS,DELIVERY,3244.79
2025-08-10,2025,8,10,Ago,Agosto,2025-08,Ago/2025,Domingo,Dom,7,32,2025-08-04,04/08 - 10/08/2025,CHÁCARA,CASA,15462.83
2025-08-10,2025,8,10,Ago,Agosto,2025-08,Ago/2025,Domingo,Dom,7,32,2025-08-04,04/08 - 10/08/2025,CHÁCARA,DELIVERY,1694.7
2025-08-10,2025,8,10,Ago,Agosto,2025-08,Ago/2025,Domingo,Dom,7,32,2025-08-04,04/08 - 10/08/2025,LAPA,CASA,22548.11
2025-08-10,2025,8,10,Ago,Agosto,2025-08,Ago/2025,Domingo,Dom,7,32,2025-08-04,04/08 - 10/08/2025,LAPA,DELIVERY,3541.9
2025-08-10,2025,8,10,Ago,Agosto,2025-08,Ago/2025,Domingo,Dom,7,32,2025-08-04,04/08 - 10/08/2025,PAVÃO,CASA,9711.9
2025-08-10,2025,8,10,Ago,Agosto,2025-08,Ago/2025,Domingo,Dom,7,32,2025-08-04,04/08 - 10/08/2025,PAVÃO,DELIVERY,1647.93
2025-08-10,2025,8,10,Ago,Agosto,2025-08,Ago/2025,Domingo,Dom,7,32,2025-08-04,04/08 - 10/08/2025,PERDIZES,CASA,17913.14
2025-08-10,2025,8,10,Ago,Agosto,2025-08,Ago/2025,Domingo,Dom,7,32,2025-08-04,04/08 - 10/08/2025,SANTANA,CASA,44721.98
2025-08-10,2025,8,10,Ago,Agosto,2025-08,Ago/2025,Domingo,Dom,7,32,2025-08-04,04/08 - 10/08/2025,SANTANA,DELIVERY,3667.09
2025-08-10,2025,8,10,Ago,Agosto,2025-08,Ago/2025,Domingo,Dom,7,32,2025-08-04,04/08 - 10/08/2025,SANTO ANDRÉ,CASA,46359.96
2025-08-10,2025,8,10,Ago,Agosto,2025-08,Ago/2025,Domingo,Dom,7,32,2025-08-04,04/08 - 10/08/2025,SANTO ANDRÉ,DELIVERY,294.1
2025-08-10,2025,8,10,Ago,Agosto,2025-08,Ago/2025,Domingo,Dom,7,32,2025-08-04,04/08 - 10/08/2025,TATUAPÉ,CASA,57776.88
2025-08-10,2025,8,10,Ago,Agosto,2025-08,Ago/2025,Domingo,Dom,7,32,2025-08-04,04/08 - 10/08/2025,TATUAPÉ,DELIVERY,2501.99
2025-08-10,2025,8,10,Ago,Agosto,2025-08,Ago/2025,Domingo,Dom,7,32,2025-08-04,04/08 - 10/08/2025,VILA MADALENA,CASA,9019.36
2025-08-10,2025,8,10,Ago,Agosto,2025-08,Ago/2025,Domingo,Dom,7,32,2025-08-04,04/08 - 10/08/2025,VILA MADALENA,DELIVERY,2542.3
2025-08-10,2025,8,10,Ago,Agosto,2025-08,Ago/2025,Domingo,Dom,7,32,2025-08-04,04/08 - 10/08/2025,VILA MARIANA,CASA,27725.61
2025-08-10,2025,8,10,Ago,Agosto,2025-08,Ago/2025,Domingo,Dom,7,32,2025-08-04,04/08 - 10/08/2025,VILA MARIANA,DELIVERY,5762.69
2025-08-12,2025,8,12,Ago,Agosto,2025-08,Ago/2025,Terça,Ter,2,33,2025-08-11,11/08 - 17/08/2025,CARINAS,CASA,29596.35
2025-08-12,2025,8,12,Ago,Agosto,2025-08,Ago/2025,Terça,Ter,2,33,2025-08-11,11/08 - 17/08/2025,CARINAS,DELIVERY,848.0
2025-08-12,2025,8,12,Ago,Agosto,2025-08,Ago/2025,Terça,Ter,2,33,2025-08-11,11/08 - 17/08/2025,CHÁCARA,CASA,1159.19
2025-08-12,2025,8,12,Ago,Agosto,2025-08,Ago/2025,Terça,Ter,2,33,2025-08-11,11/08 - 17/08/2025,CHÁCARA,DELIVERY,633.9
2025-08-12,2025,8,12,Ago,Agosto,2025-08,Ago/2025,Terça,Ter,2,33,2025-08-11,11/08 - 17/08/2025,LAPA,CASA,17177.08
2025-08-12,2025,8,12,Ago,Agosto,2025-08,Ago/2025,Terça,Ter,2,33,2025-08-11,11/08 - 17/08/2025,LAPA,DELIVERY,1100.9
2025-08-12,2025,8,12,Ago,Agosto,2025-08,Ago/2025,Terça,Ter,2,33,2025-08-11,11/08 - 17/08/2025,PAVÃO,CASA,3264.03
2025-08-12,2025,8,12,Ago,Agosto,2025-08,Ago/2025,Terça,Ter,2,33,2025-08-11,11/08 - 17/08/2025,PAVÃO,DELIVERY,867.37
2025-08-12,2025,8,12,Ago,Agosto,2025-08,Ago/2025,Terça,Ter,2,33,2025-08-11,11/08 - 17/08/2025,PERDIZES,CASA,12067.4
2025-08-12,2025,8,12,Ago,Agosto,2025-08,Ago/2025,Terça,Ter,2,33,2025-08-11,11/08 - 17/08/2025,PERDIZES,DELIVERY,748.1
2025-08-12,2025,8,12,Ago,Agosto,2025-08,Ago/2025,Terça,Ter,2,33,2025-08-11,11/08 - 17/08/2025,SANTANA,CASA,16384.89
2025-08-12,2025,8,12,Ago,Agosto,2025-08,Ago/2025,Terça,Ter,2,33,2025-08-11,11/08 - 17/08/2025,SANTANA,DELIVERY,1080.0
2025-08-12,2025,8,12,Ago,Agosto,2025-08,Ago/2025,Terça,Ter,2,33,2025-08-11,11/08 - 17/08/2025,TATUAPÉ,CASA,45612.31
2025-08-12,2025,8,12,Ago,Agosto,2025-08,Ago/2025,Terça,Ter,2,33,2025-08-11,11/08 - 17/08/2025,TATUAPÉ,DELIVERY,967.39
2025-08-12,2025,8,12,Ago,Agosto,2025-08,Ago/2025,Terça,Ter,2,33,2025-08-11,11/08 - 17/08/2025,VILA MADALENA,CASA,1244.15
2025-08-12,2025,8,12,Ago,Agosto,2025-08,Ago/2025,Terça,Ter,2,33,2025-08-11,11/08 - 17/08/2025,VILA MADALENA,DELIVERY,258.2
2025-08-12,2025,8,12,Ago,Agosto,2025-08,Ago/2025,Terça,Ter,2,33,2025-08-11,11/08 - 17/08/2025,VILA MARIANA,CASA,9209.12
2025-08-12,2025,8,12,Ago,Agosto,2025-08,Ago/2025,Terça,Ter,2,33,2025-08-11,11/08 - 17/08/2025,VILA MARIANA,DELIVERY,2194.79
2025-08-13,2025,8,13,Ago,Agosto,2025-08,Ago/2025,Quarta,Qua,3,33,2025-08-11,11/08 - 17/08/2025,CARINAS,CASA,64553.19
2025-08-13,2025,8,13,Ago,Agosto,2025-08,Ago/2025,Quarta,Qua,3,33,2025-08-11,11/08 - 17/08/2025,CARINAS,DELIVERY,704.5
2025-08-13,2025,8,13,Ago,Agosto,2025-08,Ago/2025,Quarta,Qua,3,33,2025-08-11,11/08 - 17/08/2025,CHÁCARA,CASA,18504.64
2025-08-13,2025,8,13,Ago,Agosto,2025-08,Ago/2025,Quarta,Qua,3,33,2025-08-11,11/08 - 17/08/2025,CHÁCARA,DELIVERY,1244.9
2025-08-13,2025,8,13,Ago,Agosto,2025-08,Ago/2025,Quarta,Qua,3,33,2025-08-11,11/08 - 17/08/2025,LAPA,CASA,4154.71
2025-08-13,2025,8,13,Ago,Agosto,2025-08,Ago/2025,Quarta,Qua,3,33,2025-08-11,11/08 - 17/08/2025,LAPA,DELIVERY,1041.9
2025-08-13,2025,8,13,Ago,Agosto,2025-08,Ago/2025,Quarta,Qua,3,33,2025-08-11,11/08 - 17/08/2025,PAVÃO,CASA,8336.91
2025-08-13,2025,8,13,Ago,Agosto,2025-08,Ago/2025,Quarta,Qua,3,33,2025-08-11,11/08 - 17/08/2025,PAVÃO,DELIVERY,445.95
2025-08-13,2025,8,13,Ago,Agosto,2025-08,Ago/2025,Quarta,Qua,3,33,2025-08-11,11/08 - 17/08/2025,PERDIZES,CASA,3061.09
2025-08-13,2025,8,13,Ago,Agosto,2025-08,Ago/2025,Quarta,Qua,3,33,2025-08-11,11/08 - 17/08/2025,PERDIZES,DELIVERY,632.29
2025-08-13,2025,8,13,Ago,Agosto,2025-08,Ago/2025,Quarta,Qua,3,33,2025-08-11,11/08 - 17/08/2025,SANTANA,CASA,29641.59
2025-08-13,2025,8,13,Ago,Agosto,2025-08,Ago/2025,Quarta,Qua,3,33,2025-08-11,11/08 - 17/08/2025,SANTANA,DELIVERY,981.8
2025-08-13,2025,8,13,Ago,Agosto,2025-08,Ago/2025,Quarta,Qua,3,33,2025-08-11,11/08 - 17/08/2025,SANTO ANDRÉ,CASA,8774.19
2025-08-13,2025,8,13,Ago,Agosto,2025-08,Ago/2025,Quarta,Qua,3,33,2025-08-11,11/08 - 17/08/2025,SANTO ANDRÉ,DELIVERY,771.39
2025-08-13,2025,8,13,Ago,Agosto,2025-08,Ago/2025,Quarta,Qua,3,33,2025-08-11,11/08 - 17/08/2025,TATUAPÉ,CASA,4173.95
2025-08-13,2025,8,13,Ago,Agosto,2025-08,Ago/2025,Quarta,Qua,3,33,2025-08-11,11/08 - 17/08/2025,TATUAPÉ,DELIVERY,1641.9
2025-08-13,2025,8,13,Ago,Agosto,2025-08,Ago/2025,Quarta,Qua,3,33,2025-08-11,11/08 - 17/08/2025,VILA MADALENA,CASA,1754.57
2025-08-13,2025,8,13,Ago,Agosto,2025-08,Ago/2025,Quarta,Qua,3,33,2025-08-11,11/08 - 17/08/2025,VILA MADALENA,DELIVERY,646.98
2025-08-13,2025,8,13,Ago,Agosto,2025-08,Ago/2025,Quarta,Qua,3,33,2025-08-11,11/08 - 17/08/2025,VILA MARIANA,CASA,13396.33
2025-08-13,2025,8,13,Ago,Agosto,2025-08,Ago/2025,Quarta,Qua,3,33,2025-08-11,11/08 - 17/08/2025,VILA MARIANA,DELIVERY,1837.98
2025-08-14,2025,8,14,Ago,Agosto,2025-08,Ago/2025,Quinta,Qui,4,33,2025-08-11,11/08 - 17/08/2025,CARINAS,CASA,18643.58
2025-08-14,2025,8,14,Ago,Agosto,2025-08,Ago/2025,Quinta,Qui,4,33,2025-08-11,11/08 - 17/08/2025,CARINAS,DELIVERY,1129.29
2025-08-14,2025,8,14,Ago,Agosto,2025-08,Ago/2025,Quinta,Qui,4,33,2025-08-11,11/08 - 17/08/2025,CHÁCARA,CASA,9946.29
2025-08-14,2025,8,14,Ago,Agosto,2025-08,Ago/2025,Quinta,Qui,4,33,2025-08-11,11/08 - 17/08/2025,CHÁCARA,DELIVERY,1407.48
2025-08-14,2025,8,14,Ago,Agosto,2025-08,Ago/2025,Quinta,Qui,4,33,2025-08-11,11/08 - 17/08/2025,LAPA,CASA,3056.29
2025-08-14,2025,8,14,Ago,Agosto,2025-08,Ago/2025,Quinta,Qui,4,33,2025-08-11,11/08 - 17/08/2025,LAPA,DELIVERY,1730.5
2025-08-14,2025,8,14,Ago,Agosto,2025-08,Ago/2025,Quinta,Qui,4,33,2025-08-11,11/08 - 17/08/2025,PAVÃO,CASA,1860.69
2025-08-14,2025,8,14,Ago,Agosto,2025-08,Ago/2025,Quinta,Qui,4,33,2025-08-11,11/08 - 17/08/2025,PAVÃO,DELIVERY,1146.3
2025-08-14,2025,8,14,Ago,Agosto,2025-08,Ago/2025,Quinta,Qui,4,33,2025-08-11,11/08 - 17/08/2025,PERDIZES,CASA,15612.19
2025-08-14,2025,8,14,Ago,Agosto,2025-08,Ago/2025,Quinta,Qui,4,33,2025-08-11,11/08 - 17/08/2025,PERDIZES,DELIVERY,658.7
2025-08-14,2025,8,14,Ago,Agosto,2025-08,Ago/2025,Quinta,Qui,4,33,2025-08-11,11/08 - 17/08/2025,SANTANA,CASA,14004.98
2025-08-14,2025,8,14,Ago,Agosto,2025-08,Ago/2025,Quinta,Qui,4,33,2025-08-11,11/08 - 17/08/2025,SANTANA,DELIVERY,1022.28
2025-08-14,2025,8,14,Ago,Agosto,2025-08,Ago/2025,Quinta,Qui,4,33,2025-08-11,11/08 - 17/08/2025,SANTO ANDRÉ,CASA,13666.82
2025-08-14,2025,8,14,Ago,Agosto,2025-08,Ago/2025,Quinta,Qui,4,33,2025-08-11,11/08 - 17/08/2025,SANTO ANDRÉ,DELIVERY,273.3
2025-08-14,2025,8,14,Ago,Agosto,2025-08,Ago/2025,Quinta,Qui,4,33,2025-08-11,11/08 - 17/08/2025,TATUAPÉ,CASA,2566.83
2025-08-14,2025,8,14,Ago,Agosto,2025-08,Ago/2025,Quinta,Qui,4,33,2025-08-11,11/08 - 17/08/2025,TATUAPÉ,DELIVERY,1064.88
2025-08-14,2025,8,14,Ago,Agosto,2025-08,Ago/2025,Quinta,Qui,4,33,2025-08-11,11/08 - 17/08/2025,VILA MADALENA,CASA,44591.46
2025-08-14,2025,8,14,Ago,Agosto,2025-08,Ago/2025,Quinta,Qui,4,33,2025-08-11,11/08 - 17/08/2025,VILA MADALENA,DELIVERY,497.0
2025-08-14,2025,8,14,Ago,Agosto,2025-08,Ago/2025,Quinta,Qui,4,33,2025-08-11,11/08 - 17/08/2025,VILA MARIANA,CASA,14257.59
2025-08-14,2025,8,14,Ago,Agosto,2025-08,Ago/2025,Quinta,Qui,4,33,2025-08-11,11/08 - 17/08/2025,VILA MARIANA,DELIVERY,2043.88
2025-08-15,2025,8,15,Ago,Agosto,2025-08,Ago/2025,Sexta,Sex,5,33,2025-08-11,11/08 - 17/08/2025,CARINAS,CASA,49614.77
2025-08-15,2025,8,15,Ago,Agosto,2025-08,Ago/2025,Sexta,Sex,5,33,2025-08-11,11/08 - 17/08/2025,CARINAS,DELIVERY,1280.8
2025-08-15,2025,8,15,Ago,Agosto,2025-08,Ago/2025,Sexta,Sex,5,33,2025-08-11,11/08 - 17/08/2025,CHÁCARA,CASA,33238.34
2025-08-15,2025,8,15,Ago,Agosto,2025-08,Ago/2025,Sexta,Sex,5,33,2025-08-11,11/08 - 17/08/2025,CHÁCARA,DELIVERY,494.8
2025-08-15,2025,8,15,Ago,Agosto,2025-08,Ago/2025,Sexta,Sex,5,33,2025-08-11,11/08 - 17/08/2025,LAPA,CASA,14121.46
2025-08-15,2025,8,15,Ago,Agosto,2025-08,Ago/2025,Sexta,Sex,5,33,2025-08-11,11/08 - 17/08/2025,LAPA,DELIVERY,1600.8
2025-08-15,2025,8,15,Ago,Agosto,2025-08,Ago/2025,Sexta,Sex,5,33,2025-08-11,11/08 - 17/08/2025,PAVÃO,CASA,25711.94
2025-08-15,2025,8,15,Ago,Agosto,2025-08,Ago/2025,Sexta,Sex,5,33,2025-08-11,11/08 - 17/08/2025,PAVÃO,DELIVERY,1169.47
2025-08-15,2025,8,15,Ago,Agosto,2025-08,Ago/2025,Sexta,Sex,5,33,2025-08-11,11/08 - 17/08/2025,PERDIZES,CASA,13833.91
2025-08-15,2025,8,15,Ago,Agosto,2025-08,Ago/2025,Sexta,Sex,5,33,2025-08-11,11/08 - 17/08/2025,PERDIZES,DELIVERY,1560.19
2025-08-15,2025,8,15,Ago,Agosto,2025-08,Ago/2025,Sexta,Sex,5,33,2025-08-11,11/08 - 17/08/2025,SANTANA,CASA,46115.08
2025-08-15,2025,8,15,Ago,Agosto,2025-08,Ago/2025,Sexta,Sex,5,33,2025-08-11,11/08 - 17/08/2025,SANTANA,DELIVERY,1691.1
2025-08-15,2025,8,15,Ago,Agosto,2025-08,Ago/2025,Sexta,Sex,5,33,2025-08-11,11/08 - 17/08/2025,SANTO ANDRÉ,CASA,78385.79
2025-08-15,2025,8,15,Ago,Agosto,2025-08,Ago/2025,Sexta,Sex,5,33,2025-08-11,11/08 - 17/08/2025,SANTO ANDRÉ,DELIVERY,989.0
2025-08-15,2025,8,15,Ago,Agosto,2025-08,Ago/2025,Sexta,Sex,5,33,2025-08-11,11/08 - 17/08/2025,TATUAPÉ,CASA,36771.85
2025-08-15,2025,8,15,Ago,Agosto,2025-08,Ago/2025,Sexta,Sex,5,33,2025-08-11,11/08 - 17/08/2025,TATUAPÉ,DELIVERY,856.35
2025-08-15,2025,8,15,Ago,Agosto,2025-08,Ago/2025,Sexta,Sex,5,33,2025-08-11,11/08 - 17/08/2025,VILA MADALENA,CASA,9688.33
2025-08-15,2025,8,15,Ago,Agosto,2025-08,Ago/2025,Sexta,Sex,5,33,2025-08-11,11/08 - 17/08/2025,VILA MADALENA,DELIVERY,1052.3
2025-08-15,2025,8,15,Ago,Agosto,2025-08,Ago/2025,Sexta,Sex,5,33,2025-08-11,11/08 - 17/08/2025,VILA MARIANA,CASA,22810.59
2025-08-15,2025,8,15,Ago,Agosto,2025-08,Ago/2025,Sexta,Sex,5,33,2025-08-11,11/08 - 17/08/2025,VILA MARIANA,DELIVERY,2930.9
2025-08-16,2025,8,16,Ago,Agosto,2025-08,Ago/2025,Sábado,Sáb,6,33,2025-08-11,11/08 - 17/08/2025,CARINAS,CASA,216800.7
2025-08-16,2025,8,16,Ago,Agosto,2025-08,Ago/2025,Sábado,Sáb,6,33,2025-08-11,11/08 - 17/08/2025,CHÁCARA,CASA,19066.99
2025-08-16,2025,8,16,Ago,Agosto,2025-08,Ago/2025,Sábado,Sáb,6,33,2025-08-11,11/08 - 17/08/2025,CHÁCARA,DELIVERY,2596.7
2025-08-16,2025,8,16,Ago,Agosto,2025-08,Ago/2025,Sábado,Sáb,6,33,2025-08-11,11/08 - 17/08/2025,LAPA,CASA,56270.62
2025-08-16,2025,8,16,Ago,Agosto,2025-08,Ago/2025,Sábado,Sáb,6,33,2025-08-11,11/08 - 17/08/2025,LAPA,DELIVERY,1381.8
2025-08-16,2025,8,16,Ago,Agosto,2025-08,Ago/2025,Sábado,Sáb,6,33,2025-08-11,11/08 - 17/08/2025,PAVÃO,CASA,37223.26
2025-08-16,2025,8,16,Ago,Agosto,2025-08,Ago/2025,Sábado,Sáb,6,33,2025-08-11,11/08 - 17/08/2025,PAVÃO,DELIVERY,2256.78
2025-08-16,2025,8,16,Ago,Agosto,2025-08,Ago/2025,Sábado,Sáb,6,33,2025-08-11,11/08 - 17/08/2025,PERDIZES,CASA,52272.7
2025-08-16,2025,8,16,Ago,Agosto,2025-08,Ago/2025,Sábado,Sáb,6,33,2025-08-11,11/08 - 17/08/2025,PERDIZES,DELIVERY,2737.0
2025-08-16,2025,8,16,Ago,Agosto,2025-08,Ago/2025,Sábado,Sáb,6,33,2025-08-11,11/08 - 17/08/2025,SANTANA,CASA,127787.12
2025-08-16,2025,8,16,Ago,Agosto,2025-08,Ago/2025,Sábado,Sáb,6,33,2025-08-11,11/08 - 17/08/2025,SANTANA,DELIVERY,2830.09
2025-08-16,2025,8,16,Ago,Agosto,2025-08,Ago/2025,Sábado,Sáb,6,33,2025-08-11,11/08 - 17/08/2025,SANTO ANDRÉ,CASA,136127.36
2025-08-16,2025,8,16,Ago,Agosto,2025-08,Ago/2025,Sábado,Sáb,6,33,2025-08-11,11/08 - 17/08/2025,SANTO ANDRÉ,DELIVERY,1011.2
2025-08-16,2025,8,16,Ago,Agosto,2025-08,Ago/2025,Sábado,Sáb,6,33,2025-08-11,11/08 - 17/08/2025,TATUAPÉ,CASA,166025.64
2025-08-16,2025,8,16,Ago,Agosto,2025-08,Ago/2025,Sábado,Sáb,6,33,2025-08-11,11/08 - 17/08/2025,TATUAPÉ,DELIVERY,2526.77
2025-08-16,2025,8,16,Ago,Agosto,2025-08,Ago/2025,Sábado,Sáb,6,33,2025-08-11,11/08 - 17/08/2025,VILA MADALENA,CASA,38392.89
2025-08-16,2025,8,16,Ago,Agosto,2025-08,Ago/2025,Sábado,Sáb,6,33,2025-08-11,11/08 - 17/08/2025,VILA MADALENA,DELIVERY,1828.5
2025-08-16,2025,8,16,Ago,Agosto,2025-08,Ago/2025,Sábado,Sáb,6,33,2025-08-11,11/08 - 17/08/2025,VILA MARIANA,CASA,55814.8
2025-08-16,2025,8,16,Ago,Agosto,2025-08,Ago/2025,Sábado,Sáb,6,33,2025-08-11,11/08 - 17/08/2025,VILA MARIANA,DELIVERY,4722.45
2025-08-17,2025,8,17,Ago,Agosto,2025-08,Ago/2025,Domingo,Dom,7,33,2025-08-11,11/08 - 17/08/2025,CARINAS,CASA,54452.61
2025-08-17,2025,8,17,Ago,Agosto,2025-08,Ago/2025,Domingo,Dom,7,33,2025-08-11,11/08 - 17/08/2025,CARINAS,DELIVERY,5624.6
2025-08-17,2025,8,17,Ago,Agosto,2025-08,Ago/2025,Domingo,Dom,7,33,2025-08-11,11/08 - 17/08/2025,CHÁCARA,CASA,8529.38
2025-08-17,2025,8,17,Ago,Agosto,2025-08,Ago/2025,Domingo,Dom,7,33,2025-08-11,11/08 - 17/08/2025,CHÁCARA,DELIVERY,2563.79
2025-08-17,2025,8,17,Ago,Agosto,2025-08,Ago/2025,Domingo,Dom,7,33,2025-08-11,11/08 - 17/08/2025,LAPA,CASA,19305.54
2025-08-17,2025,8,17,Ago,Agosto,2025-08,Ago/2025,Domingo,Dom,7,33,2025-08-11,11/08 - 17/08/2025,LAPA,DELIVERY,3529.6
2025-08-17,2025,8,17,Ago,Agosto,2025-08,Ago/2025,Domingo,Dom,7,33,2025-08-11,11/08 - 17/08/2025,PAVÃO,CASA,20003.37
2025-08-17,2025,8,17,Ago,Agosto,2025-08,Ago/2025,Domingo,Dom,7,33,2025-08-11,11/08 - 17/08/2025,PAVÃO,DELIVERY,1698.89
2025-08-17,2025,8,17,Ago,Agosto,2025-08,Ago/2025,Domingo,Dom,7,33,2025-08-11,11/08 - 17/08/2025,PERDIZES,CASA,32749.88
2025-08-17,2025,8,17,Ago,Agosto,2025-08,Ago/2025,Domingo,Dom,7,33,2025-08-11,11/08 - 17/08/2025,PERDIZES,DELIVERY,4984.99
2025-08-17,2025,8,17,Ago,Agosto,2025-08,Ago/2025,Domingo,Dom,7,33,2025-08-11,11/08 - 17/08/2025,SANTANA,CASA,51097.26
2025-08-17,2025,8,17,Ago,Agosto,2025-08,Ago/2025,Domingo,Dom,7,33,2025-08-11,11/08 - 17/08/2025,SANTANA,DELIVERY,3089.39
2025-08-17,2025,8,17,Ago,Agosto,2025-08,Ago/2025,Domingo,Dom,7,33,2025-08-11,11/08 - 17/08/2025,SANTO ANDRÉ,CASA,49960.49
2025-08-17,2025,8,17,Ago,Agosto,2025-08,Ago/2025,Domingo,Dom,7,33,2025-08-11,11/08 - 17/08/2025,SANTO ANDRÉ,DELIVERY,2089.5
2025-08-17,2025,8,17,Ago,Agosto,2025-08,Ago/2025,Domingo,Dom,7,33,2025-08-11,11/08 - 17/08/2025,TATUAPÉ,CASA,66726.0
2025-08-17,2025,8,17,Ago,Agosto,2025-08,Ago/2025,Domingo,Dom,7,33,2025-08-11,11/08 - 17/08/2025,TATUAPÉ,DELIVERY,2946.33
2025-08-17,2025,8,17,Ago,Agosto,2025-08,Ago/2025,Domingo,Dom,7,33,2025-08-11,11/08 - 17/08/2025,VILA MADALENA,CASA,19329.29
2025-08-17,2025,8,17,Ago,Agosto,2025-08,Ago/2025,Domingo,Dom,7,33,2025-08-11,11/08 - 17/08/2025,VILA MADALENA,DELIVERY,2078.99
2025-08-17,2025,8,17,Ago,Agosto,2025-08,Ago/2025,Domingo,Dom,7,33,2025-08-11,11/08 - 17/08/2025,VILA MARIANA,CASA,38200.6
2025-08-17,2025,8,17,Ago,Agosto,2025-08,Ago/2025,Domingo,Dom,7,33,2025-08-11,11/08 - 17/08/2025,VILA MARIANA,DELIVERY,4687.25
2025-08-18,2025,8,18,Ago,Agosto,2025-08,Ago/2025,Segunda,Seg,1,34,2025-08-18,18/08 - 24/08/2025,CHÁCARA,CASA,17712.82
2025-08-19,2025,8,19,Ago,Agosto,2025-08,Ago/2025,Terça,Ter,2,34,2025-08-18,18/08 - 24/08/2025,CARINAS,CASA,27808.65
2025-08-19,2025,8,19,Ago,Agosto,2025-08,Ago/2025,Terça,Ter,2,34,2025-08-18,18/08 - 24/08/2025,CARINAS,DELIVERY,1057.2
2025-08-19,2025,8,19,Ago,Agosto,2025-08,Ago/2025,Terça,Ter,2,34,2025-08-18,18/08 - 24/08/2025,CHÁCARA,CASA,3064.99
2025-08-19,2025,8,19,Ago,Agosto,2025-08,Ago/2025,Terça,Ter,2,34,2025-08-18,18/08 - 24/08/2025,CHÁCARA,DELIVERY,949.9
2025-08-19,2025,8,19,Ago,Agosto,2025-08,Ago/2025,Terça,Ter,2,34,2025-08-18,18/08 - 24/08/2025,LAPA,CASA,17208.31
2025-08-19,2025,8,19,Ago,Agosto,2025-08,Ago/2025,Terça,Ter,2,34,2025-08-18,18/08 - 24/08/2025,LAPA,DELIVERY,1024.4
2025-08-19,2025,8,19,Ago,Agosto,2025-08,Ago/2025,Terça,Ter,2,34,2025-08-18,18/08 - 24/08/2025,PAVÃO,CASA,3475.31
2025-08-19,2025,8,19,Ago,Agosto,2025-08,Ago/2025,Terça,Ter,2,34,2025-08-18,18/08 - 24/08/2025,PAVÃO,DELIVERY,722.04
2025-08-19,2025,8,19,Ago,Agosto,2025-08,Ago/2025,Terça,Ter,2,34,2025-08-18,18/08 - 24/08/2025,PERDIZES,CASA,4011.39
2025-08-19,2025,8,19,Ago,Agosto,2025-08,Ago/2025,Terça,Ter,2,34,2025-08-18,18/08 - 24/08/2025,PERDIZES,DELIVERY,474.0
2025-08-19,2025,8,19,Ago,Agosto,2025-08,Ago/2025,Terça,Ter,2,34,2025-08-18,18/08 - 24/08/2025,SANTANA,CASA,18664.31
2025-08-19,2025,8,19,Ago,Agosto,2025-08,Ago/2025,Terça,Ter,2,34,2025-08-18,18/08 - 24/08/2025,SANTANA,DELIVERY,872.49
2025-08-19,2025,8,19,Ago,Agosto,2025-08,Ago/2025,Terça,Ter,2,34,2025-08-18,18/08 - 24/08/2025,TATUAPÉ,CASA,40354.38
2025-08-19,2025,8,19,Ago,Agosto,2025-08,Ago/2025,Terça,Ter,2,34,2025-08-18,18/08 - 24/08/2025,TATUAPÉ,DELIVERY,1446.46
2025-08-19,2025,8,19,Ago,Agosto,2025-08,Ago/2025,Terça,Ter,2,34,2025-08-18,18/08 - 24/08/2025,VILA MADALENA,CASA,5582.83
2025-08-19,2025,8,19,Ago,Agosto,2025-08,Ago/2025,Terça,Ter,2,34,2025-08-18,18/08 - 24/08/2025,VILA MADALENA,DELIVERY,1461.9
2025-08-19,2025,8,19,Ago,Agosto,2025-08,Ago/2025,Terça,Ter,2,34,2025-08-18,18/08 - 24/08/2025,VILA MARIANA,CASA,6813.59
2025-08-19,2025,8,19,Ago,Agosto,2025-08,Ago/2025,Terça,Ter,2,34,2025-08-18,18/08 - 24/08/2025,VILA MARIANA,DELIVERY,1314.78
2025-08-20,2025,8,20,Ago,Agosto,2025-08,Ago/2025,Quarta,Qua,3,34,2025-08-18,18/08 - 24/08/2025,CARINAS,CASA,86581.01
2025-08-20,2025,8,20,Ago,Agosto,2025-08,Ago/2025,Quarta,Qua,3,34,2025-08-18,18/08 - 24/08/2025,CARINAS,DELIVERY,1054.9
2025-08-20,2025,8,20,Ago,Agosto,2025-08,Ago/2025,Quarta,Qua,3,34,2025-08-18,18/08 - 24/08/2025,CHÁCARA,CASA,2100.94
2025-08-20,2025,8,20,Ago,Agosto,2025-08,Ago/2025,Quarta,Qua,3,34,2025-08-18,18/08 - 24/08/2025,CHÁCARA,DELIVERY,502.19
2025-08-20,2025,8,20,Ago,Agosto,2025-08,Ago/2025,Quarta,Qua,3,34,2025-08-18,18/08 - 24/08/2025,LAPA,CASA,19834.5
2025-08-20,2025,8,20,Ago,Agosto,2025-08,Ago/2025,Quarta,Qua,3,34,2025-08-18,18/08 - 24/08/2025,LAPA,DELIVERY,863.99
2025-08-20,2025,8,20,Ago,Agosto,2025-08,Ago/2025,Quarta,Qua,3,34,2025-08-18,18/08 - 24/08/2025,PAVÃO,CASA,15580.05
2025-08-20,2025,8,20,Ago,Agosto,2025-08,Ago/2025,Quarta,Qua,3,34,2025-08-18,18/08 - 24/08/2025,PAVÃO,DELIVERY,1317.32
2025-08-20,2025,8,20,Ago,Agosto,2025-08,Ago/2025,Quarta,Qua,3,34,2025-08-18,18/08 - 24/08/2025,PERDIZES,CASA,6524.78
2025-08-20,2025,8,20,Ago,Agosto,2025-08,Ago/2025,Quarta,Qua,3,34,2025-08-18,18/08 - 24/08/2025,PERDIZES,DELIVERY,1459.9
2025-08-20,2025,8,20,Ago,Agosto,2025-08,Ago/2025,Quarta,Qua,3,34,2025-08-18,18/08 - 24/08/2025,SANTANA,CASA,12833.76
2025-08-20,2025,8,20,Ago,Agosto,2025-08,Ago/2025,Quarta,Qua,3,34,2025-08-18,18/08 - 24/08/2025,SANTANA,DELIVERY,1251.6
2025-08-20,2025,8,20,Ago,Agosto,2025-08,Ago/2025,Quarta,Qua,3,34,2025-08-18,18/08 - 24/08/2025,SANTO ANDRÉ,CASA,10371.96
2025-08-20,2025,8,20,Ago,Agosto,2025-08,Ago/2025,Quarta,Qua,3,34,2025-08-18,18/08 - 24/08/2025,SANTO ANDRÉ,DELIVERY,244.5
2025-08-20,2025,8,20,Ago,Agosto,2025-08,Ago/2025,Quarta,Qua,3,34,2025-08-18,18/08 - 24/08/2025,TATUAPÉ,CASA,3498.63
2025-08-20,2025,8,20,Ago,Agosto,2025-08,Ago/2025,Quarta,Qua,3,34,2025-08-18,18/08 - 24/08/2025,TATUAPÉ,DELIVERY,972.73
2025-08-20,2025,8,20,Ago,Agosto,2025-08,Ago/2025,Quarta,Qua,3,34,2025-08-18,18/08 - 24/08/2025,VILA MADALENA,CASA,6160.37
2025-08-20,2025,8,20,Ago,Agosto,2025-08,Ago/2025,Quarta,Qua,3,34,2025-08-18,18/08 - 24/08/2025,VILA MADALENA,DELIVERY,709.4
2025-08-20,2025,8,20,Ago,Agosto,2025-08,Ago/2025,Quarta,Qua,3,34,2025-08-18,18/08 - 24/08/2025,VILA MARIANA,CASA,11786.77
2025-08-20,2025,8,20,Ago,Agosto,2025-08,Ago/2025,Quarta,Qua,3,34,2025-08-18,18/08 - 24/08/2025,VILA MARIANA,DELIVERY,1528.1
2025-08-21,2025,8,21,Ago,Agosto,2025-08,Ago/2025,Quinta,Qui,4,34,2025-08-18,18/08 - 24/08/2025,CARINAS,CASA,69128.87
2025-08-21,2025,8,21,Ago,Agosto,2025-08,Ago/2025,Quinta,Qui,4,34,2025-08-18,18/08 - 24/08/2025,CARINAS,DELIVERY,1203.2
2025-08-21,2025,8,21,Ago,Agosto,2025-08,Ago/2025,Quinta,Qui,4,34,2025-08-18,18/08 - 24/08/2025,CHÁCARA,CASA,80851.11
2025-08-21,2025,8,21,Ago,Agosto,2025-08,Ago/2025,Quinta,Qui,4,34,2025-08-18,18/08 - 24/08/2025,CHÁCARA,DELIVERY,1786.3
2025-08-21,2025,8,21,Ago,Agosto,2025-08,Ago/2025,Quinta,Qui,4,34,2025-08-18,18/08 - 24/08/2025,LAPA,CASA,3893.75
2025-08-21,2025,8,21,Ago,Agosto,2025-08,Ago/2025,Quinta,Qui,4,34,2025-08-18,18/08 - 24/08/2025,LAPA,DELIVERY,1256.6
2025-08-21,2025,8,21,Ago,Agosto,2025-08,Ago/2025,Quinta,Qui,4,34,2025-08-18,18/08 - 24/08/2025,PAVÃO,CASA,45012.45
2025-08-21,2025,8,21,Ago,Agosto,2025-08,Ago/2025,Quinta,Qui,4,34,2025-08-18,18/08 - 24/08/2025,PAVÃO,DELIVERY,498.31
2025-08-21,2025,8,21,Ago,Agosto,2025-08,Ago/2025,Quinta,Qui,4,34,2025-08-18,18/08 - 24/08/2025,PERDIZES,CASA,12463.07
2025-08-21,2025,8,21,Ago,Agosto,2025-08,Ago/2025,Quinta,Qui,4,34,2025-08-18,18/08 - 24/08/2025,PERDIZES,DELIVERY,1168.39
2025-08-21,2025,8,21,Ago,Agosto,2025-08,Ago/2025,Quinta,Qui,4,34,2025-08-18,18/08 - 24/08/2025,SANTANA,CASA,11958.1
2025-08-21,2025,8,21,Ago,Agosto,2025-08,Ago/2025,Quinta,Qui,4,34,2025-08-18,18/08 - 24/08/2025,SANTANA,DELIVERY,1074.39
2025-08-21,2025,8,21,Ago,Agosto,2025-08,Ago/2025,Quinta,Qui,4,34,2025-08-18,18/08 - 24/08/2025,SANTO ANDRÉ,CASA,15617.11
2025-08-21,2025,8,21,Ago,Agosto,2025-08,Ago/2025,Quinta,Qui,4,34,2025-08-18,18/08 - 24/08/2025,SANTO ANDRÉ,DELIVERY,770.0
2025-08-21,2025,8,21,Ago,Agosto,2025-08,Ago/2025,Quinta,Qui,4,34,2025-08-18,18/08 - 24/08/2025,TATUAPÉ,CASA,10491.66
2025-08-21,2025,8,21,Ago,Agosto,2025-08,Ago/2025,Quinta,Qui,4,34,2025-08-18,18/08 - 24/08/2025,TATUAPÉ,DELIVERY,743.88
2025-08-21,2025,8,21,Ago,Agosto,2025-08,Ago/2025,Quinta,Qui,4,34,2025-08-18,18/08 - 24/08/2025,VILA MADALENA,CASA,51496.47
2025-08-21,2025,8,21,Ago,Agosto,2025-08,Ago/2025,Quinta,Qui,4,34,2025-08-18,18/08 - 24/08/2025,VILA MADALENA,DELIVERY,888.3
2025-08-21,2025,8,21,Ago,Agosto,2025-08,Ago/2025,Quinta,Qui,4,34,2025-08-18,18/08 - 24/08/2025,VILA MARIANA,CASA,19679.4
2025-08-21,2025,8,21,Ago,Agosto,2025-08,Ago/2025,Quinta,Qui,4,34,2025-08-18,18/08 - 24/08/2025,VILA MARIANA,DELIVERY,2350.88
2025-08-22,2025,8,22,Ago,Agosto,2025-08,Ago/2025,Sexta,Sex,5,34,2025-08-18,18/08 - 24/08/2025,CARINAS,CASA,41231.93
2025-08-22,2025,8,22,Ago,Agosto,2025-08,Ago/2025,Sexta,Sex,5,34,2025-08-18,18/08 - 24/08/2025,CARINAS,DELIVERY,1741.9
2025-08-22,2025,8,22,Ago,Agosto,2025-08,Ago/2025,Sexta,Sex,5,34,2025-08-18,18/08 - 24/08/2025,CHÁCARA,CASA,8243.7
2025-08-22,2025,8,22,Ago,Agosto,2025-08,Ago/2025,Sexta,Sex,5,34,2025-08-18,18/08 - 24/08/2025,CHÁCARA,DELIVERY,1345.37
2025-08-22,2025,8,22,Ago,Agosto,2025-08,Ago/2025,Sexta,Sex,5,34,2025-08-18,18/08 - 24/08/2025,LAPA,CASA,18748.62
2025-08-22,2025,8,22,Ago,Agosto,2025-08,Ago/2025,Sexta,Sex,5,34,2025-08-18,18/08 - 24/08/2025,LAPA,DELIVERY,1991.2
2025-08-22,2025,8,22,Ago,Agosto,2025-08,Ago/2025,Sexta,Sex,5,34,2025-08-18,18/08 - 24/08/2025,PAVÃO,CASA,20379.95
2025-08-22,2025,8,22,Ago,Agosto,2025-08,Ago/2025,Sexta,Sex,5,34,2025-08-18,18/08 - 24/08/2025,PAVÃO,DELIVERY,1347.9
2025-08-22,2025,8,22,Ago,Agosto,2025-08,Ago/2025,Sexta,Sex,5,34,2025-08-18,18/08 - 24/08/2025,PERDIZES,CASA,16259.05
2025-08-22,2025,8,22,Ago,Agosto,2025-08,Ago/2025,Sexta,Sex,5,34,2025-08-18,18/08 - 24/08/2025,PERDIZES,DELIVERY,1465.0
2025-08-22,2025,8,22,Ago,Agosto,2025-08,Ago/2025,Sexta,Sex,5,34,2025-08-18,18/08 - 24/08/2025,SANTANA,CASA,31926.32
2025-08-22,2025,8,22,Ago,Agosto,2025-08,Ago/2025,Sexta,Sex,5,34,2025-08-18,18/08 - 24/08/2025,SANTANA,DELIVERY,1692.9
2025-08-22,2025,8,22,Ago,Agosto,2025-08,Ago/2025,Sexta,Sex,5,34,2025-08-18,18/08 - 24/08/2025,SANTO ANDRÉ,CASA,138536.65
2025-08-22,2025,8,22,Ago,Agosto,2025-08,Ago/2025,Sexta,Sex,5,34,2025-08-18,18/08 - 24/08/2025,SANTO ANDRÉ,DELIVERY,680.3
2025-08-22,2025,8,22,Ago,Agosto,2025-08,Ago/2025,Sexta,Sex,5,34,2025-08-18,18/08 - 24/08/2025,TATUAPÉ,CASA,23790.66
2025-08-22,2025,8,22,Ago,Agosto,2025-08,Ago/2025,Sexta,Sex,5,34,2025-08-18,18/08 - 24/08/2025,TATUAPÉ,DELIVERY,1580.42
2025-08-22,2025,8,22,Ago,Agosto,2025-08,Ago/2025,Sexta,Sex,5,34,2025-08-18,18/08 - 24/08/2025,VILA MADALENA,CASA,14261.91
2025-08-22,2025,8,22,Ago,Agosto,2025-08,Ago/2025,Sexta,Sex,5,34,2025-08-18,18/08 - 24/08/2025,VILA MADALENA,DELIVERY,1191.49
2025-08-22,2025,8,22,Ago,Agosto,2025-08,Ago/2025,Sexta,Sex,5,34,2025-08-18,18/08 - 24/08/2025,VILA MARIANA,CASA,21660.58
2025-08-22,2025,8,22,Ago,Agosto,2025-08,Ago/2025,Sexta,Sex,5,34,2025-08-18,18/08 - 24/08/2025,VILA MARIANA,DELIVERY,1692.2
2025-08-23,2025,8,23,Ago,Agosto,2025-08,Ago/2025,Sábado,Sáb,6,34,2025-08-18,18/08 - 24/08/2025,CARINAS,CASA,181587.59
2025-08-23,2025,8,23,Ago,Agosto,2025-08,Ago/2025,Sábado,Sáb,6,34,2025-08-18,18/08 - 24/08/2025,CARINAS,DELIVERY,1618.28
2025-08-23,2025,8,23,Ago,Agosto,2025-08,Ago/2025,Sábado,Sáb,6,34,2025-08-18,18/08 - 24/08/2025,CHÁCARA,CASA,19643.87
2025-08-23,2025,8,23,Ago,Agosto,2025-08,Ago/2025,Sábado,Sáb,6,34,2025-08-18,18/08 - 24/08/2025,CHÁCARA,DELIVERY,2960.29
2025-08-23,2025,8,23,Ago,Agosto,2025-08,Ago/2025,Sábado,Sáb,6,34,2025-08-18,18/08 - 24/08/2025,LAPA,CASA,55484.15
2025-08-23,2025,8,23,Ago,Agosto,2025-08,Ago/2025,Sábado,Sáb,6,34,2025-08-18,18/08 - 24/08/2025,LAPA,DELIVERY,4896.48
2025-08-23,2025,8,23,Ago,Agosto,2025-08,Ago/2025,Sábado,Sáb,6,34,2025-08-18,18/08 - 24/08/2025,PAVÃO,CASA,34462.19
2025-08-23,2025,8,23,Ago,Agosto,2025-08,Ago/2025,Sábado,Sáb,6,34,2025-08-18,18/08 - 24/08/2025,PAVÃO,DELIVERY,3414.98
2025-08-23,2025,8,23,Ago,Agosto,2025-08,Ago/2025,Sábado,Sáb,6,34,2025-08-18,18/08 - 24/08/2025,PERDIZES,CASA,49573.1
2025-08-23,2025,8,23,Ago,Agosto,2025-08,Ago/2025,Sábado,Sáb,6,34,2025-08-18,18/08 - 24/08/2025,PERDIZES,DELIVERY,4968.06
2025-08-23,2025,8,23,Ago,Agosto,2025-08,Ago/2025,Sábado,Sáb,6,34,2025-08-18,18/08 - 24/08/2025,SANTANA,CASA,158330.1
2025-08-23,2025,8,23,Ago,Agosto,2025-08,Ago/2025,Sábado,Sáb,6,34,2025-08-18,18/08 - 24/08/2025,SANTANA,DELIVERY,4987.03
2025-08-23,2025,8,23,Ago,Agosto,2025-08,Ago/2025,Sábado,Sáb,6,34,2025-08-18,18/08 - 24/08/2025,SANTO ANDRÉ,CASA,148862.11
2025-08-23,2025,8,23,Ago,Agosto,2025-08,Ago/2025,Sábado,Sáb,6,34,2025-08-18,18/08 - 24/08/2025,SANTO ANDRÉ,DELIVERY,1348.49
2025-08-23,2025,8,23,Ago,Agosto,2025-08,Ago/2025,Sábado,Sáb,6,34,2025-08-18,18/08 - 24/08/2025,TATUAPÉ,CASA,182241.89
2025-08-23,2025,8,23,Ago,Agosto,2025-08,Ago/2025,Sábado,Sáb,6,34,2025-08-18,18/08 - 24/08/2025,TATUAPÉ,DELIVERY,2669.82
2025-08-23,2025,8,23,Ago,Agosto,2025-08,Ago/2025,Sábado,Sáb,6,34,2025-08-18,18/08 - 24/08/2025,VILA MADALENA,CASA,39321.39
2025-08-23,2025,8,23,Ago,Agosto,2025-08,Ago/2025,Sábado,Sáb,6,34,2025-08-18,18/08 - 24/08/2025,VILA MADALENA,DELIVERY,1973.88
2025-08-23,2025,8,23,Ago,Agosto,2025-08,Ago/2025,Sábado,Sáb,6,34,2025-08-18,18/08 - 24/08/2025,VILA MARIANA,CASA,49183.95
2025-08-23,2025,8,23,Ago,Agosto,2025-08,Ago/2025,Sábado,Sáb,6,34,2025-08-18,18/08 - 24/08/2025,VILA MARIANA,DELIVERY,3963.78
2025-08-24,2025,8,24,Ago,Agosto,2025-08,Ago/2025,Domingo,Dom,7,34,2025-08-18,18/08 - 24/08/2025,CARINAS,CASA,49933.36
2025-08-24,2025,8,24,Ago,Agosto,2025-08,Ago/2025,Domingo,Dom,7,34,2025-08-18,18/08 - 24/08/2025,CARINAS,DELIVERY,4527.1
2025-08-24,2025,8,24,Ago,Agosto,2025-08,Ago/2025,Domingo,Dom,7,34,2025-08-18,18/08 - 24/08/2025,CHÁCARA,CASA,12269.04
2025-08-24,2025,8,24,Ago,Agosto,2025-08,Ago/2025,Domingo,Dom,7,34,2025-08-18,18/08 - 24/08/2025,CHÁCARA,DELIVERY,2435.29
2025-08-24,2025,8,24,Ago,Agosto,2025-08,Ago/2025,Domingo,Dom,7,34,2025-08-18,18/08 - 24/08/2025,LAPA,CASA,32677.65
2025-08-24,2025,8,24,Ago,Agosto,2025-08,Ago/2025,Domingo,Dom,7,34,2025-08-18,18/08 - 24/08/2025,LAPA,DELIVERY,2634.3
2025-08-24,2025,8,24,Ago,Agosto,2025-08,Ago/2025,Domingo,Dom,7,34,2025-08-18,18/08 - 24/08/2025,PAVÃO,CASA,15769.5
2025-08-24,2025,8,24,Ago,Agosto,2025-08,Ago/2025,Domingo,Dom,7,34,2025-08-18,18/08 - 24/08/2025,PAVÃO,DELIVERY,1844.15
2025-08-24,2025,8,24,Ago,Agosto,2025-08,Ago/2025,Domingo,Dom,7,34,2025-08-18,18/08 - 24/08/2025,PERDIZES,CASA,31622.71
2025-08-24,2025,8,24,Ago,Agosto,2025-08,Ago/2025,Domingo,Dom,7,34,2025-08-18,18/08 - 24/08/2025,PERDIZES,DELIVERY,4160.68
2025-08-24,2025,8,24,Ago,Agosto,2025-08,Ago/2025,Domingo,Dom,7,34,2025-08-18,18/08 - 24/08/2025,SANTANA,CASA,53112.82
2025-08-24,2025,8,24,Ago,Agosto,2025-08,Ago/2025,Domingo,Dom,7,34,2025-08-18,18/08 - 24/08/2025,SANTANA,DELIVERY,3392.68
2025-08-24,2025,8,24,Ago,Agosto,2025-08,Ago/2025,Domingo,Dom,7,34,2025-08-18,18/08 - 24/08/2025,SANTO ANDRÉ,CASA,28132.82
2025-08-24,2025,8,24,Ago,Agosto,2025-08,Ago/2025,Domingo,Dom,7,34,2025-08-18,18/08 - 24/08/2025,SANTO ANDRÉ,DELIVERY,1522.28
2025-08-24,2025,8,24,Ago,Agosto,2025-08,Ago/2025,Domingo,Dom,7,34,2025-08-18,18/08 - 24/08/2025,TATUAPÉ,CASA,43608.01
2025-08-24,2025,8,24,Ago,Agosto,2025-08,Ago/2025,Domingo,Dom,7,34,2025-08-18,18/08 - 24/08/2025,TATUAPÉ,DELIVERY,2972.15
2025-08-24,2025,8,24,Ago,Agosto,2025-08,Ago/2025,Domingo,Dom,7,34,2025-08-18,18/08 - 24/08/2025,VILA MADALENA,CASA,11324.78
2025-08-24,2025,8,24,Ago,Agosto,2025-08,Ago/2025,Domingo,Dom,7,34,2025-08-18,18/08 - 24/08/2025,VILA MADALENA,DELIVERY,2802.07
2025-08-24,2025,8,24,Ago,Agosto,2025-08,Ago/2025,Domingo,Dom,7,34,2025-08-18,18/08 - 24/08/2025,VILA MARIANA,CASA,37655.58
2025-08-24,2025,8,24,Ago,Agosto,2025-08,Ago/2025,Domingo,Dom,7,34,2025-08-18,18/08 - 24/08/2025,VILA MARIANA,DELIVERY,4631.9
2025-08-25,2025,8,25,Ago,Agosto,2025-08,Ago/2025,Segunda,Seg,1,35,2025-08-25,25/08 - 31/08/2025,CHÁCARA,CASA,21315.25
2025-08-25,2025,8,25,Ago,Agosto,2025-08,Ago/2025,Segunda,Seg,1,35,2025-08-25,25/08 - 31/08/2025,SANTANA,CASA,36013.65
2025-08-25,2025,8,25,Ago,Agosto,2025-08,Ago/2025,Segunda,Seg,1,35,2025-08-25,25/08 - 31/08/2025,SANTANA,DELIVERY,1339.99
2025-08-26,2025,8,26,Ago,Agosto,2025-08,Ago/2025,Terça,Ter,2,35,2025-08-25,25/08 - 31/08/2025,CARINAS,CASA,18593.82
2025-08-26,2025,8,26,Ago,Agosto,2025-08,Ago/2025,Terça,Ter,2,35,2025-08-25,25/08 - 31/08/2025,CARINAS,DELIVERY,994.79
2025-08-26,2025,8,26,Ago,Agosto,2025-08,Ago/2025,Terça,Ter,2,35,2025-08-25,25/08 - 31/08/2025,CHÁCARA,CASA,4371.7
2025-08-26,2025,8,26,Ago,Agosto,2025-08,Ago/2025,Terça,Ter,2,35,2025-08-25,25/08 - 31/08/2025,CHÁCARA,DELIVERY,1197.1
2025-08-26,2025,8,26,Ago,Agosto,2025-08,Ago/2025,Terça,Ter,2,35,2025-08-25,25/08 - 31/08/2025,LAPA,CASA,16232.69
2025-08-26,2025,8,26,Ago,Agosto,2025-08,Ago/2025,Terça,Ter,2,35,2025-08-25,25/08 - 31/08/2025,LAPA,DELIVERY,1491.99
2025-08-26,2025,8,26,Ago,Agosto,2025-08,Ago/2025,Terça,Ter,2,35,2025-08-25,25/08 - 31/08/2025,PAVÃO,CASA,1456.61
2025-08-26,2025,8,26,Ago,Agosto,2025-08,Ago/2025,Terça,Ter,2,35,2025-08-25,25/08 - 31/08/2025,PAVÃO,DELIVERY,1178.62
2025-08-26,2025,8,26,Ago,Agosto,2025-08,Ago/2025,Terça,Ter,2,35,2025-08-25,25/08 - 31/08/2025,PERDIZES,CASA,2366.42
2025-08-26,2025,8,26,Ago,Agosto,2025-08,Ago/2025,Terça,Ter,2,35,2025-08-25,25/08 - 31/08/2025,PERDIZES,DELIVERY,838.29
2025-08-26,2025,8,26,Ago,Agosto,2025-08,Ago/2025,Terça,Ter,2,35,2025-08-25,25/08 - 31/08/2025,SANTANA,CASA,17643.56
2025-08-26,2025,8,26,Ago,Agosto,2025-08,Ago/2025,Terça,Ter,2,35,2025-08-25,25/08 - 31/08/2025,SANTANA,DELIVERY,969.0
2025-08-26,2025,8,26,Ago,Agosto,2025-08,Ago/2025,Terça,Ter,2,35,2025-08-25,25/08 - 31/08/2025,TATUAPÉ,CASA,38387.67
2025-08-26,2025,8,26,Ago,Agosto,2025-08,Ago/2025,Terça,Ter,2,35,2025-08-25,25/08 - 31/08/2025,TATUAPÉ,DELIVERY,852.69
2025-08-26,2025,8,26,Ago,Agosto,2025-08,Ago/2025,Terça,Ter,2,35,2025-08-25,25/08 - 31/08/2025,VILA MADALENA,CASA,7224.46
2025-08-26,2025,8,26,Ago,Agosto,2025-08,Ago/2025,Terça,Ter,2,35,2025-08-25,25/08 - 31/08/2025,VILA MADALENA,DELIVERY,1639.38
2025-08-26,2025,8,26,Ago,Agosto,2025-08,Ago/2025,Terça,Ter,2,35,2025-08-25,25/08 - 31/08/2025,VILA MARIANA,CASA,7288.84
2025-08-26,2025,8,26,Ago,Agosto,2025-08,Ago/2025,Terça,Ter,2,35,2025-08-25,25/08 - 31/08/2025,VILA MARIANA,DELIVERY,2047.78
2025-08-27,2025,8,27,Ago,Agosto,2025-08,Ago/2025,Quarta,Qua,3,35,2025-08-25,25/08 - 31/08/2025,CARINAS,CASA,29089.85
2025-08-27,2025,8,27,Ago,Agosto,2025-08,Ago/2025,Quarta,Qua,3,35,2025-08-25,25/08 - 31/08/2025,CARINAS,DELIVERY,1288.0
2025-08-27,2025,8,27,Ago,Agosto,2025-08,Ago/2025,Quarta,Qua,3,35,2025-08-25,25/08 - 31/08/2025,CHÁCARA,CASA,908.78
2025-08-27,2025,8,27,Ago,Agosto,2025-08,Ago/2025,Quarta,Qua,3,35,2025-08-25,25/08 - 31/08/2025,CHÁCARA,DELIVERY,1761.58
2025-08-27,2025,8,27,Ago,Agosto,2025-08,Ago/2025,Quarta,Qua,3,35,2025-08-25,25/08 - 31/08/2025,LAPA,CASA,2320.3
2025-08-27,2025,8,27,Ago,Agosto,2025-08,Ago/2025,Quarta,Qua,3,35,2025-08-25,25/08 - 31/08/2025,PAVÃO,CASA,10490.82
2025-08-27,2025,8,27,Ago,Agosto,2025-08,Ago/2025,Quarta,Qua,3,35,2025-08-25,25/08 - 31/08/2025,PAVÃO,DELIVERY,1307.32
2025-08-27,2025,8,27,Ago,Agosto,2025-08,Ago/2025,Quarta,Qua,3,35,2025-08-25,25/08 - 31/08/2025,PERDIZES,CASA,11584.4
2025-08-27,2025,8,27,Ago,Agosto,2025-08,Ago/2025,Quarta,Qua,3,35,2025-08-25,25/08 - 31/08/2025,PERDIZES,DELIVERY,1358.0
2025-08-27,2025,8,27,Ago,Agosto,2025-08,Ago/2025,Quarta,Qua,3,35,2025-08-25,25/08 - 31/08/2025,SANTANA,CASA,111602.75
2025-08-27,2025,8,27,Ago,Agosto,2025-08,Ago/2025,Quarta,Qua,3,35,2025-08-25,25/08 - 31/08/2025,SANTANA,DELIVERY,1524.1
2025-08-27,2025,8,27,Ago,Agosto,2025-08,Ago/2025,Quarta,Qua,3,35,2025-08-25,25/08 - 31/08/2025,SANTO ANDRÉ,CASA,9300.54
2025-08-27,2025,8,27,Ago,Agosto,2025-08,Ago/2025,Quarta,Qua,3,35,2025-08-25,25/08 - 31/08/2025,SANTO ANDRÉ,DELIVERY,47.7
2025-08-27,2025,8,27,Ago,Agosto,2025-08,Ago/2025,Quarta,Qua,3,35,2025-08-25,25/08 - 31/08/2025,TATUAPÉ,CASA,5126.86
2025-08-27,2025,8,27,Ago,Agosto,2025-08,Ago/2025,Quarta,Qua,3,35,2025-08-25,25/08 - 31/08/2025,TATUAPÉ,DELIVERY,1478.07
2025-08-27,2025,8,27,Ago,Agosto,2025-08,Ago/2025,Quarta,Qua,3,35,2025-08-25,25/08 - 31/08/2025,VILA MADALENA,CASA,10600.9
2025-08-27,2025,8,27,Ago,Agosto,2025-08,Ago/2025,Quarta,Qua,3,35,2025-08-25,25/08 - 31/08/2025,VILA MADALENA,DELIVERY,2283.39
2025-08-27,2025,8,27,Ago,Agosto,2025-08,Ago/2025,Quarta,Qua,3,35,2025-08-25,25/08 - 31/08/2025,VILA MARIANA,CASA,12130.38
2025-08-27,2025,8,27,Ago,Agosto,2025-08,Ago/2025,Quarta,Qua,3,35,2025-08-25,25/08 - 31/08/2025,VILA MARIANA,DELIVERY,1411.0
2025-08-28,2025,8,28,Ago,Agosto,2025-08,Ago/2025,Quinta,Qui,4,35,2025-08-25,25/08 - 31/08/2025,CARINAS,CASA,55629.34
2025-08-28,2025,8,28,Ago,Agosto,2025-08,Ago/2025,Quinta,Qui,4,35,2025-08-25,25/08 - 31/08/2025,CARINAS,DELIVERY,1448.3
2025-08-28,2025,8,28,Ago,Agosto,2025-08,Ago/2025,Quinta,Qui,4,35,2025-08-25,25/08 - 31/08/2025,CHÁCARA,CASA,28739.4
2025-08-28,2025,8,28,Ago,Agosto,2025-08,Ago/2025,Quinta,Qui,4,35,2025-08-25,25/08 - 31/08/2025,CHÁCARA,DELIVERY,929.29
2025-08-28,2025,8,28,Ago,Agosto,2025-08,Ago/2025,Quinta,Qui,4,35,2025-08-25,25/08 - 31/08/2025,LAPA,CASA,5374.55
2025-08-28,2025,8,28,Ago,Agosto,2025-08,Ago/2025,Quinta,Qui,4,35,2025-08-25,25/08 - 31/08/2025,LAPA,DELIVERY,2112.38
2025-08-28,2025,8,28,Ago,Agosto,2025-08,Ago/2025,Quinta,Qui,4,35,2025-08-25,25/08 - 31/08/2025,PAVÃO,CASA,14674.44
2025-08-28,2025,8,28,Ago,Agosto,2025-08,Ago/2025,Quinta,Qui,4,35,2025-08-25,25/08 - 31/08/2025,PAVÃO,DELIVERY,1359.95
2025-08-28,2025,8,28,Ago,Agosto,2025-08,Ago/2025,Quinta,Qui,4,35,2025-08-25,25/08 - 31/08/2025,PERDIZES,CASA,10243.99
2025-08-28,2025,8,28,Ago,Agosto,2025-08,Ago/2025,Quinta,Qui,4,35,2025-08-25,25/08 - 31/08/2025,PERDIZES,DELIVERY,1696.09
2025-08-28,2025,8,28,Ago,Agosto,2025-08,Ago/2025,Quinta,Qui,4,35,2025-08-25,25/08 - 31/08/2025,SANTANA,CASA,60481.0
2025-08-28,2025,8,28,Ago,Agosto,2025-08,Ago/2025,Quinta,Qui,4,35,2025-08-25,25/08 - 31/08/2025,SANTANA,DELIVERY,1196.57
2025-08-28,2025,8,28,Ago,Agosto,2025-08,Ago/2025,Quinta,Qui,4,35,2025-08-25,25/08 - 31/08/2025,SANTO ANDRÉ,CASA,15151.86
2025-08-28,2025,8,28,Ago,Agosto,2025-08,Ago/2025,Quinta,Qui,4,35,2025-08-25,25/08 - 31/08/2025,SANTO ANDRÉ,DELIVERY,582.2
2025-08-28,2025,8,28,Ago,Agosto,2025-08,Ago/2025,Quinta,Qui,4,35,2025-08-25,25/08 - 31/08/2025,TATUAPÉ,CASA,9950.08
2025-08-28,2025,8,28,Ago,Agosto,2025-08,Ago/2025,Quinta,Qui,4,35,2025-08-25,25/08 - 31/08/2025,TATUAPÉ,DELIVERY,786.73
2025-08-28,2025,8,28,Ago,Agosto,2025-08,Ago/2025,Quinta,Qui,4,35,2025-08-25,25/08 - 31/08/2025,VILA MADALENA,CASA,55478.27
2025-08-28,2025,8,28,Ago,Agosto,2025-08,Ago/2025,Quinta,Qui,4,35,2025-08-25,25/08 - 31/08/2025,VILA MADALENA,DELIVERY,1345.2
2025-08-28,2025,8,28,Ago,Agosto,2025-08,Ago/2025,Quinta,Qui,4,35,2025-08-25,25/08 - 31/08/2025,VILA MARIANA,CASA,36725.34
2025-08-28,2025,8,28,Ago,Agosto,2025-08,Ago/2025,Quinta,Qui,4,35,2025-08-25,25/08 - 31/08/2025,VILA MARIANA,DELIVERY,2340.39
2025-08-29,2025,8,29,Ago,Agosto,2025-08,Ago/2025,Sexta,Sex,5,35,2025-08-25,25/08 - 31/08/2025,CARINAS,CASA,14639.95
2025-08-29,2025,8,29,Ago,Agosto,2025-08,Ago/2025,Sexta,Sex,5,35,2025-08-25,25/08 - 31/08/2025,CARINAS,DELIVERY,1483.88
2025-08-29,2025,8,29,Ago,Agosto,2025-08,Ago/2025,Sexta,Sex,5,35,2025-08-25,25/08 - 31/08/2025,CHÁCARA,CASA,13065.35
2025-08-29,2025,8,29,Ago,Agosto,2025-08,Ago/2025,Sexta,Sex,5,35,2025-08-25,25/08 - 31/08/2025,CHÁCARA,DELIVERY,1399.6
2025-08-29,2025,8,29,Ago,Agosto,2025-08,Ago/2025,Sexta,Sex,5,35,2025-08-25,25/08 - 31/08/2025,LAPA,CASA,17669.89
2025-08-29,2025,8,29,Ago,Agosto,2025-08,Ago/2025,Sexta,Sex,5,35,2025-08-25,25/08 - 31/08/2025,LAPA,DELIVERY,2020.59
2025-08-29,2025,8,29,Ago,Agosto,2025-08,Ago/2025,Sexta,Sex,5,35,2025-08-25,25/08 - 31/08/2025,PAVÃO,CASA,19570.94
2025-08-29,2025,8,29,Ago,Agosto,2025-08,Ago/2025,Sexta,Sex,5,35,2025-08-25,25/08 - 31/08/2025,PAVÃO,DELIVERY,589.98
2025-08-29,2025,8,29,Ago,Agosto,2025-08,Ago/2025,Sexta,Sex,5,35,2025-08-25,25/08 - 31/08/2025,PERDIZES,CASA,19459.02
2025-08-29,2025,8,29,Ago,Agosto,2025-08,Ago/2025,Sexta,Sex,5,35,2025-08-25,25/08 - 31/08/2025,PERDIZES,DELIVERY,1700.1
2025-08-29,2025,8,29,Ago,Agosto,2025-08,Ago/2025,Sexta,Sex,5,35,2025-08-25,25/08 - 31/08/2025,SANTANA,CASA,18098.89
2025-08-29,2025,8,29,Ago,Agosto,2025-08,Ago/2025,Sexta,Sex,5,35,2025-08-25,25/08 - 31/08/2025,SANTANA,DELIVERY,1511.69
2025-08-29,2025,8,29,Ago,Agosto,2025-08,Ago/2025,Sexta,Sex,5,35,2025-08-25,25/08 - 31/08/2025,SANTO ANDRÉ,CASA,40330.42
2025-08-29,2025,8,29,Ago,Agosto,2025-08,Ago/2025,Sexta,Sex,5,35,2025-08-25,25/08 - 31/08/2025,SANTO ANDRÉ,DELIVERY,724.59
2025-08-29,2025,8,29,Ago,Agosto,2025-08,Ago/2025,Sexta,Sex,5,35,2025-08-25,25/08 - 31/08/2025,TATUAPÉ,CASA,31041.13
2025-08-29,2025,8,29,Ago,Agosto,2025-08,Ago/2025,Sexta,Sex,5,35,2025-08-25,25/08 - 31/08/2025,TATUAPÉ,DELIVERY,2587.24
2025-08-29,2025,8,29,Ago,Agosto,2025-08,Ago/2025,Sexta,Sex,5,35,2025-08-25,25/08 - 31/08/2025,VILA MADALENA,CASA,14092.42
2025-08-29,2025,8,29,Ago,Agosto,2025-08,Ago/2025,Sexta,Sex,5,35,2025-08-25,25/08 - 31/08/2025,VILA MADALENA,DELIVERY,799.9
2025-08-29,2025,8,29,Ago,Agosto,2025-08,Ago/2025,Sexta,Sex,5,35,2025-08-25,25/08 - 31/08/2025,VILA MARIANA,CASA,14668.97
2025-08-29,2025,8,29,Ago,Agosto,2025-08,Ago/2025,Sexta,Sex,5,35,2025-08-25,25/08 - 31/08/2025,VILA MARIANA,DELIVERY,2279.1
2025-08-30,2025,8,30,Ago,Agosto,2025-08,Ago/2025,Sábado,Sáb,6,35,2025-08-25,25/08 - 31/08/2025,CARINAS,CASA,154881.78
2025-08-30,2025,8,30,Ago,Agosto,2025-08,Ago/2025,Sábado,Sáb,6,35,2025-08-25,25/08 - 31/08/2025,CARINAS,DELIVERY,4292.2
2025-08-30,2025,8,30,Ago,Agosto,2025-08,Ago/2025,Sábado,Sáb,6,35,2025-08-25,25/08 - 31/08/2025,CHÁCARA,CASA,52730.56
2025-08-30,2025,8,30,Ago,Agosto,2025-08,Ago/2025,Sábado,Sáb,6,35,2025-08-25,25/08 - 31/08/2025,CHÁCARA,DELIVERY,3458.5
2025-08-30,2025,8,30,Ago,Agosto,2025-08,Ago/2025,Sábado,Sáb,6,35,2025-08-25,25/08 - 31/08/2025,LAPA,CASA,47848.13
2025-08-30,2025,8,30,Ago,Agosto,2025-08,Ago/2025,Sábado,Sáb,6,35,2025-08-25,25/08 - 31/08/2025,LAPA,DELIVERY,6158.88
2025-08-30,2025,8,30,Ago,Agosto,2025-08,Ago/2025,Sábado,Sáb,6,35,2025-08-25,25/08 - 31/08/2025,PAVÃO,CASA,27845.41
2025-08-30,2025,8,30,Ago,Agosto,2025-08,Ago/2025,Sábado,Sáb,6,35,2025-08-25,25/08 - 31/08/2025,PAVÃO,DELIVERY,1064.18
2025-08-30,2025,8,30,Ago,Agosto,2025-08,Ago/2025,Sábado,Sáb,6,35,2025-08-25,25/08 - 31/08/2025,PERDIZES,CASA,49608.58
2025-08-30,2025,8,30,Ago,Agosto,2025-08,Ago/2025,Sábado,Sáb,6,35,2025-08-25,25/08 - 31/08/2025,PERDIZES,DELIVERY,3208.4
2025-08-30,2025,8,30,Ago,Agosto,2025-08,Ago/2025,Sábado,Sáb,6,35,2025-08-25,25/08 - 31/08/2025,SANTANA,CASA,121335.34
2025-08-30,2025,8,30,Ago,Agosto,2025-08,Ago/2025,Sábado,Sáb,6,35,2025-08-25,25/08 - 31/08/2025,SANTANA,DELIVERY,3367.8
2025-08-30,2025,8,30,Ago,Agosto,2025-08,Ago/2025,Sábado,Sáb,6,35,2025-08-25,25/08 - 31/08/2025,SANTO ANDRÉ,CASA,144715.16
2025-08-30,2025,8,30,Ago,Agosto,2025-08,Ago/2025,Sábado,Sáb,6,35,2025-08-25,25/08 - 31/08/2025,SANTO ANDRÉ,DELIVERY,1138.9
2025-08-30,2025,8,30,Ago,Agosto,2025-08,Ago/2025,Sábado,Sáb,6,35,2025-08-25,25/08 - 31/08/2025,TATUAPÉ,CASA,173238.76
2025-08-30,2025,8,30,Ago,Agosto,2025-08,Ago/2025,Sábado,Sáb,6,35,2025-08-25,25/08 - 31/08/2025,TATUAPÉ,DELIVERY,3716.54
2025-08-30,2025,8,30,Ago,Agosto,2025-08,Ago/2025,Sábado,Sáb,6,35,2025-08-25,25/08 - 31/08/2025,VILA MADALENA,CASA,32950.27
2025-08-30,2025,8,30,Ago,Agosto,2025-08,Ago/2025,Sábado,Sáb,6,35,2025-08-25,25/08 - 31/08/2025,VILA MADALENA,DELIVERY,2756.49
2025-08-30,2025,8,30,Ago,Agosto,2025-08,Ago/2025,Sábado,Sáb,6,35,2025-08-25,25/08 - 31/08/2025,VILA MARIANA,CASA,50779.83
2025-08-30,2025,8,30,Ago,Agosto,2025-08,Ago/2025,Sábado,Sáb,6,35,2025-08-25,25/08 - 31/08/2025,VILA MARIANA,DELIVERY,4413.6
2025-08-31,2025,8,31,Ago,Agosto,2025-08,Ago/2025,Domingo,Dom,7,35,2025-08-25,25/08 - 31/08/2025,CARINAS,CASA,83058.49
2025-08-31,2025,8,31,Ago,Agosto,2025-08,Ago/2025,Domingo,Dom,7,35,2025-08-25,25/08 - 31/08/2025,CARINAS,DELIVERY,3817.28
2025-08-31,2025,8,31,Ago,Agosto,2025-08,Ago/2025,Domingo,Dom,7,35,2025-08-25,25/08 - 31/08/2025,CHÁCARA,CASA,13074.53
2025-08-31,2025,8,31,Ago,Agosto,2025-08,Ago/2025,Domingo,Dom,7,35,2025-08-25,25/08 - 31/08/2025,CHÁCARA,DELIVERY,3446.2
2025-08-31,2025,8,31,Ago,Agosto,2025-08,Ago/2025,Domingo,Dom,7,35,2025-08-25,25/08 - 31/08/2025,LAPA,CASA,35056.93
2025-08-31,2025,8,31,Ago,Agosto,2025-08,Ago/2025,Domingo,Dom,7,35,2025-08-25,25/08 - 31/08/2025,LAPA,DELIVERY,3909.5
2025-08-31,2025,8,31,Ago,Agosto,2025-08,Ago/2025,Domingo,Dom,7,35,2025-08-25,25/08 - 31/08/2025,PAVÃO,CASA,17866.48
2025-08-31,2025,8,31,Ago,Agosto,2025-08,Ago/2025,Domingo,Dom,7,35,2025-08-25,25/08 - 31/08/2025,PAVÃO,DELIVERY,1033.37
2025-08-31,2025,8,31,Ago,Agosto,2025-08,Ago/2025,Domingo,Dom,7,35,2025-08-25,25/08 - 31/08/2025,PERDIZES,CASA,22817.9
2025-08-31,2025,8,31,Ago,Agosto,2025-08,Ago/2025,Domingo,Dom,7,35,2025-08-25,25/08 - 31/08/2025,PERDIZES,DELIVERY,4016.0
2025-08-31,2025,8,31,Ago,Agosto,2025-08,Ago/2025,Domingo,Dom,7,35,2025-08-25,25/08 - 31/08/2025,SANTANA,CASA,37064.61
2025-08-31,2025,8,31,Ago,Agosto,2025-08,Ago/2025,Domingo,Dom,7,35,2025-08-25,25/08 - 31/08/2025,SANTANA,DELIVERY,4739.19
2025-08-31,2025,8,31,Ago,Agosto,2025-08,Ago/2025,Domingo,Dom,7,35,2025-08-25,25/08 - 31/08/2025,SANTO ANDRÉ,CASA,58338.08
2025-08-31,2025,8,31,Ago,Agosto,2025-08,Ago/2025,Domingo,Dom,7,35,2025-08-25,25/08 - 31/08/2025,SANTO ANDRÉ,DELIVERY,2399.5
2025-08-31,2025,8,31,Ago,Agosto,2025-08,Ago/2025,Domingo,Dom,7,35,2025-08-25,25/08 - 31/08/2025,TATUAPÉ,CASA,52122.69
2025-08-31,2025,8,31,Ago,Agosto,2025-08,Ago/2025,Domingo,Dom,7,35,2025-08-25,25/08 - 31/08/2025,TATUAPÉ,DELIVERY,4174.41
2025-08-31,2025,8,31,Ago,Agosto,2025-08,Ago/2025,Domingo,Dom,7,35,2025-08-25,25/08 - 31/08/2025,VILA MADALENA,CASA,14973.48
2025-08-31,2025,8,31,Ago,Agosto,2025-08,Ago/2025,Domingo,Dom,7,35,2025-08-25,25/08 - 31/08/2025,VILA MADALENA,DELIVERY,2831.9
2025-08-31,2025,8,31,Ago,Agosto,2025-08,Ago/2025,Domingo,Dom,7,35,2025-08-25,25/08 - 31/08/2025,VILA MARIANA,CASA,31153.95
2025-08-31,2025,8,31,Ago,Agosto,2025-08,Ago/2025,Domingo,Dom,7,35,2025-08-25,25/08 - 31/08/2025,VILA MARIANA,DELIVERY,5783.33
2025-09-01,2025,9,1,Set,Setembro,2025-09,Set/2025,Segunda,Seg,1,36,2025-09-01,01/09 - 07/09/2025,PAVÃO,CASA,28799.38
2025-09-01,2025,9,1,Set,Setembro,2025-09,Set/2025,Segunda,Seg,1,36,2025-09-01,01/09 - 07/09/2025,PAVÃO,DELIVERY,2007.05
2025-09-02,2025,9,2,Set,Setembro,2025-09,Set/2025,Terça,Ter,2,36,2025-09-01,01/09 - 07/09/2025,CARINAS,CASA,26761.1
2025-09-02,2025,9,2,Set,Setembro,2025-09,Set/2025,Terça,Ter,2,36,2025-09-01,01/09 - 07/09/2025,CARINAS,DELIVERY,1226.1
2025-09-02,2025,9,2,Set,Setembro,2025-09,Set/2025,Terça,Ter,2,36,2025-09-01,01/09 - 07/09/2025,CHÁCARA,CASA,285.87
2025-09-02,2025,9,2,Set,Setembro,2025-09,Set/2025,Terça,Ter,2,36,2025-09-01,01/09 - 07/09/2025,CHÁCARA,DELIVERY,826.7
2025-09-02,2025,9,2,Set,Setembro,2025-09,Set/2025,Terça,Ter,2,36,2025-09-01,01/09 - 07/09/2025,LAPA,CASA,8213.65
2025-09-02,2025,9,2,Set,Setembro,2025-09,Set/2025,Terça,Ter,2,36,2025-09-01,01/09 - 07/09/2025,LAPA,DELIVERY,1502.29
2025-09-02,2025,9,2,Set,Setembro,2025-09,Set/2025,Terça,Ter,2,36,2025-09-01,01/09 - 07/09/2025,PAVÃO,CASA,3558.67
2025-09-02,2025,9,2,Set,Setembro,2025-09,Set/2025,Terça,Ter,2,36,2025-09-01,01/09 - 07/09/2025,PAVÃO,DELIVERY,1400.01
2025-09-02,2025,9,2,Set,Setembro,2025-09,Set/2025,Terça,Ter,2,36,2025-09-01,01/09 - 07/09/2025,PERDIZES,CASA,4522.59
2025-09-02,2025,9,2,Set,Setembro,2025-09,Set/2025,Terça,Ter,2,36,2025-09-01,01/09 - 07/09/2025,PERDIZES,DELIVERY,860.5
2025-09-02,2025,9,2,Set,Setembro,2025-09,Set/2025,Terça,Ter,2,36,2025-09-01,01/09 - 07/09/2025,SANTANA,CASA,39442.82
2025-09-02,2025,9,2,Set,Setembro,2025-09,Set/2025,Terça,Ter,2,36,2025-09-01,01/09 - 07/09/2025,SANTANA,DELIVERY,1075.0
2025-09-02,2025,9,2,Set,Setembro,2025-09,Set/2025,Terça,Ter,2,36,2025-09-01,01/09 - 07/09/2025,TATUAPÉ,CASA,31220.58
2025-09-02,2025,9,2,Set,Setembro,2025-09,Set/2025,Terça,Ter,2,36,2025-09-01,01/09 - 07/09/2025,TATUAPÉ,DELIVERY,1304.07
2025-09-02,2025,9,2,Set,Setembro,2025-09,Set/2025,Terça,Ter,2,36,2025-09-01,01/09 - 07/09/2025,VILA MADALENA,CASA,4232.86
2025-09-02,2025,9,2,Set,Setembro,2025-09,Set/2025,Terça,Ter,2,36,2025-09-01,01/09 - 07/09/2025,VILA MADALENA,DELIVERY,1592.0
2025-09-02,2025,9,2,Set,Setembro,2025-09,Set/2025,Terça,Ter,2,36,2025-09-01,01/09 - 07/09/2025,VILA MARIANA,CASA,2969.12
2025-09-02,2025,9,2,Set,Setembro,2025-09,Set/2025,Terça,Ter,2,36,2025-09-01,01/09 - 07/09/2025,VILA MARIANA,DELIVERY,2358.39
2025-09-03,2025,9,3,Set,Setembro,2025-09,Set/2025,Quarta,Qua,3,36,2025-09-01,01/09 - 07/09/2025,CARINAS,CASA,18746.16
2025-09-03,2025,9,3,Set,Setembro,2025-09,Set/2025,Quarta,Qua,3,36,2025-09-01,01/09 - 07/09/2025,CARINAS,DELIVERY,1535.7
2025-09-03,2025,9,3,Set,Setembro,2025-09,Set/2025,Quarta,Qua,3,36,2025-09-01,01/09 - 07/09/2025,CHÁCARA,CASA,2923.97
2025-09-03,2025,9,3,Set,Setembro,2025-09,Set/2025,Quarta,Qua,3,36,2025-09-01,01/09 - 07/09/2025,CHÁCARA,DELIVERY,1303.49
2025-09-03,2025,9,3,Set,Setembro,2025-09,Set/2025,Quarta,Qua,3,36,2025-09-01,01/09 - 07/09/2025,LAPA,CASA,6340.62
2025-09-03,2025,9,3,Set,Setembro,2025-09,Set/2025,Quarta,Qua,3,36,2025-09-01,01/09 - 07/09/2025,LAPA,DELIVERY,1208.2
2025-09-03,2025,9,3,Set,Setembro,2025-09,Set/2025,Quarta,Qua,3,36,2025-09-01,01/09 - 07/09/2025,PAVÃO,CASA,6451.17
2025-09-03,2025,9,3,Set,Setembro,2025-09,Set/2025,Quarta,Qua,3,36,2025-09-01,01/09 - 07/09/2025,PAVÃO,DELIVERY,1291.58
2025-09-03,2025,9,3,Set,Setembro,2025-09,Set/2025,Quarta,Qua,3,36,2025-09-01,01/09 - 07/09/2025,PERDIZES,CASA,18648.78
2025-09-03,2025,9,3,Set,Setembro,2025-09,Set/2025,Quarta,Qua,3,36,2025-09-01,01/09 - 07/09/2025,PERDIZES,DELIVERY,1149.7
2025-09-03,2025,9,3,Set,Setembro,2025-09,Set/2025,Quarta,Qua,3,36,2025-09-01,01/09 - 07/09/2025,SANTANA,CASA,18770.94
2025-09-03,2025,9,3,Set,Setembro,2025-09,Set/2025,Quarta,Qua,3,36,2025-09-01,01/09 - 07/09/2025,SANTANA,DELIVERY,1003.8
2025-09-03,2025,9,3,Set,Setembro,2025-09,Set/2025,Quarta,Qua,3,36,2025-09-01,01/09 - 07/09/2025,SANTO ANDRÉ,CASA,25953.73
2025-09-03,2025,9,3,Set,Setembro,2025-09,Set/2025,Quarta,Qua,3,36,2025-09-01,01/09 - 07/09/2025,SANTO ANDRÉ,DELIVERY,424.69
2025-09-03,2025,9,3,Set,Setembro,2025-09,Set/2025,Quarta,Qua,3,36,2025-09-01,01/09 - 07/09/2025,TATUAPÉ,CASA,4086.47
2025-09-03,2025,9,3,Set,Setembro,2025-09,Set/2025,Quarta,Qua,3,36,2025-09-01,01/09 - 07/09/2025,TATUAPÉ,DELIVERY,1152.78
2025-09-03,2025,9,3,Set,Setembro,2025-09,Set/2025,Quarta,Qua,3,36,2025-09-01,01/09 - 07/09/2025,VILA MADALENA,CASA,3794.92
2025-09-03,2025,9,3,Set,Setembro,2025-09,Set/2025,Quarta,Qua,3,36,2025-09-01,01/09 - 07/09/2025,VILA MADALENA,DELIVERY,1281.6
2025-09-03,2025,9,3,Set,Setembro,2025-09,Set/2025,Quarta,Qua,3,36,2025-09-01,01/09 - 07/09/2025,VILA MARIANA,CASA,16134.02
2025-09-03,2025,9,3,Set,Setembro,2025-09,Set/2025,Quarta,Qua,3,36,2025-09-01,01/09 - 07/09/2025,VILA MARIANA,DELIVERY,2736.09
2025-09-04,2025,9,4,Set,Setembro,2025-09,Set/2025,Quinta,Qui,4,36,2025-09-01,01/09 - 07/09/2025,CARINAS,CASA,48339.79
2025-09-04,2025,9,4,Set,Setembro,2025-09,Set/2025,Quinta,Qui,4,36,2025-09-01,01/09 - 07/09/2025,CARINAS,DELIVERY,1751.09
2025-09-04,2025,9,4,Set,Setembro,2025-09,Set/2025,Quinta,Qui,4,36,2025-09-01,01/09 - 07/09/2025,CHÁCARA,CASA,20472.47
2025-09-04,2025,9,4,Set,Setembro,2025-09,Set/2025,Quinta,Qui,4,36,2025-09-01,01/09 - 07/09/2025,CHÁCARA,DELIVERY,1527.99
2025-09-04,2025,9,4,Set,Setembro,2025-09,Set/2025,Quinta,Qui,4,36,2025-09-01,01/09 - 07/09/2025,LAPA,CASA,10110.38
2025-09-04,2025,9,4,Set,Setembro,2025-09,Set/2025,Quinta,Qui,4,36,2025-09-01,01/09 - 07/09/2025,LAPA,DELIVERY,2789.67
2025-09-04,2025,9,4,Set,Setembro,2025-09,Set/2025,Quinta,Qui,4,36,2025-09-01,01/09 - 07/09/2025,PAVÃO,CASA,14576.7
2025-09-04,2025,9,4,Set,Setembro,2025-09,Set/2025,Quinta,Qui,4,36,2025-09-01,01/09 - 07/09/2025,PAVÃO,DELIVERY,1426.56
2025-09-04,2025,9,4,Set,Setembro,2025-09,Set/2025,Quinta,Qui,4,36,2025-09-01,01/09 - 07/09/2025,PERDIZES,CASA,18197.25
2025-09-04,2025,9,4,Set,Setembro,2025-09,Set/2025,Quinta,Qui,4,36,2025-09-01,01/09 - 07/09/2025,PERDIZES,DELIVERY,1366.3
2025-09-04,2025,9,4,Set,Setembro,2025-09,Set/2025,Quinta,Qui,4,36,2025-09-01,01/09 - 07/09/2025,SANTANA,CASA,15616.97
2025-09-04,2025,9,4,Set,Setembro,2025-09,Set/2025,Quinta,Qui,4,36,2025-09-01,01/09 - 07/09/2025,SANTANA,DELIVERY,1440.7
2025-09-04,2025,9,4,Set,Setembro,2025-09,Set/2025,Quinta,Qui,4,36,2025-09-01,01/09 - 07/09/2025,SANTO ANDRÉ,CASA,23371.25
2025-09-04,2025,9,4,Set,Setembro,2025-09,Set/2025,Quinta,Qui,4,36,2025-09-01,01/09 - 07/09/2025,SANTO ANDRÉ,DELIVERY,274.1
2025-09-04,2025,9,4,Set,Setembro,2025-09,Set/2025,Quinta,Qui,4,36,2025-09-01,01/09 - 07/09/2025,TATUAPÉ,CASA,10766.3
2025-09-04,2025,9,4,Set,Setembro,2025-09,Set/2025,Quinta,Qui,4,36,2025-09-01,01/09 - 07/09/2025,TATUAPÉ,DELIVERY,1190.05
2025-09-04,2025,9,4,Set,Setembro,2025-09,Set/2025,Quinta,Qui,4,36,2025-09-01,01/09 - 07/09/2025,VILA MADALENA,CASA,32668.93
2025-09-04,2025,9,4,Set,Setembro,2025-09,Set/2025,Quinta,Qui,4,36,2025-09-01,01/09 - 07/09/2025,VILA MADALENA,DELIVERY,868.09
2025-09-04,2025,9,4,Set,Setembro,2025-09,Set/2025,Quinta,Qui,4,36,2025-09-01,01/09 - 07/09/2025,VILA MARIANA,CASA,12247.38
2025-09-04,2025,9,4,Set,Setembro,2025-09,Set/2025,Quinta,Qui,4,36,2025-09-01,01/09 - 07/09/2025,VILA MARIANA,DELIVERY,1602.2
2025-09-05,2025,9,5,Set,Setembro,2025-09,Set/2025,Sexta,Sex,5,36,2025-09-01,01/09 - 07/09/2025,CARINAS,CASA,82919.57
2025-09-05,2025,9,5,Set,Setembro,2025-09,Set/2025,Sexta,Sex,5,36,2025-09-01,01/09 - 07/09/2025,CARINAS,DELIVERY,1242.3
2025-09-05,2025,9,5,Set,Setembro,2025-09,Set/2025,Sexta,Sex,5,36,2025-09-01,01/09 - 07/09/2025,CHÁCARA,CASA,19208.49
2025-09-05,2025,9,5,Set,Setembro,2025-09,Set/2025,Sexta,Sex,5,36,2025-09-01,01/09 - 07/09/2025,CHÁCARA,DELIVERY,1189.79
2025-09-05,2025,9,5,Set,Setembro,2025-09,Set/2025,Sexta,Sex,5,36,2025-09-01,01/09 - 07/09/2025,LAPA,CASA,14090.52
2025-09-05,2025,9,5,Set,Setembro,2025-09,Set/2025,Sexta,Sex,5,36,2025-09-01,01/09 - 07/09/2025,LAPA,DELIVERY,2242.2
2025-09-05,2025,9,5,Set,Setembro,2025-09,Set/2025,Sexta,Sex,5,36,2025-09-01,01/09 - 07/09/2025,PAVÃO,CASA,24907.66
2025-09-05,2025,9,5,Set,Setembro,2025-09,Set/2025,Sexta,Sex,5,36,2025-09-01,01/09 - 07/09/2025,PAVÃO,DELIVERY,521.43
2025-09-05,2025,9,5,Set,Setembro,2025-09,Set/2025,Sexta,Sex,5,36,2025-09-01,01/09 - 07/09/2025,PERDIZES,CASA,15300.51
2025-09-05,2025,9,5,Set,Setembro,2025-09,Set/2025,Sexta,Sex,5,36,2025-09-01,01/09 - 07/09/2025,PERDIZES,DELIVERY,1578.09
2025-09-05,2025,9,5,Set,Setembro,2025-09,Set/2025,Sexta,Sex,5,36,2025-09-01,01/09 - 07/09/2025,SANTANA,CASA,43810.68
2025-09-05,2025,9,5,Set,Setembro,2025-09,Set/2025,Sexta,Sex,5,36,2025-09-01,01/09 - 07/09/2025,SANTANA,DELIVERY,2084.1
2025-09-05,2025,9,5,Set,Setembro,2025-09,Set/2025,Sexta,Sex,5,36,2025-09-01,01/09 - 07/09/2025,SANTO ANDRÉ,CASA,14462.72
2025-09-05,2025,9,5,Set,Setembro,2025-09,Set/2025,Sexta,Sex,5,36,2025-09-01,01/09 - 07/09/2025,SANTO ANDRÉ,DELIVERY,164.1
2025-09-05,2025,9,5,Set,Setembro,2025-09,Set/2025,Sexta,Sex,5,36,2025-09-01,01/09 - 07/09/2025,TATUAPÉ,CASA,58800.34
2025-09-05,2025,9,5,Set,Setembro,2025-09,Set/2025,Sexta,Sex,5,36,2025-09-01,01/09 - 07/09/2025,TATUAPÉ,DELIVERY,1826.64
2025-09-05,2025,9,5,Set,Setembro,2025-09,Set/2025,Sexta,Sex,5,36,2025-09-01,01/09 - 07/09/2025,VILA MADALENA,CASA,46864.91
2025-09-05,2025,9,5,Set,Setembro,2025-09,Set/2025,Sexta,Sex,5,36,2025-09-01,01/09 - 07/09/2025,VILA MADALENA,DELIVERY,1544.19
2025-09-05,2025,9,5,Set,Setembro,2025-09,Set/2025,Sexta,Sex,5,36,2025-09-01,01/09 - 07/09/2025,VILA MARIANA,CASA,20748.28
2025-09-05,2025,9,5,Set,Setembro,2025-09,Set/2025,Sexta,Sex,5,36,2025-09-01,01/09 - 07/09/2025,VILA MARIANA,DELIVERY,3615.48
2025-09-06,2025,9,6,Set,Setembro,2025-09,Set/2025,Sábado,Sáb,6,36,2025-09-01,01/09 - 07/09/2025,CARINAS,CASA,220637.8
2025-09-06,2025,9,6,Set,Setembro,2025-09,Set/2025,Sábado,Sáb,6,36,2025-09-01,01/09 - 07/09/2025,CARINAS,DELIVERY,3096.78
2025-09-06,2025,9,6,Set,Setembro,2025-09,Set/2025,Sábado,Sáb,6,36,2025-09-01,01/09 - 07/09/2025,CHÁCARA,CASA,21722.68
2025-09-06,2025,9,6,Set,Setembro,2025-09,Set/2025,Sábado,Sáb,6,36,2025-09-01,01/09 - 07/09/2025,CHÁCARA,DELIVERY,1583.89
2025-09-06,2025,9,6,Set,Setembro,2025-09,Set/2025,Sábado,Sáb,6,36,2025-09-01,01/09 - 07/09/2025,LAPA,CASA,63679.18
2025-09-06,2025,9,6,Set,Setembro,2025-09,Set/2025,Sábado,Sáb,6,36,2025-09-01,01/09 - 07/09/2025,LAPA,DELIVERY,3805.39
2025-09-06,2025,9,6,Set,Setembro,2025-09,Set/2025,Sábado,Sáb,6,36,2025-09-01,01/09 - 07/09/2025,PAVÃO,CASA,46596.42
2025-09-06,2025,9,6,Set,Setembro,2025-09,Set/2025,Sábado,Sáb,6,36,2025-09-01,01/09 - 07/09/2025,PAVÃO,DELIVERY,436.27
2025-09-06,2025,9,6,Set,Setembro,2025-09,Set/2025,Sábado,Sáb,6,36,2025-09-01,01/09 - 07/09/2025,PERDIZES,CASA,48959.39
2025-09-06,2025,9,6,Set,Setembro,2025-09,Set/2025,Sábado,Sáb,6,36,2025-09-01,01/09 - 07/09/2025,PERDIZES,DELIVERY,2467.0
2025-09-06,2025,9,6,Set,Setembro,2025-09,Set/2025,Sábado,Sáb,6,36,2025-09-01,01/09 - 07/09/2025,SANTANA,CASA,131740.68
2025-09-06,2025,9,6,Set,Setembro,2025-09,Set/2025,Sábado,Sáb,6,36,2025-09-01,01/09 - 07/09/2025,SANTANA,DELIVERY,3244.19
2025-09-06,2025,9,6,Set,Setembro,2025-09,Set/2025,Sábado,Sáb,6,36,2025-09-01,01/09 - 07/09/2025,SANTO ANDRÉ,CASA,152989.47
2025-09-06,2025,9,6,Set,Setembro,2025-09,Set/2025,Sábado,Sáb,6,36,2025-09-01,01/09 - 07/09/2025,SANTO ANDRÉ,DELIVERY,796.1
2025-09-06,2025,9,6,Set,Setembro,2025-09,Set/2025,Sábado,Sáb,6,36,2025-09-01,01/09 - 07/09/2025,TATUAPÉ,CASA,195109.73
2025-09-06,2025,9,6,Set,Setembro,2025-09,Set/2025,Sábado,Sáb,6,36,2025-09-01,01/09 - 07/09/2025,TATUAPÉ,DELIVERY,2055.1
2025-09-06,2025,9,6,Set,Setembro,2025-09,Set/2025,Sábado,Sáb,6,36,2025-09-01,01/09 - 07/09/2025,VILA MADALENA,CASA,26722.51
2025-09-06,2025,9,6,Set,Setembro,2025-09,Set/2025,Sábado,Sáb,6,36,2025-09-01,01/09 - 07/09/2025,VILA MADALENA,DELIVERY,1411.2
2025-09-06,2025,9,6,Set,Setembro,2025-09,Set/2025,Sábado,Sáb,6,36,2025-09-01,01/09 - 07/09/2025,VILA MARIANA,CASA,52322.92
2025-09-06,2025,9,6,Set,Setembro,2025-09,Set/2025,Sábado,Sáb,6,36,2025-09-01,01/09 - 07/09/2025,VILA MARIANA,DELIVERY,4707.19
2025-09-07,2025,9,7,Set,Setembro,2025-09,Set/2025,Domingo,Dom,7,36,2025-09-01,01/09 - 07/09/2025,CARINAS,CASA,52251.07
2025-09-07,2025,9,7,Set,Setembro,2025-09,Set/2025,Domingo,Dom,7,36,2025-09-01,01/09 - 07/09/2025,CARINAS,DELIVERY,4657.89
2025-09-07,2025,9,7,Set,Setembro,2025-09,Set/2025,Domingo,Dom,7,36,2025-09-01,01/09 - 07/09/2025,CHÁCARA,CASA,17767.93
2025-09-07,2025,9,7,Set,Setembro,2025-09,Set/2025,Domingo,Dom,7,36,2025-09-01,01/09 - 07/09/2025,CHÁCARA,DELIVERY,3951.2
2025-09-07,2025,9,7,Set,Setembro,2025-09,Set/2025,Domingo,Dom,7,36,2025-09-01,01/09 - 07/09/2025,LAPA,CASA,23629.73
2025-09-07,2025,9,7,Set,Setembro,2025-09,Set/2025,Domingo,Dom,7,36,2025-09-01,01/09 - 07/09/2025,LAPA,DELIVERY,3694.38
2025-09-07,2025,9,7,Set,Setembro,2025-09,Set/2025,Domingo,Dom,7,36,2025-09-01,01/09 - 07/09/2025,PAVÃO,CASA,10198.95
2025-09-07,2025,9,7,Set,Setembro,2025-09,Set/2025,Domingo,Dom,7,36,2025-09-01,01/09 - 07/09/2025,PAVÃO,DELIVERY,1835.88
2025-09-07,2025,9,7,Set,Setembro,2025-09,Set/2025,Domingo,Dom,7,36,2025-09-01,01/09 - 07/09/2025,PERDIZES,CASA,18517.29
2025-09-07,2025,9,7,Set,Setembro,2025-09,Set/2025,Domingo,Dom,7,36,2025-09-01,01/09 - 07/09/2025,PERDIZES,DELIVERY,3673.4
2025-09-07,2025,9,7,Set,Setembro,2025-09,Set/2025,Domingo,Dom,7,36,2025-09-01,01/09 - 07/09/2025,SANTANA,CASA,68361.93
2025-09-07,2025,9,7,Set,Setembro,2025-09,Set/2025,Domingo,Dom,7,36,2025-09-01,01/09 - 07/09/2025,SANTANA,DELIVERY,5242.86
2025-09-07,2025,9,7,Set,Setembro,2025-09,Set/2025,Domingo,Dom,7,36,2025-09-01,01/09 - 07/09/2025,SANTO ANDRÉ,CASA,50491.88
2025-09-07,2025,9,7,Set,Setembro,2025-09,Set/2025,Domingo,Dom,7,36,2025-09-01,01/09 - 07/09/2025,SANTO ANDRÉ,DELIVERY,1398.4
2025-09-07,2025,9,7,Set,Setembro,2025-09,Set/2025,Domingo,Dom,7,36,2025-09-01,01/09 - 07/09/2025,TATUAPÉ,CASA,63654.72
2025-09-07,2025,9,7,Set,Setembro,2025-09,Set/2025,Domingo,Dom,7,36,2025-09-01,01/09 - 07/09/2025,TATUAPÉ,DELIVERY,4276.35
2025-09-07,2025,9,7,Set,Setembro,2025-09,Set/2025,Domingo,Dom,7,36,2025-09-01,01/09 - 07/09/2025,VILA MADALENA,CASA,15994.42
2025-09-07,2025,9,7,Set,Setembro,2025-09,Set/2025,Domingo,Dom,7,36,2025-09-01,01/09 - 07/09/2025,VILA MADALENA,DELIVERY,3443.69
2025-09-07,2025,9,7,Set,Setembro,2025-09,Set/2025,Domingo,Dom,7,36,2025-09-01,01/09 - 07/09/2025,VILA MARIANA,CASA,26704.23
2025-09-07,2025,9,7,Set,Setembro,2025-09,Set/2025,Domingo,Dom,7,36,2025-09-01,01/09 - 07/09/2025,VILA MARIANA,DELIVERY,5538.69
2025-09-08,2025,9,8,Set,Setembro,2025-09,Set/2025,Segunda,Seg,1,37,2025-09-08,08/09 - 14/09/2025,SANTANA,CASA,1378.37
2025-09-08,2025,9,8,Set,Setembro,2025-09,Set/2025,Segunda,Seg,1,37,2025-09-08,08/09 - 14/09/2025,SANTANA,DELIVERY,2402.89
2025-09-09,2025,9,9,Set,Setembro,2025-09,Set/2025,Terça,Ter,2,37,2025-09-08,08/09 - 14/09/2025,CARINAS,CASA,36504.5
2025-09-09,2025,9,9,Set,Setembro,2025-09,Set/2025,Terça,Ter,2,37,2025-09-08,08/09 - 14/09/2025,CARINAS,DELIVERY,1827.39
2025-09-09,2025,9,9,Set,Setembro,2025-09,Set/2025,Terça,Ter,2,37,2025-09-08,08/09 - 14/09/2025,CHÁCARA,CASA,11303.25
2025-09-09,2025,9,9,Set,Setembro,2025-09,Set/2025,Terça,Ter,2,37,2025-09-08,08/09 - 14/09/2025,CHÁCARA,DELIVERY,1044.5
2025-09-09,2025,9,9,Set,Setembro,2025-09,Set/2025,Terça,Ter,2,37,2025-09-08,08/09 - 14/09/2025,LAPA,CASA,10822.29
2025-09-09,2025,9,9,Set,Setembro,2025-09,Set/2025,Terça,Ter,2,37,2025-09-08,08/09 - 14/09/2025,LAPA,DELIVERY,1175.3
2025-09-09,2025,9,9,Set,Setembro,2025-09,Set/2025,Terça,Ter,2,37,2025-09-08,08/09 - 14/09/2025,PAVÃO,CASA,9397.23
2025-09-09,2025,9,9,Set,Setembro,2025-09,Set/2025,Terça,Ter,2,37,2025-09-08,08/09 - 14/09/2025,PAVÃO,DELIVERY,1078.84
2025-09-09,2025,9,9,Set,Setembro,2025-09,Set/2025,Terça,Ter,2,37,2025-09-08,08/09 - 14/09/2025,PERDIZES,CASA,7003.25
2025-09-09,2025,9,9,Set,Setembro,2025-09,Set/2025,Terça,Ter,2,37,2025-09-08,08/09 - 14/09/2025,PERDIZES,DELIVERY,1442.9
2025-09-09,2025,9,9,Set,Setembro,2025-09,Set/2025,Terça,Ter,2,37,2025-09-08,08/09 - 14/09/2025,SANTANA,CASA,33194.74
2025-09-09,2025,9,9,Set,Setembro,2025-09,Set/2025,Terça,Ter,2,37,2025-09-08,08/09 - 14/09/2025,SANTANA,DELIVERY,1476.9
2025-09-09,2025,9,9,Set,Setembro,2025-09,Set/2025,Terça,Ter,2,37,2025-09-08,08/09 - 14/09/2025,TATUAPÉ,CASA,21763.57
2025-09-09,2025,9,9,Set,Setembro,2025-09,Set/2025,Terça,Ter,2,37,2025-09-08,08/09 - 14/09/2025,TATUAPÉ,DELIVERY,1592.53
2025-09-09,2025,9,9,Set,Setembro,2025-09,Set/2025,Terça,Ter,2,37,2025-09-08,08/09 - 14/09/2025,VILA MADALENA,CASA,16497.62
2025-09-09,2025,9,9,Set,Setembro,2025-09,Set/2025,Terça,Ter,2,37,2025-09-08,08/09 - 14/09/2025,VILA MADALENA,DELIVERY,1546.9
2025-09-09,2025,9,9,Set,Setembro,2025-09,Set/2025,Terça,Ter,2,37,2025-09-08,08/09 - 14/09/2025,VILA MARIANA,CASA,9281.2
2025-09-09,2025,9,9,Set,Setembro,2025-09,Set/2025,Terça,Ter,2,37,2025-09-08,08/09 - 14/09/2025,VILA MARIANA,DELIVERY,3078.55
2025-09-10,2025,9,10,Set,Setembro,2025-09,Set/2025,Quarta,Qua,3,37,2025-09-08,08/09 - 14/09/2025,CARINAS,CASA,14078.09
2025-09-10,2025,9,10,Set,Setembro,2025-09,Set/2025,Quarta,Qua,3,37,2025-09-08,08/09 - 14/09/2025,CARINAS,DELIVERY,968.6
2025-09-10,2025,9,10,Set,Setembro,2025-09,Set/2025,Quarta,Qua,3,37,2025-09-08,08/09 - 14/09/2025,CHÁCARA,CASA,8348.61
2025-09-10,2025,9,10,Set,Setembro,2025-09,Set/2025,Quarta,Qua,3,37,2025-09-08,08/09 - 14/09/2025,CHÁCARA,DELIVERY,1062.8
2025-09-10,2025,9,10,Set,Setembro,2025-09,Set/2025,Quarta,Qua,3,37,2025-09-08,08/09 - 14/09/2025,LAPA,CASA,5383.4
2025-09-10,2025,9,10,Set,Setembro,2025-09,Set/2025,Quarta,Qua,3,37,2025-09-08,08/09 - 14/09/2025,LAPA,DELIVERY,1162.6
2025-09-10,2025,9,10,Set,Setembro,2025-09,Set/2025,Quarta,Qua,3,37,2025-09-08,08/09 - 14/09/2025,PAVÃO,CASA,5934.11
2025-09-10,2025,9,10,Set,Setembro,2025-09,Set/2025,Quarta,Qua,3,37,2025-09-08,08/09 - 14/09/2025,PAVÃO,DELIVERY,1083.73
2025-09-10,2025,9,10,Set,Setembro,2025-09,Set/2025,Quarta,Qua,3,37,2025-09-08,08/09 - 14/09/2025,PERDIZES,CASA,6827.44
2025-09-10,2025,9,10,Set,Setembro,2025-09,Set/2025,Quarta,Qua,3,37,2025-09-08,08/09 - 14/09/2025,PERDIZES,DELIVERY,1474.79
2025-09-10,2025,9,10,Set,Setembro,2025-09,Set/2025,Quarta,Qua,3,37,2025-09-08,08/09 - 14/09/2025,SANTANA,CASA,5002.51
2025-09-10,2025,9,10,Set,Setembro,2025-09,Set/2025,Quarta,Qua,3,37,2025-09-08,08/09 - 14/09/2025,SANTANA,DELIVERY,1079.7
2025-09-10,2025,9,10,Set,Setembro,2025-09,Set/2025,Quarta,Qua,3,37,2025-09-08,08/09 - 14/09/2025,SANTO ANDRÉ,CASA,29149.31
2025-09-10,2025,9,10,Set,Setembro,2025-09,Set/2025,Quarta,Qua,3,37,2025-09-08,08/09 - 14/09/2025,SANTO ANDRÉ,DELIVERY,791.7
2025-09-10,2025,9,10,Set,Setembro,2025-09,Set/2025,Quarta,Qua,3,37,2025-09-08,08/09 - 14/09/2025,TATUAPÉ,CASA,4655.31
2025-09-10,2025,9,10,Set,Setembro,2025-09,Set/2025,Quarta,Qua,3,37,2025-09-08,08/09 - 14/09/2025,TATUAPÉ,DELIVERY,1492.8
2025-09-10,2025,9,10,Set,Setembro,2025-09,Set/2025,Quarta,Qua,3,37,2025-09-08,08/09 - 14/09/2025,VILA MADALENA,CASA,2145.3
2025-09-10,2025,9,10,Set,Setembro,2025-09,Set/2025,Quarta,Qua,3,37,2025-09-08,08/09 - 14/09/2025,VILA MADALENA,DELIVERY,1694.3
2025-09-10,2025,9,10,Set,Setembro,2025-09,Set/2025,Quarta,Qua,3,37,2025-09-08,08/09 - 14/09/2025,VILA MARIANA,CASA,10994.19
2025-09-10,2025,9,10,Set,Setembro,2025-09,Set/2025,Quarta,Qua,3,37,2025-09-08,08/09 - 14/09/2025,VILA MARIANA,DELIVERY,4052.28
2025-09-11,2025,9,11,Set,Setembro,2025-09,Set/2025,Quinta,Qui,4,37,2025-09-08,08/09 - 14/09/2025,CARINAS,CASA,33925.16
2025-09-11,2025,9,11,Set,Setembro,2025-09,Set/2025,Quinta,Qui,4,37,2025-09-08,08/09 - 14/09/2025,CARINAS,DELIVERY,1757.37
2025-09-11,2025,9,11,Set,Setembro,2025-09,Set/2025,Quinta,Qui,4,37,2025-09-08,08/09 - 14/09/2025,CHÁCARA,CASA,9654.45
2025-09-11,2025,9,11,Set,Setembro,2025-09,Set/2025,Quinta,Qui,4,37,2025-09-08,08/09 - 14/09/2025,CHÁCARA,DELIVERY,1195.6
2025-09-11,2025,9,11,Set,Setembro,2025-09,Set/2025,Quinta,Qui,4,37,2025-09-08,08/09 - 14/09/2025,LAPA,CASA,11303.76
2025-09-11,2025,9,11,Set,Setembro,2025-09,Set/2025,Quinta,Qui,4,37,2025-09-08,08/09 - 14/09/2025,LAPA,DELIVERY,1290.62
2025-09-11,2025,9,11,Set,Setembro,2025-09,Set/2025,Quinta,Qui,4,37,2025-09-08,08/09 - 14/09/2025,PAVÃO,CASA,6921.62
2025-09-11,2025,9,11,Set,Setembro,2025-09,Set/2025,Quinta,Qui,4,37,2025-09-08,08/09 - 14/09/2025,PAVÃO,DELIVERY,1559.44
2025-09-11,2025,9,11,Set,Setembro,2025-09,Set/2025,Quinta,Qui,4,37,2025-09-08,08/09 - 14/09/2025,PERDIZES,CASA,12317.65
2025-09-11,2025,9,11,Set,Setembro,2025-09,Set/2025,Quinta,Qui,4,37,2025-09-08,08/09 - 14/09/2025,SANTANA,CASA,14635.52
2025-09-11,2025,9,11,Set,Setembro,2025-09,Set/2025,Quinta,Qui,4,37,2025-09-08,08/09 - 14/09/2025,SANTANA,DELIVERY,1774.69
2025-09-11,2025,9,11,Set,Setembro,2025-09,Set/2025,Quinta,Qui,4,37,2025-09-08,08/09 - 14/09/2025,SANTO ANDRÉ,CASA,15232.15
2025-09-11,2025,9,11,Set,Setembro,2025-09,Set/2025,Quinta,Qui,4,37,2025-09-08,08/09 - 14/09/2025,SANTO ANDRÉ,DELIVERY,793.7
2025-09-11,2025,9,11,Set,Setembro,2025-09,Set/2025,Quinta,Qui,4,37,2025-09-08,08/09 - 14/09/2025,TATUAPÉ,CASA,11774.87
2025-09-11,2025,9,11,Set,Setembro,2025-09,Set/2025,Quinta,Qui,4,37,2025-09-08,08/09 - 14/09/2025,TATUAPÉ,DELIVERY,1453.82
2025-09-11,2025,9,11,Set,Setembro,2025-09,Set/2025,Quinta,Qui,4,37,2025-09-08,08/09 - 14/09/2025,VILA MADALENA,CASA,30860.47
2025-09-11,2025,9,11,Set,Setembro,2025-09,Set/2025,Quinta,Qui,4,37,2025-09-08,08/09 - 14/09/2025,VILA MADALENA,DELIVERY,1552.6
2025-09-11,2025,9,11,Set,Setembro,2025-09,Set/2025,Quinta,Qui,4,37,2025-09-08,08/09 - 14/09/2025,VILA MARIANA,CASA,10992.06
2025-09-11,2025,9,11,Set,Setembro,2025-09,Set/2025,Quinta,Qui,4,37,2025-09-08,08/09 - 14/09/2025,VILA MARIANA,DELIVERY,3612.78
2025-09-12,2025,9,12,Set,Setembro,2025-09,Set/2025,Sexta,Sex,5,37,2025-09-08,08/09 - 14/09/2025,CARINAS,CASA,44901.09
2025-09-12,2025,9,12,Set,Setembro,2025-09,Set/2025,Sexta,Sex,5,37,2025-09-08,08/09 - 14/09/2025,CARINAS,DELIVERY,1827.09
2025-09-12,2025,9,12,Set,Setembro,2025-09,Set/2025,Sexta,Sex,5,37,2025-09-08,08/09 - 14/09/2025,CHÁCARA,CASA,3383.3
2025-09-12,2025,9,12,Set,Setembro,2025-09,Set/2025,Sexta,Sex,5,37,2025-09-08,08/09 - 14/09/2025,CHÁCARA,DELIVERY,1451.7
2025-09-12,2025,9,12,Set,Setembro,2025-09,Set/2025,Sexta,Sex,5,37,2025-09-08,08/09 - 14/09/2025,LAPA,CASA,30328.69
2025-09-12,2025,9,12,Set,Setembro,2025-09,Set/2025,Sexta,Sex,5,37,2025-09-08,08/09 - 14/09/2025,LAPA,DELIVERY,1735.7
2025-09-12,2025,9,12,Set,Setembro,2025-09,Set/2025,Sexta,Sex,5,37,2025-09-08,08/09 - 14/09/2025,PAVÃO,CASA,15413.38
2025-09-12,2025,9,12,Set,Setembro,2025-09,Set/2025,Sexta,Sex,5,37,2025-09-08,08/09 - 14/09/2025,PAVÃO,DELIVERY,1836.45
2025-09-12,2025,9,12,Set,Setembro,2025-09,Set/2025,Sexta,Sex,5,37,2025-09-08,08/09 - 14/09/2025,PERDIZES,CASA,29742.08
2025-09-12,2025,9,12,Set,Setembro,2025-09,Set/2025,Sexta,Sex,5,37,2025-09-08,08/09 - 14/09/2025,PERDIZES,DELIVERY,2988.7
2025-09-12,2025,9,12,Set,Setembro,2025-09,Set/2025,Sexta,Sex,5,37,2025-09-08,08/09 - 14/09/2025,SANTANA,CASA,62210.08
2025-09-12,2025,9,12,Set,Setembro,2025-09,Set/2025,Sexta,Sex,5,37,2025-09-08,08/09 - 14/09/2025,SANTANA,DELIVERY,3593.6
2025-09-12,2025,9,12,Set,Setembro,2025-09,Set/2025,Sexta,Sex,5,37,2025-09-08,08/09 - 14/09/2025,SANTO ANDRÉ,CASA,138006.53
2025-09-12,2025,9,12,Set,Setembro,2025-09,Set/2025,Sexta,Sex,5,37,2025-09-08,08/09 - 14/09/2025,SANTO ANDRÉ,DELIVERY,329.9
2025-09-12,2025,9,12,Set,Setembro,2025-09,Set/2025,Sexta,Sex,5,37,2025-09-08,08/09 - 14/09/2025,TATUAPÉ,CASA,29190.35
2025-09-12,2025,9,12,Set,Setembro,2025-09,Set/2025,Sexta,Sex,5,37,2025-09-08,08/09 - 14/09/2025,TATUAPÉ,DELIVERY,1953.46
2025-09-12,2025,9,12,Set,Setembro,2025-09,Set/2025,Sexta,Sex,5,37,2025-09-08,08/09 - 14/09/2025,VILA MADALENA,CASA,12802.99
2025-09-12,2025,9,12,Set,Setembro,2025-09,Set/2025,Sexta,Sex,5,37,2025-09-08,08/09 - 14/09/2025,VILA MADALENA,DELIVERY,1117.7
2025-09-12,2025,9,12,Set,Setembro,2025-09,Set/2025,Sexta,Sex,5,37,2025-09-08,08/09 - 14/09/2025,VILA MARIANA,CASA,17440.28
2025-09-12,2025,9,12,Set,Setembro,2025-09,Set/2025,Sexta,Sex,5,37,2025-09-08,08/09 - 14/09/2025,VILA MARIANA,DELIVERY,3445.48
2025-09-13,2025,9,13,Set,Setembro,2025-09,Set/2025,Sábado,Sáb,6,37,2025-09-08,08/09 - 14/09/2025,CARINAS,CASA,190250.57
2025-09-13,2025,9,13,Set,Setembro,2025-09,Set/2025,Sábado,Sáb,6,37,2025-09-08,08/09 - 14/09/2025,CARINAS,DELIVERY,1477.28
2025-09-13,2025,9,13,Set,Setembro,2025-09,Set/2025,Sábado,Sáb,6,37,2025-09-08,08/09 - 14/09/2025,CHÁCARA,CASA,30123.48
2025-09-13,2025,9,13,Set,Setembro,2025-09,Set/2025,Sábado,Sáb,6,37,2025-09-08,08/09 - 14/09/2025,CHÁCARA,DELIVERY,2667.6
2025-09-13,2025,9,13,Set,Setembro,2025-09,Set/2025,Sábado,Sáb,6,37,2025-09-08,08/09 - 14/09/2025,LAPA,CASA,49669.91
2025-09-13,2025,9,13,Set,Setembro,2025-09,Set/2025,Sábado,Sáb,6,37,2025-09-08,08/09 - 14/09/2025,LAPA,DELIVERY,1403.36
2025-09-13,2025,9,13,Set,Setembro,2025-09,Set/2025,Sábado,Sáb,6,37,2025-09-08,08/09 - 14/09/2025,PAVÃO,CASA,30354.7
2025-09-13,2025,9,13,Set,Setembro,2025-09,Set/2025,Sábado,Sáb,6,37,2025-09-08,08/09 - 14/09/2025,PAVÃO,DELIVERY,2396.42
2025-09-13,2025,9,13,Set,Setembro,2025-09,Set/2025,Sábado,Sáb,6,37,2025-09-08,08/09 - 14/09/2025,PERDIZES,CASA,56988.05
2025-09-13,2025,9,13,Set,Setembro,2025-09,Set/2025,Sábado,Sáb,6,37,2025-09-08,08/09 - 14/09/2025,PERDIZES,DELIVERY,2609.28
2025-09-13,2025,9,13,Set,Setembro,2025-09,Set/2025,Sábado,Sáb,6,37,2025-09-08,08/09 - 14/09/2025,SANTANA,CASA,138849.1
2025-09-13,2025,9,13,Set,Setembro,2025-09,Set/2025,Sábado,Sáb,6,37,2025-09-08,08/09 - 14/09/2025,SANTANA,DELIVERY,4313.79
2025-09-13,2025,9,13,Set,Setembro,2025-09,Set/2025,Sábado,Sáb,6,37,2025-09-08,08/09 - 14/09/2025,SANTO ANDRÉ,CASA,162338.36
2025-09-13,2025,9,13,Set,Setembro,2025-09,Set/2025,Sábado,Sáb,6,37,2025-09-08,08/09 - 14/09/2025,SANTO ANDRÉ,DELIVERY,1144.9
2025-09-13,2025,9,13,Set,Setembro,2025-09,Set/2025,Sábado,Sáb,6,37,2025-09-08,08/09 - 14/09/2025,TATUAPÉ,CASA,156052.53
2025-09-13,2025,9,13,Set,Setembro,2025-09,Set/2025,Sábado,Sáb,6,37,2025-09-08,08/09 - 14/09/2025,TATUAPÉ,DELIVERY,4244.6
2025-09-13,2025,9,13,Set,Setembro,2025-09,Set/2025,Sábado,Sáb,6,37,2025-09-08,08/09 - 14/09/2025,VILA MADALENA,CASA,47714.23
2025-09-13,2025,9,13,Set,Setembro,2025-09,Set/2025,Sábado,Sáb,6,37,2025-09-08,08/09 - 14/09/2025,VILA MADALENA,DELIVERY,1450.19
2025-09-13,2025,9,13,Set,Setembro,2025-09,Set/2025,Sábado,Sáb,6,37,2025-09-08,08/09 - 14/09/2025,VILA MARIANA,CASA,46888.14
2025-09-13,2025,9,13,Set,Setembro,2025-09,Set/2025,Sábado,Sáb,6,37,2025-09-08,08/09 - 14/09/2025,VILA MARIANA,DELIVERY,4385.78
2025-09-14,2025,9,14,Set,Setembro,2025-09,Set/2025,Domingo,Dom,7,37,2025-09-08,08/09 - 14/09/2025,CARINAS,CASA,80264.06
2025-09-14,2025,9,14,Set,Setembro,2025-09,Set/2025,Domingo,Dom,7,37,2025-09-08,08/09 - 14/09/2025,CARINAS,DELIVERY,131.2
2025-09-14,2025,9,14,Set,Setembro,2025-09,Set/2025,Domingo,Dom,7,37,2025-09-08,08/09 - 14/09/2025,CHÁCARA,CASA,16872.05
2025-09-14,2025,9,14,Set,Setembro,2025-09,Set/2025,Domingo,Dom,7,37,2025-09-08,08/09 - 14/09/2025,CHÁCARA,DELIVERY,3566.2
2025-09-14,2025,9,14,Set,Setembro,2025-09,Set/2025,Domingo,Dom,7,37,2025-09-08,08/09 - 14/09/2025,LAPA,CASA,22253.76
2025-09-14,2025,9,14,Set,Setembro,2025-09,Set/2025,Domingo,Dom,7,37,2025-09-08,08/09 - 14/09/2025,LAPA,DELIVERY,4013.23
2025-09-14,2025,9,14,Set,Setembro,2025-09,Set/2025,Domingo,Dom,7,37,2025-09-08,08/09 - 14/09/2025,PAVÃO,CASA,16596.2
2025-09-14,2025,9,14,Set,Setembro,2025-09,Set/2025,Domingo,Dom,7,37,2025-09-08,08/09 - 14/09/2025,PAVÃO,DELIVERY,2288.03
2025-09-14,2025,9,14,Set,Setembro,2025-09,Set/2025,Domingo,Dom,7,37,2025-09-08,08/09 - 14/09/2025,PERDIZES,CASA,30263.4
2025-09-14,2025,9,14,Set,Setembro,2025-09,Set/2025,Domingo,Dom,7,37,2025-09-08,08/09 - 14/09/2025,PERDIZES,DELIVERY,2832.99
2025-09-14,2025,9,14,Set,Setembro,2025-09,Set/2025,Domingo,Dom,7,37,2025-09-08,08/09 - 14/09/2025,SANTANA,CASA,41321.55
2025-09-14,2025,9,14,Set,Setembro,2025-09,Set/2025,Domingo,Dom,7,37,2025-09-08,08/09 - 14/09/2025,SANTANA,DELIVERY,4491.1
2025-09-14,2025,9,14,Set,Setembro,2025-09,Set/2025,Domingo,Dom,7,37,2025-09-08,08/09 - 14/09/2025,SANTO ANDRÉ,CASA,65622.02
2025-09-14,2025,9,14,Set,Setembro,2025-09,Set/2025,Domingo,Dom,7,37,2025-09-08,08/09 - 14/09/2025,SANTO ANDRÉ,DELIVERY,1047.7
2025-09-14,2025,9,14,Set,Setembro,2025-09,Set/2025,Domingo,Dom,7,37,2025-09-08,08/09 - 14/09/2025,TATUAPÉ,CASA,71972.2
2025-09-14,2025,9,14,Set,Setembro,2025-09,Set/2025,Domingo,Dom,7,37,2025-09-08,08/09 - 14/09/2025,TATUAPÉ,DELIVERY,4252.96
2025-09-14,2025,9,14,Set,Setembro,2025-09,Set/2025,Domingo,Dom,7,37,2025-09-08,08/09 - 14/09/2025,VILA MADALENA,CASA,7455.08
2025-09-14,2025,9,14,Set,Setembro,2025-09,Set/2025,Domingo,Dom,7,37,2025-09-08,08/09 - 14/09/2025,VILA MADALENA,DELIVERY,1657.1
2025-09-14,2025,9,14,Set,Setembro,2025-09,Set/2025,Domingo,Dom,7,37,2025-09-08,08/09 - 14/09/2025,VILA MARIANA,CASA,38696.53
2025-09-14,2025,9,14,Set,Setembro,2025-09,Set/2025,Domingo,Dom,7,37,2025-09-08,08/09 - 14/09/2025,VILA MARIANA,DELIVERY,7265.37
2025-09-15,2025,9,15,Set,Setembro,2025-09,Set/2025,Segunda,Seg,1,38,2025-09-15,15/09 - 21/09/2025,CARINAS,DELIVERY,2894.9
2025-09-15,2025,9,15,Set,Setembro,2025-09,Set/2025,Segunda,Seg,1,38,2025-09-15,15/09 - 21/09/2025,SANTANA,CASA,11225.46
2025-09-15,2025,9,15,Set,Setembro,2025-09,Set/2025,Segunda,Seg,1,38,2025-09-15,15/09 - 21/09/2025,SANTANA,DELIVERY,1858.69
2025-09-15,2025,9,15,Set,Setembro,2025-09,Set/2025,Segunda,Seg,1,38,2025-09-15,15/09 - 21/09/2025,TATUAPÉ,DELIVERY,45.69
2025-09-16,2025,9,16,Set,Setembro,2025-09,Set/2025,Terça,Ter,2,38,2025-09-15,15/09 - 21/09/2025,CARINAS,CASA,43991.51
2025-09-16,2025,9,16,Set,Setembro,2025-09,Set/2025,Terça,Ter,2,38,2025-09-15,15/09 - 21/09/2025,CARINAS,DELIVERY,968.09
2025-09-16,2025,9,16,Set,Setembro,2025-09,Set/2025,Terça,Ter,2,38,2025-09-15,15/09 - 21/09/2025,CHÁCARA,CASA,2886.21
2025-09-16,2025,9,16,Set,Setembro,2025-09,Set/2025,Terça,Ter,2,38,2025-09-15,15/09 - 21/09/2025,CHÁCARA,DELIVERY,1393.8
2025-09-16,2025,9,16,Set,Setembro,2025-09,Set/2025,Terça,Ter,2,38,2025-09-15,15/09 - 21/09/2025,LAPA,CASA,19784.58
2025-09-16,2025,9,16,Set,Setembro,2025-09,Set/2025,Terça,Ter,2,38,2025-09-15,15/09 - 21/09/2025,PAVÃO,CASA,3903.53
2025-09-16,2025,9,16,Set,Setembro,2025-09,Set/2025,Terça,Ter,2,38,2025-09-15,15/09 - 21/09/2025,PAVÃO,DELIVERY,847.14
2025-09-16,2025,9,16,Set,Setembro,2025-09,Set/2025,Terça,Ter,2,38,2025-09-15,15/09 - 21/09/2025,PERDIZES,CASA,2676.54
2025-09-16,2025,9,16,Set,Setembro,2025-09,Set/2025,Terça,Ter,2,38,2025-09-15,15/09 - 21/09/2025,PERDIZES,DELIVERY,952.58
2025-09-16,2025,9,16,Set,Setembro,2025-09,Set/2025,Terça,Ter,2,38,2025-09-15,15/09 - 21/09/2025,SANTANA,CASA,43462.9
2025-09-16,2025,9,16,Set,Setembro,2025-09,Set/2025,Terça,Ter,2,38,2025-09-15,15/09 - 21/09/2025,SANTANA,DELIVERY,1220.3
2025-09-16,2025,9,16,Set,Setembro,2025-09,Set/2025,Terça,Ter,2,38,2025-09-15,15/09 - 21/09/2025,TATUAPÉ,CASA,26366.05
2025-09-16,2025,9,16,Set,Setembro,2025-09,Set/2025,Terça,Ter,2,38,2025-09-15,15/09 - 21/09/2025,TATUAPÉ,DELIVERY,555.38
2025-09-16,2025,9,16,Set,Setembro,2025-09,Set/2025,Terça,Ter,2,38,2025-09-15,15/09 - 21/09/2025,VILA MADALENA,CASA,44148.12
2025-09-16,2025,9,16,Set,Setembro,2025-09,Set/2025,Terça,Ter,2,38,2025-09-15,15/09 - 21/09/2025,VILA MADALENA,DELIVERY,1150.7
2025-09-16,2025,9,16,Set,Setembro,2025-09,Set/2025,Terça,Ter,2,38,2025-09-15,15/09 - 21/09/2025,VILA MARIANA,CASA,6129.5
2025-09-16,2025,9,16,Set,Setembro,2025-09,Set/2025,Terça,Ter,2,38,2025-09-15,15/09 - 21/09/2025,VILA MARIANA,DELIVERY,2690.85
2025-09-17,2025,9,17,Set,Setembro,2025-09,Set/2025,Quarta,Qua,3,38,2025-09-15,15/09 - 21/09/2025,CARINAS,CASA,9054.25
2025-09-17,2025,9,17,Set,Setembro,2025-09,Set/2025,Quarta,Qua,3,38,2025-09-15,15/09 - 21/09/2025,CARINAS,DELIVERY,1798.18
2025-09-17,2025,9,17,Set,Setembro,2025-09,Set/2025,Quarta,Qua,3,38,2025-09-15,15/09 - 21/09/2025,CHÁCARA,CASA,4147.7
2025-09-17,2025,9,17,Set,Setembro,2025-09,Set/2025,Quarta,Qua,3,38,2025-09-15,15/09 - 21/09/2025,CHÁCARA,DELIVERY,1175.3
2025-09-17,2025,9,17,Set,Setembro,2025-09,Set/2025,Quarta,Qua,3,38,2025-09-15,15/09 - 21/09/2025,LAPA,CASA,4210.97
2025-09-17,2025,9,17,Set,Setembro,2025-09,Set/2025,Quarta,Qua,3,38,2025-09-15,15/09 - 21/09/2025,LAPA,DELIVERY,1708.2
2025-09-17,2025,9,17,Set,Setembro,2025-09,Set/2025,Quarta,Qua,3,38,2025-09-15,15/09 - 21/09/2025,PAVÃO,CASA,3925.85
2025-09-17,2025,9,17,Set,Setembro,2025-09,Set/2025,Quarta,Qua,3,38,2025-09-15,15/09 - 21/09/2025,PAVÃO,DELIVERY,1721.9
2025-09-17,2025,9,17,Set,Setembro,2025-09,Set/2025,Quarta,Qua,3,38,2025-09-15,15/09 - 21/09/2025,PERDIZES,CASA,3555.43
2025-09-17,2025,9,17,Set,Setembro,2025-09,Set/2025,Quarta,Qua,3,38,2025-09-15,15/09 - 21/09/2025,PERDIZES,DELIVERY,657.7
2025-09-17,2025,9,17,Set,Setembro,2025-09,Set/2025,Quarta,Qua,3,38,2025-09-15,15/09 - 21/09/2025,SANTANA,CASA,10832.12
2025-09-17,2025,9,17,Set,Setembro,2025-09,Set/2025,Quarta,Qua,3,38,2025-09-15,15/09 - 21/09/2025,SANTANA,DELIVERY,2759.89
2025-09-17,2025,9,17,Set,Setembro,2025-09,Set/2025,Quarta,Qua,3,38,2025-09-15,15/09 - 21/09/2025,SANTO ANDRÉ,CASA,22534.16
2025-09-17,2025,9,17,Set,Setembro,2025-09,Set/2025,Quarta,Qua,3,38,2025-09-15,15/09 - 21/09/2025,SANTO ANDRÉ,DELIVERY,207.8
2025-09-17,2025,9,17,Set,Setembro,2025-09,Set/2025,Quarta,Qua,3,38,2025-09-15,15/09 - 21/09/2025,TATUAPÉ,CASA,5378.73
2025-09-17,2025,9,17,Set,Setembro,2025-09,Set/2025,Quarta,Qua,3,38,2025-09-15,15/09 - 21/09/2025,TATUAPÉ,DELIVERY,1380.75
2025-09-17,2025,9,17,Set,Setembro,2025-09,Set/2025,Quarta,Qua,3,38,2025-09-15,15/09 - 21/09/2025,VILA MADALENA,CASA,11643.28
2025-09-17,2025,9,17,Set,Setembro,2025-09,Set/2025,Quarta,Qua,3,38,2025-09-15,15/09 - 21/09/2025,VILA MADALENA,DELIVERY,840.6
2025-09-17,2025,9,17,Set,Setembro,2025-09,Set/2025,Quarta,Qua,3,38,2025-09-15,15/09 - 21/09/2025,VILA MARIANA,CASA,6810.48
2025-09-17,2025,9,17,Set,Setembro,2025-09,Set/2025,Quarta,Qua,3,38,2025-09-15,15/09 - 21/09/2025,VILA MARIANA,DELIVERY,2900.79
2025-09-18,2025,9,18,Set,Setembro,2025-09,Set/2025,Quinta,Qui,4,38,2025-09-15,15/09 - 21/09/2025,CARINAS,CASA,66104.94
2025-09-18,2025,9,18,Set,Setembro,2025-09,Set/2025,Quinta,Qui,4,38,2025-09-15,15/09 - 21/09/2025,CARINAS,DELIVERY,1408.0
2025-09-18,2025,9,18,Set,Setembro,2025-09,Set/2025,Quinta,Qui,4,38,2025-09-15,15/09 - 21/09/2025,CHÁCARA,CASA,25449.75
2025-09-18,2025,9,18,Set,Setembro,2025-09,Set/2025,Quinta,Qui,4,38,2025-09-15,15/09 - 21/09/2025,CHÁCARA,DELIVERY,1548.2
2025-09-18,2025,9,18,Set,Setembro,2025-09,Set/2025,Quinta,Qui,4,38,2025-09-15,15/09 - 21/09/2025,LAPA,CASA,13605.81
2025-09-18,2025,9,18,Set,Setembro,2025-09,Set/2025,Quinta,Qui,4,38,2025-09-15,15/09 - 21/09/2025,LAPA,DELIVERY,2072.3
2025-09-18,2025,9,18,Set,Setembro,2025-09,Set/2025,Quinta,Qui,4,38,2025-09-15,15/09 - 21/09/2025,PAVÃO,CASA,8914.93
2025-09-18,2025,9,18,Set,Setembro,2025-09,Set/2025,Quinta,Qui,4,38,2025-09-15,15/09 - 21/09/2025,PAVÃO,DELIVERY,1468.08
2025-09-18,2025,9,18,Set,Setembro,2025-09,Set/2025,Quinta,Qui,4,38,2025-09-15,15/09 - 21/09/2025,PERDIZES,CASA,33228.46
2025-09-18,2025,9,18,Set,Setembro,2025-09,Set/2025,Quinta,Qui,4,38,2025-09-15,15/09 - 21/09/2025,PERDIZES,DELIVERY,1092.0
2025-09-18,2025,9,18,Set,Setembro,2025-09,Set/2025,Quinta,Qui,4,38,2025-09-15,15/09 - 21/09/2025,SANTANA,CASA,21994.75
2025-09-18,2025,9,18,Set,Setembro,2025-09,Set/2025,Quinta,Qui,4,38,2025-09-15,15/09 - 21/09/2025,SANTANA,DELIVERY,2043.1
2025-09-18,2025,9,18,Set,Setembro,2025-09,Set/2025,Quinta,Qui,4,38,2025-09-15,15/09 - 21/09/2025,SANTO ANDRÉ,CASA,20563.31
2025-09-18,2025,9,18,Set,Setembro,2025-09,Set/2025,Quinta,Qui,4,38,2025-09-15,15/09 - 21/09/2025,SANTO ANDRÉ,DELIVERY,1012.79
2025-09-18,2025,9,18,Set,Setembro,2025-09,Set/2025,Quinta,Qui,4,38,2025-09-15,15/09 - 21/09/2025,TATUAPÉ,CASA,5792.62
2025-09-18,2025,9,18,Set,Setembro,2025-09,Set/2025,Quinta,Qui,4,38,2025-09-15,15/09 - 21/09/2025,TATUAPÉ,DELIVERY,1326.04
2025-09-18,2025,9,18,Set,Setembro,2025-09,Set/2025,Quinta,Qui,4,38,2025-09-15,15/09 - 21/09/2025,VILA MADALENA,CASA,31110.68
2025-09-18,2025,9,18,Set,Setembro,2025-09,Set/2025,Quinta,Qui,4,38,2025-09-15,15/09 - 21/09/2025,VILA MADALENA,DELIVERY,958.7
2025-09-18,2025,9,18,Set,Setembro,2025-09,Set/2025,Quinta,Qui,4,38,2025-09-15,15/09 - 21/09/2025,VILA MARIANA,CASA,18061.8
2025-09-18,2025,9,18,Set,Setembro,2025-09,Set/2025,Quinta,Qui,4,38,2025-09-15,15/09 - 21/09/2025,VILA MARIANA,DELIVERY,4189.4
2025-09-19,2025,9,19,Set,Setembro,2025-09,Set/2025,Sexta,Sex,5,38,2025-09-15,15/09 - 21/09/2025,CARINAS,CASA,33470.96
2025-09-19,2025,9,19,Set,Setembro,2025-09,Set/2025,Sexta,Sex,5,38,2025-09-15,15/09 - 21/09/2025,CARINAS,DELIVERY,1641.89
2025-09-19,2025,9,19,Set,Setembro,2025-09,Set/2025,Sexta,Sex,5,38,2025-09-15,15/09 - 21/09/2025,CHÁCARA,CASA,7971.11
2025-09-19,2025,9,19,Set,Setembro,2025-09,Set/2025,Sexta,Sex,5,38,2025-09-15,15/09 - 21/09/2025,CHÁCARA,DELIVERY,1470.1
2025-09-19,2025,9,19,Set,Setembro,2025-09,Set/2025,Sexta,Sex,5,38,2025-09-15,15/09 - 21/09/2025,LAPA,CASA,23388.46
2025-09-19,2025,9,19,Set,Setembro,2025-09,Set/2025,Sexta,Sex,5,38,2025-09-15,15/09 - 21/09/2025,LAPA,DELIVERY,1262.2
2025-09-19,2025,9,19,Set,Setembro,2025-09,Set/2025,Sexta,Sex,5,38,2025-09-15,15/09 - 21/09/2025,PAVÃO,CASA,38526.64
2025-09-19,2025,9,19,Set,Setembro,2025-09,Set/2025,Sexta,Sex,5,38,2025-09-15,15/09 - 21/09/2025,PAVÃO,DELIVERY,1184.87
2025-09-19,2025,9,19,Set,Setembro,2025-09,Set/2025,Sexta,Sex,5,38,2025-09-15,15/09 - 21/09/2025,PERDIZES,CASA,19981.05
2025-09-19,2025,9,19,Set,Setembro,2025-09,Set/2025,Sexta,Sex,5,38,2025-09-15,15/09 - 21/09/2025,PERDIZES,DELIVERY,1970.4
2025-09-19,2025,9,19,Set,Setembro,2025-09,Set/2025,Sexta,Sex,5,38,2025-09-15,15/09 - 21/09/2025,SANTANA,CASA,43609.93
2025-09-19,2025,9,19,Set,Setembro,2025-09,Set/2025,Sexta,Sex,5,38,2025-09-15,15/09 - 21/09/2025,SANTANA,DELIVERY,1582.5
2025-09-19,2025,9,19,Set,Setembro,2025-09,Set/2025,Sexta,Sex,5,38,2025-09-15,15/09 - 21/09/2025,SANTO ANDRÉ,CASA,144683.41
2025-09-19,2025,9,19,Set,Setembro,2025-09,Set/2025,Sexta,Sex,5,38,2025-09-15,15/09 - 21/09/2025,SANTO ANDRÉ,DELIVERY,785.0
2025-09-19,2025,9,19,Set,Setembro,2025-09,Set/2025,Sexta,Sex,5,38,2025-09-15,15/09 - 21/09/2025,TATUAPÉ,CASA,20642.99
2025-09-19,2025,9,19,Set,Setembro,2025-09,Set/2025,Sexta,Sex,5,38,2025-09-15,15/09 - 21/09/2025,TATUAPÉ,DELIVERY,2409.08
2025-09-19,2025,9,19,Set,Setembro,2025-09,Set/2025,Sexta,Sex,5,38,2025-09-15,15/09 - 21/09/2025,VILA MADALENA,CASA,6260.16
2025-09-19,2025,9,19,Set,Setembro,2025-09,Set/2025,Sexta,Sex,5,38,2025-09-15,15/09 - 21/09/2025,VILA MADALENA,DELIVERY,1393.29
2025-09-19,2025,9,19,Set,Setembro,2025-09,Set/2025,Sexta,Sex,5,38,2025-09-15,15/09 - 21/09/2025,VILA MARIANA,CASA,20967.7
2025-09-19,2025,9,19,Set,Setembro,2025-09,Set/2025,Sexta,Sex,5,38,2025-09-15,15/09 - 21/09/2025,VILA MARIANA,DELIVERY,3562.79
2025-09-20,2025,9,20,Set,Setembro,2025-09,Set/2025,Sábado,Sáb,6,38,2025-09-15,15/09 - 21/09/2025,CARINAS,CASA,200413.43
2025-09-20,2025,9,20,Set,Setembro,2025-09,Set/2025,Sábado,Sáb,6,38,2025-09-15,15/09 - 21/09/2025,CARINAS,DELIVERY,3276.19
2025-09-20,2025,9,20,Set,Setembro,2025-09,Set/2025,Sábado,Sáb,6,38,2025-09-15,15/09 - 21/09/2025,CHÁCARA,CASA,35952.39
2025-09-20,2025,9,20,Set,Setembro,2025-09,Set/2025,Sábado,Sáb,6,38,2025-09-15,15/09 - 21/09/2025,CHÁCARA,DELIVERY,3119.9
2025-09-20,2025,9,20,Set,Setembro,2025-09,Set/2025,Sábado,Sáb,6,38,2025-09-15,15/09 - 21/09/2025,LAPA,CASA,53067.37
2025-09-20,2025,9,20,Set,Setembro,2025-09,Set/2025,Sábado,Sáb,6,38,2025-09-15,15/09 - 21/09/2025,LAPA,DELIVERY,6335.99
2025-09-20,2025,9,20,Set,Setembro,2025-09,Set/2025,Sábado,Sáb,6,38,2025-09-15,15/09 - 21/09/2025,PAVÃO,CASA,36810.71
2025-09-20,2025,9,20,Set,Setembro,2025-09,Set/2025,Sábado,Sáb,6,38,2025-09-15,15/09 - 21/09/2025,PAVÃO,DELIVERY,3659.72
2025-09-20,2025,9,20,Set,Setembro,2025-09,Set/2025,Sábado,Sáb,6,38,2025-09-15,15/09 - 21/09/2025,PERDIZES,CASA,41813.38
2025-09-20,2025,9,20,Set,Setembro,2025-09,Set/2025,Sábado,Sáb,6,38,2025-09-15,15/09 - 21/09/2025,PERDIZES,DELIVERY,2400.69
2025-09-20,2025,9,20,Set,Setembro,2025-09,Set/2025,Sábado,Sáb,6,38,2025-09-15,15/09 - 21/09/2025,SANTANA,CASA,152221.05
2025-09-20,2025,9,20,Set,Setembro,2025-09,Set/2025,Sábado,Sáb,6,38,2025-09-15,15/09 - 21/09/2025,SANTANA,DELIVERY,4823.07
2025-09-20,2025,9,20,Set,Setembro,2025-09,Set/2025,Sábado,Sáb,6,38,2025-09-15,15/09 - 21/09/2025,SANTO ANDRÉ,CASA,161775.96
2025-09-20,2025,9,20,Set,Setembro,2025-09,Set/2025,Sábado,Sáb,6,38,2025-09-15,15/09 - 21/09/2025,SANTO ANDRÉ,DELIVERY,974.6
2025-09-20,2025,9,20,Set,Setembro,2025-09,Set/2025,Sábado,Sáb,6,38,2025-09-15,15/09 - 21/09/2025,TATUAPÉ,CASA,157325.2
2025-09-20,2025,9,20,Set,Setembro,2025-09,Set/2025,Sábado,Sáb,6,38,2025-09-15,15/09 - 21/09/2025,TATUAPÉ,DELIVERY,2918.44
2025-09-20,2025,9,20,Set,Setembro,2025-09,Set/2025,Sábado,Sáb,6,38,2025-09-15,15/09 - 21/09/2025,VILA MADALENA,CASA,43971.19
2025-09-20,2025,9,20,Set,Setembro,2025-09,Set/2025,Sábado,Sáb,6,38,2025-09-15,15/09 - 21/09/2025,VILA MADALENA,DELIVERY,2823.5
2025-09-20,2025,9,20,Set,Setembro,2025-09,Set/2025,Sábado,Sáb,6,38,2025-09-15,15/09 - 21/09/2025,VILA MARIANA,CASA,50262.51
2025-09-20,2025,9,20,Set,Setembro,2025-09,Set/2025,Sábado,Sáb,6,38,2025-09-15,15/09 - 21/09/2025,VILA MARIANA,DELIVERY,5604.34
2025-09-21,2025,9,21,Set,Setembro,2025-09,Set/2025,Domingo,Dom,7,38,2025-09-15,15/09 - 21/09/2025,CARINAS,CASA,74079.82
2025-09-21,2025,9,21,Set,Setembro,2025-09,Set/2025,Domingo,Dom,7,38,2025-09-15,15/09 - 21/09/2025,CARINAS,DELIVERY,3740.39
2025-09-21,2025,9,21,Set,Setembro,2025-09,Set/2025,Domingo,Dom,7,38,2025-09-15,15/09 - 21/09/2025,CHÁCARA,CASA,20487.0
2025-09-21,2025,9,21,Set,Setembro,2025-09,Set/2025,Domingo,Dom,7,38,2025-09-15,15/09 - 21/09/2025,CHÁCARA,DELIVERY,4149.8
2025-09-21,2025,9,21,Set,Setembro,2025-09,Set/2025,Domingo,Dom,7,38,2025-09-15,15/09 - 21/09/2025,LAPA,CASA,23161.4
2025-09-21,2025,9,21,Set,Setembro,2025-09,Set/2025,Domingo,Dom,7,38,2025-09-15,15/09 - 21/09/2025,LAPA,DELIVERY,4524.29
2025-09-21,2025,9,21,Set,Setembro,2025-09,Set/2025,Domingo,Dom,7,38,2025-09-15,15/09 - 21/09/2025,PAVÃO,CASA,6598.28
2025-09-21,2025,9,21,Set,Setembro,2025-09,Set/2025,Domingo,Dom,7,38,2025-09-15,15/09 - 21/09/2025,PAVÃO,DELIVERY,4403.88
2025-09-21,2025,9,21,Set,Setembro,2025-09,Set/2025,Domingo,Dom,7,38,2025-09-15,15/09 - 21/09/2025,PERDIZES,CASA,43422.28
2025-09-21,2025,9,21,Set,Setembro,2025-09,Set/2025,Domingo,Dom,7,38,2025-09-15,15/09 - 21/09/2025,PERDIZES,DELIVERY,4033.79
2025-09-21,2025,9,21,Set,Setembro,2025-09,Set/2025,Domingo,Dom,7,38,2025-09-15,15/09 - 21/09/2025,SANTANA,CASA,43474.15
2025-09-21,2025,9,21,Set,Setembro,2025-09,Set/2025,Domingo,Dom,7,38,2025-09-15,15/09 - 21/09/2025,SANTANA,DELIVERY,3252.7
2025-09-21,2025,9,21,Set,Setembro,2025-09,Set/2025,Domingo,Dom,7,38,2025-09-15,15/09 - 21/09/2025,SANTO ANDRÉ,CASA,42508.39
2025-09-21,2025,9,21,Set,Setembro,2025-09,Set/2025,Domingo,Dom,7,38,2025-09-15,15/09 - 21/09/2025,SANTO ANDRÉ,DELIVERY,274.1
2025-09-21,2025,9,21,Set,Setembro,2025-09,Set/2025,Domingo,Dom,7,38,2025-09-15,15/09 - 21/09/2025,TATUAPÉ,CASA,57904.73
2025-09-21,2025,9,21,Set,Setembro,2025-09,Set/2025,Domingo,Dom,7,38,2025-09-15,15/09 - 21/09/2025,TATUAPÉ,DELIVERY,4983.54
2025-09-21,2025,9,21,Set,Setembro,2025-09,Set/2025,Domingo,Dom,7,38,2025-09-15,15/09 - 21/09/2025,VILA MADALENA,CASA,6179.65
2025-09-21,2025,9,21,Set,Setembro,2025-09,Set/2025,Domingo,Dom,7,38,2025-09-15,15/09 - 21/09/2025,VILA MADALENA,DELIVERY,4140.19
2025-09-21,2025,9,21,Set,Setembro,2025-09,Set/2025,Domingo,Dom,7,38,2025-09-15,15/09 - 21/09/2025,VILA MARIANA,CASA,32073.79
2025-09-21,2025,9,21,Set,Setembro,2025-09,Set/2025,Domingo,Dom,7,38,2025-09-15,15/09 - 21/09/2025,VILA MARIANA,DELIVERY,8842.67
2025-09-22,2025,9,22,Set,Setembro,2025-09,Set/2025,Segunda,Seg,1,39,2025-09-22,22/09 - 28/09/2025,CARINAS,DELIVERY,399.4
2025-09-23,2025,9,23,Set,Setembro,2025-09,Set/2025,Terça,Ter,2,39,2025-09-22,22/09 - 28/09/2025,CARINAS,CASA,107341.71
2025-09-23,2025,9,23,Set,Setembro,2025-09,Set/2025,Terça,Ter,2,39,2025-09-22,22/09 - 28/09/2025,CARINAS,DELIVERY,730.5
2025-09-23,2025,9,23,Set,Setembro,2025-09,Set/2025,Terça,Ter,2,39,2025-09-22,22/09 - 28/09/2025,CHÁCARA,CASA,3525.04
2025-09-23,2025,9,23,Set,Setembro,2025-09,Set/2025,Terça,Ter,2,39,2025-09-22,22/09 - 28/09/2025,CHÁCARA,DELIVERY,1068.9
2025-09-23,2025,9,23,Set,Setembro,2025-09,Set/2025,Terça,Ter,2,39,2025-09-22,22/09 - 28/09/2025,LAPA,CASA,11850.66
2025-09-23,2025,9,23,Set,Setembro,2025-09,Set/2025,Terça,Ter,2,39,2025-09-22,22/09 - 28/09/2025,LAPA,DELIVERY,843.82
2025-09-23,2025,9,23,Set,Setembro,2025-09,Set/2025,Terça,Ter,2,39,2025-09-22,22/09 - 28/09/2025,PAVÃO,CASA,1125.92
2025-09-23,2025,9,23,Set,Setembro,2025-09,Set/2025,Terça,Ter,2,39,2025-09-22,22/09 - 28/09/2025,PAVÃO,DELIVERY,1010.17
2025-09-23,2025,9,23,Set,Setembro,2025-09,Set/2025,Terça,Ter,2,39,2025-09-22,22/09 - 28/09/2025,PERDIZES,CASA,4273.88
2025-09-23,2025,9,23,Set,Setembro,2025-09,Set/2025,Terça,Ter,2,39,2025-09-22,22/09 - 28/09/2025,SANTANA,CASA,9823.5
2025-09-23,2025,9,23,Set,Setembro,2025-09,Set/2025,Terça,Ter,2,39,2025-09-22,22/09 - 28/09/2025,SANTANA,DELIVERY,1317.69
2025-09-23,2025,9,23,Set,Setembro,2025-09,Set/2025,Terça,Ter,2,39,2025-09-22,22/09 - 28/09/2025,TATUAPÉ,CASA,11376.57
2025-09-23,2025,9,23,Set,Setembro,2025-09,Set/2025,Terça,Ter,2,39,2025-09-22,22/09 - 28/09/2025,TATUAPÉ,DELIVERY,1671.27
2025-09-23,2025,9,23,Set,Setembro,2025-09,Set/2025,Terça,Ter,2,39,2025-09-22,22/09 - 28/09/2025,VILA MADALENA,CASA,26624.67
2025-09-23,2025,9,23,Set,Setembro,2025-09,Set/2025,Terça,Ter,2,39,2025-09-22,22/09 - 28/09/2025,VILA MADALENA,DELIVERY,690.2
2025-09-23,2025,9,23,Set,Setembro,2025-09,Set/2025,Terça,Ter,2,39,2025-09-22,22/09 - 28/09/2025,VILA MARIANA,CASA,5011.77
2025-09-23,2025,9,23,Set,Setembro,2025-09,Set/2025,Terça,Ter,2,39,2025-09-22,22/09 - 28/09/2025,VILA MARIANA,DELIVERY,2090.8
2025-09-24,2025,9,24,Set,Setembro,2025-09,Set/2025,Quarta,Qua,3,39,2025-09-22,22/09 - 28/09/2025,CARINAS,CASA,19004.17
2025-09-24,2025,9,24,Set,Setembro,2025-09,Set/2025,Quarta,Qua,3,39,2025-09-22,22/09 - 28/09/2025,CARINAS,DELIVERY,1962.2
2025-09-24,2025,9,24,Set,Setembro,2025-09,Set/2025,Quarta,Qua,3,39,2025-09-22,22/09 - 28/09/2025,CHÁCARA,CASA,4853.56
2025-09-24,2025,9,24,Set,Setembro,2025-09,Set/2025,Quarta,Qua,3,39,2025-09-22,22/09 - 28/09/2025,CHÁCARA,DELIVERY,911.1
2025-09-24,2025,9,24,Set,Setembro,2025-09,Set/2025,Quarta,Qua,3,39,2025-09-22,22/09 - 28/09/2025,LAPA,CASA,2665.83
2025-09-24,2025,9,24,Set,Setembro,2025-09,Set/2025,Quarta,Qua,3,39,2025-09-22,22/09 - 28/09/2025,LAPA,DELIVERY,1276.6
2025-09-24,2025,9,24,Set,Setembro,2025-09,Set/2025,Quarta,Qua,3,39,2025-09-22,22/09 - 28/09/2025,PAVÃO,CASA,7738.08
2025-09-24,2025,9,24,Set,Setembro,2025-09,Set/2025,Quarta,Qua,3,39,2025-09-22,22/09 - 28/09/2025,PAVÃO,DELIVERY,1405.04
2025-09-24,2025,9,24,Set,Setembro,2025-09,Set/2025,Quarta,Qua,3,39,2025-09-22,22/09 - 28/09/2025,PERDIZES,CASA,4127.44
2025-09-24,2025,9,24,Set,Setembro,2025-09,Set/2025,Quarta,Qua,3,39,2025-09-22,22/09 - 28/09/2025,PERDIZES,DELIVERY,2456.3
2025-09-24,2025,9,24,Set,Setembro,2025-09,Set/2025,Quarta,Qua,3,39,2025-09-22,22/09 - 28/09/2025,SANTANA,CASA,23853.68
2025-09-24,2025,9,24,Set,Setembro,2025-09,Set/2025,Quarta,Qua,3,39,2025-09-22,22/09 - 28/09/2025,SANTANA,DELIVERY,821.6
2025-09-24,2025,9,24,Set,Setembro,2025-09,Set/2025,Quarta,Qua,3,39,2025-09-22,22/09 - 28/09/2025,SANTO ANDRÉ,CASA,49813.05
2025-09-24,2025,9,24,Set,Setembro,2025-09,Set/2025,Quarta,Qua,3,39,2025-09-22,22/09 - 28/09/2025,SANTO ANDRÉ,DELIVERY,41.7
2025-09-24,2025,9,24,Set,Setembro,2025-09,Set/2025,Quarta,Qua,3,39,2025-09-22,22/09 - 28/09/2025,TATUAPÉ,CASA,1734.75
2025-09-24,2025,9,24,Set,Setembro,2025-09,Set/2025,Quarta,Qua,3,39,2025-09-22,22/09 - 28/09/2025,TATUAPÉ,DELIVERY,1093.09
2025-09-24,2025,9,24,Set,Setembro,2025-09,Set/2025,Quarta,Qua,3,39,2025-09-22,22/09 - 28/09/2025,VILA MADALENA,CASA,340.12
2025-09-24,2025,9,24,Set,Setembro,2025-09,Set/2025,Quarta,Qua,3,39,2025-09-22,22/09 - 28/09/2025,VILA MADALENA,DELIVERY,802.6
2025-09-24,2025,9,24,Set,Setembro,2025-09,Set/2025,Quarta,Qua,3,39,2025-09-22,22/09 - 28/09/2025,VILA MARIANA,CASA,6862.54
2025-09-24,2025,9,24,Set,Setembro,2025-09,Set/2025,Quarta,Qua,3,39,2025-09-22,22/09 - 28/09/2025,VILA MARIANA,DELIVERY,2761.2
2025-09-25,2025,9,25,Set,Setembro,2025-09,Set/2025,Quinta,Qui,4,39,2025-09-22,22/09 - 28/09/2025,CARINAS,CASA,71217.74
2025-09-25,2025,9,25,Set,Setembro,2025-09,Set/2025,Quinta,Qui,4,39,2025-09-22,22/09 - 28/09/2025,CARINAS,DELIVERY,1032.09
2025-09-25,2025,9,25,Set,Setembro,2025-09,Set/2025,Quinta,Qui,4,39,2025-09-22,22/09 - 28/09/2025,CHÁCARA,CASA,13452.2
2025-09-25,2025,9,25,Set,Setembro,2025-09,Set/2025,Quinta,Qui,4,39,2025-09-22,22/09 - 28/09/2025,CHÁCARA,DELIVERY,2058.9
2025-09-25,2025,9,25,Set,Setembro,2025-09,Set/2025,Quinta,Qui,4,39,2025-09-22,22/09 - 28/09/2025,LAPA,CASA,9121.65
2025-09-25,2025,9,25,Set,Setembro,2025-09,Set/2025,Quinta,Qui,4,39,2025-09-22,22/09 - 28/09/2025,LAPA,DELIVERY,1318.99
2025-09-25,2025,9,25,Set,Setembro,2025-09,Set/2025,Quinta,Qui,4,39,2025-09-22,22/09 - 28/09/2025,PAVÃO,CASA,31741.95
2025-09-25,2025,9,25,Set,Setembro,2025-09,Set/2025,Quinta,Qui,4,39,2025-09-22,22/09 - 28/09/2025,PAVÃO,DELIVERY,1047.84
2025-09-25,2025,9,25,Set,Setembro,2025-09,Set/2025,Quinta,Qui,4,39,2025-09-22,22/09 - 28/09/2025,PERDIZES,CASA,23571.9
2025-09-25,2025,9,25,Set,Setembro,2025-09,Set/2025,Quinta,Qui,4,39,2025-09-22,22/09 - 28/09/2025,PERDIZES,DELIVERY,1165.5
2025-09-25,2025,9,25,Set,Setembro,2025-09,Set/2025,Quinta,Qui,4,39,2025-09-22,22/09 - 28/09/2025,SANTANA,CASA,17160.82
2025-09-25,2025,9,25,Set,Setembro,2025-09,Set/2025,Quinta,Qui,4,39,2025-09-22,22/09 - 28/09/2025,SANTANA,DELIVERY,1694.39
2025-09-25,2025,9,25,Set,Setembro,2025-09,Set/2025,Quinta,Qui,4,39,2025-09-22,22/09 - 28/09/2025,SANTO ANDRÉ,CASA,23534.27
2025-09-25,2025,9,25,Set,Setembro,2025-09,Set/2025,Quinta,Qui,4,39,2025-09-22,22/09 - 28/09/2025,TATUAPÉ,CASA,4725.79
2025-09-25,2025,9,25,Set,Setembro,2025-09,Set/2025,Quinta,Qui,4,39,2025-09-22,22/09 - 28/09/2025,TATUAPÉ,DELIVERY,1679.82
2025-09-25,2025,9,25,Set,Setembro,2025-09,Set/2025,Quinta,Qui,4,39,2025-09-22,22/09 - 28/09/2025,VILA MADALENA,CASA,48862.94
2025-09-25,2025,9,25,Set,Setembro,2025-09,Set/2025,Quinta,Qui,4,39,2025-09-22,22/09 - 28/09/2025,VILA MARIANA,CASA,14229.81
2025-09-25,2025,9,25,Set,Setembro,2025-09,Set/2025,Quinta,Qui,4,39,2025-09-22,22/09 - 28/09/2025,VILA MARIANA,DELIVERY,2799.47
2025-09-26,2025,9,26,Set,Setembro,2025-09,Set/2025,Sexta,Sex,5,39,2025-09-22,22/09 - 28/09/2025,CARINAS,CASA,54284.0
2025-09-26,2025,9,26,Set,Setembro,2025-09,Set/2025,Sexta,Sex,5,39,2025-09-22,22/09 - 28/09/2025,CARINAS,DELIVERY,1664.5
2025-09-26,2025,9,26,Set,Setembro,2025-09,Set/2025,Sexta,Sex,5,39,2025-09-22,22/09 - 28/09/2025,CHÁCARA,CASA,10097.08
2025-09-26,2025,9,26,Set,Setembro,2025-09,Set/2025,Sexta,Sex,5,39,2025-09-22,22/09 - 28/09/2025,CHÁCARA,DELIVERY,1860.4
2025-09-26,2025,9,26,Set,Setembro,2025-09,Set/2025,Sexta,Sex,5,39,2025-09-22,22/09 - 28/09/2025,LAPA,CASA,13891.54
2025-09-26,2025,9,26,Set,Setembro,2025-09,Set/2025,Sexta,Sex,5,39,2025-09-22,22/09 - 28/09/2025,LAPA,DELIVERY,134.2
2025-09-26,2025,9,26,Set,Setembro,2025-09,Set/2025,Sexta,Sex,5,39,2025-09-22,22/09 - 28/09/2025,PAVÃO,CASA,12311.18
2025-09-26,2025,9,26,Set,Setembro,2025-09,Set/2025,Sexta,Sex,5,39,2025-09-22,22/09 - 28/09/2025,PAVÃO,DELIVERY,822.68
2025-09-26,2025,9,26,Set,Setembro,2025-09,Set/2025,Sexta,Sex,5,39,2025-09-22,22/09 - 28/09/2025,PERDIZES,CASA,18479.51
2025-09-26,2025,9,26,Set,Setembro,2025-09,Set/2025,Sexta,Sex,5,39,2025-09-22,22/09 - 28/09/2025,PERDIZES,DELIVERY,887.4
2025-09-26,2025,9,26,Set,Setembro,2025-09,Set/2025,Sexta,Sex,5,39,2025-09-22,22/09 - 28/09/2025,SANTANA,CASA,39369.55
2025-09-26,2025,9,26,Set,Setembro,2025-09,Set/2025,Sexta,Sex,5,39,2025-09-22,22/09 - 28/09/2025,SANTANA,DELIVERY,1282.0
2025-09-26,2025,9,26,Set,Setembro,2025-09,Set/2025,Sexta,Sex,5,39,2025-09-22,22/09 - 28/09/2025,SANTO ANDRÉ,CASA,21212.94
2025-09-26,2025,9,26,Set,Setembro,2025-09,Set/2025,Sexta,Sex,5,39,2025-09-22,22/09 - 28/09/2025,SANTO ANDRÉ,DELIVERY,492.7
2025-09-26,2025,9,26,Set,Setembro,2025-09,Set/2025,Sexta,Sex,5,39,2025-09-22,22/09 - 28/09/2025,TATUAPÉ,CASA,25842.27
2025-09-26,2025,9,26,Set,Setembro,2025-09,Set/2025,Sexta,Sex,5,39,2025-09-22,22/09 - 28/09/2025,TATUAPÉ,DELIVERY,2889.18
2025-09-26,2025,9,26,Set,Setembro,2025-09,Set/2025,Sexta,Sex,5,39,2025-09-22,22/09 - 28/09/2025,VILA MADALENA,CASA,11113.37
2025-09-26,2025,9,26,Set,Setembro,2025-09,Set/2025,Sexta,Sex,5,39,2025-09-22,22/09 - 28/09/2025,VILA MADALENA,DELIVERY,1505.99
2025-09-26,2025,9,26,Set,Setembro,2025-09,Set/2025,Sexta,Sex,5,39,2025-09-22,22/09 - 28/09/2025,VILA MARIANA,CASA,19763.9
2025-09-26,2025,9,26,Set,Setembro,2025-09,Set/2025,Sexta,Sex,5,39,2025-09-22,22/09 - 28/09/2025,VILA MARIANA,DELIVERY,2770.4
2025-09-27,2025,9,27,Set,Setembro,2025-09,Set/2025,Sábado,Sáb,6,39,2025-09-22,22/09 - 28/09/2025,CARINAS,CASA,220326.76
2025-09-27,2025,9,27,Set,Setembro,2025-09,Set/2025,Sábado,Sáb,6,39,2025-09-22,22/09 - 28/09/2025,CARINAS,DELIVERY,1692.2
2025-09-27,2025,9,27,Set,Setembro,2025-09,Set/2025,Sábado,Sáb,6,39,2025-09-22,22/09 - 28/09/2025,CHÁCARA,CASA,23082.66
2025-09-27,2025,9,27,Set,Setembro,2025-09,Set/2025,Sábado,Sáb,6,39,2025-09-22,22/09 - 28/09/2025,CHÁCARA,DELIVERY,2097.4
2025-09-27,2025,9,27,Set,Setembro,2025-09,Set/2025,Sábado,Sáb,6,39,2025-09-22,22/09 - 28/09/2025,LAPA,CASA,51856.25
2025-09-27,2025,9,27,Set,Setembro,2025-09,Set/2025,Sábado,Sáb,6,39,2025-09-22,22/09 - 28/09/2025,LAPA,DELIVERY,6117.28
2025-09-27,2025,9,27,Set,Setembro,2025-09,Set/2025,Sábado,Sáb,6,39,2025-09-22,22/09 - 28/09/2025,PAVÃO,CASA,19559.71
2025-09-27,2025,9,27,Set,Setembro,2025-09,Set/2025,Sábado,Sáb,6,39,2025-09-22,22/09 - 28/09/2025,PAVÃO,DELIVERY,2078.2
2025-09-27,2025,9,27,Set,Setembro,2025-09,Set/2025,Sábado,Sáb,6,39,2025-09-22,22/09 - 28/09/2025,PERDIZES,CASA,46018.14
2025-09-27,2025,9,27,Set,Setembro,2025-09,Set/2025,Sábado,Sáb,6,39,2025-09-22,22/09 - 28/09/2025,PERDIZES,DELIVERY,2559.68
2025-09-27,2025,9,27,Set,Setembro,2025-09,Set/2025,Sábado,Sáb,6,39,2025-09-22,22/09 - 28/09/2025,SANTANA,CASA,160552.65
2025-09-27,2025,9,27,Set,Setembro,2025-09,Set/2025,Sábado,Sáb,6,39,2025-09-22,22/09 - 28/09/2025,SANTANA,DELIVERY,3369.0
2025-09-27,2025,9,27,Set,Setembro,2025-09,Set/2025,Sábado,Sáb,6,39,2025-09-22,22/09 - 28/09/2025,SANTO ANDRÉ,CASA,145378.89
2025-09-27,2025,9,27,Set,Setembro,2025-09,Set/2025,Sábado,Sáb,6,39,2025-09-22,22/09 - 28/09/2025,SANTO ANDRÉ,DELIVERY,1359.29
2025-09-27,2025,9,27,Set,Setembro,2025-09,Set/2025,Sábado,Sáb,6,39,2025-09-22,22/09 - 28/09/2025,TATUAPÉ,CASA,157264.69
2025-09-27,2025,9,27,Set,Setembro,2025-09,Set/2025,Sábado,Sáb,6,39,2025-09-22,22/09 - 28/09/2025,TATUAPÉ,DELIVERY,3067.89
2025-09-27,2025,9,27,Set,Setembro,2025-09,Set/2025,Sábado,Sáb,6,39,2025-09-22,22/09 - 28/09/2025,VILA MADALENA,CASA,43253.71
2025-09-27,2025,9,27,Set,Setembro,2025-09,Set/2025,Sábado,Sáb,6,39,2025-09-22,22/09 - 28/09/2025,VILA MADALENA,DELIVERY,2871.5
2025-09-27,2025,9,27,Set,Setembro,2025-09,Set/2025,Sábado,Sáb,6,39,2025-09-22,22/09 - 28/09/2025,VILA MARIANA,CASA,49328.0
2025-09-27,2025,9,27,Set,Setembro,2025-09,Set/2025,Sábado,Sáb,6,39,2025-09-22,22/09 - 28/09/2025,VILA MARIANA,DELIVERY,6748.98
2025-09-28,2025,9,28,Set,Setembro,2025-09,Set/2025,Domingo,Dom,7,39,2025-09-22,22/09 - 28/09/2025,CARINAS,CASA,95569.48
2025-09-28,2025,9,28,Set,Setembro,2025-09,Set/2025,Domingo,Dom,7,39,2025-09-22,22/09 - 28/09/2025,CARINAS,DELIVERY,2620.19
2025-09-28,2025,9,28,Set,Setembro,2025-09,Set/2025,Domingo,Dom,7,39,2025-09-22,22/09 - 28/09/2025,CHÁCARA,CASA,9930.66
2025-09-28,2025,9,28,Set,Setembro,2025-09,Set/2025,Domingo,Dom,7,39,2025-09-22,22/09 - 28/09/2025,CHÁCARA,DELIVERY,3625.5
2025-09-28,2025,9,28,Set,Setembro,2025-09,Set/2025,Domingo,Dom,7,39,2025-09-22,22/09 - 28/09/2025,LAPA,CASA,25359.32
2025-09-28,2025,9,28,Set,Setembro,2025-09,Set/2025,Domingo,Dom,7,39,2025-09-22,22/09 - 28/09/2025,LAPA,DELIVERY,4269.08
2025-09-28,2025,9,28,Set,Setembro,2025-09,Set/2025,Domingo,Dom,7,39,2025-09-22,22/09 - 28/09/2025,PAVÃO,CASA,14758.3
2025-09-28,2025,9,28,Set,Setembro,2025-09,Set/2025,Domingo,Dom,7,39,2025-09-22,22/09 - 28/09/2025,PAVÃO,DELIVERY,1492.54
2025-09-28,2025,9,28,Set,Setembro,2025-09,Set/2025,Domingo,Dom,7,39,2025-09-22,22/09 - 28/09/2025,PERDIZES,CASA,20560.56
2025-09-28,2025,9,28,Set,Setembro,2025-09,Set/2025,Domingo,Dom,7,39,2025-09-22,22/09 - 28/09/2025,PERDIZES,DELIVERY,4053.2
2025-09-28,2025,9,28,Set,Setembro,2025-09,Set/2025,Domingo,Dom,7,39,2025-09-22,22/09 - 28/09/2025,SANTANA,CASA,44687.73
2025-09-28,2025,9,28,Set,Setembro,2025-09,Set/2025,Domingo,Dom,7,39,2025-09-22,22/09 - 28/09/2025,SANTANA,DELIVERY,4129.39
2025-09-28,2025,9,28,Set,Setembro,2025-09,Set/2025,Domingo,Dom,7,39,2025-09-22,22/09 - 28/09/2025,SANTO ANDRÉ,CASA,41502.99
2025-09-28,2025,9,28,Set,Setembro,2025-09,Set/2025,Domingo,Dom,7,39,2025-09-22,22/09 - 28/09/2025,SANTO ANDRÉ,DELIVERY,862.0
2025-09-28,2025,9,28,Set,Setembro,2025-09,Set/2025,Domingo,Dom,7,39,2025-09-22,22/09 - 28/09/2025,TATUAPÉ,CASA,54335.03
2025-09-28,2025,9,28,Set,Setembro,2025-09,Set/2025,Domingo,Dom,7,39,2025-09-22,22/09 - 28/09/2025,TATUAPÉ,DELIVERY,4157.72
2025-09-28,2025,9,28,Set,Setembro,2025-09,Set/2025,Domingo,Dom,7,39,2025-09-22,22/09 - 28/09/2025,VILA MADALENA,CASA,15137.34
2025-09-28,2025,9,28,Set,Setembro,2025-09,Set/2025,Domingo,Dom,7,39,2025-09-22,22/09 - 28/09/2025,VILA MADALENA,DELIVERY,2047.79
2025-09-28,2025,9,28,Set,Setembro,2025-09,Set/2025,Domingo,Dom,7,39,2025-09-22,22/09 - 28/09/2025,VILA MARIANA,CASA,34396.49
2025-09-28,2025,9,28,Set,Setembro,2025-09,Set/2025,Domingo,Dom,7,39,2025-09-22,22/09 - 28/09/2025,VILA MARIANA,DELIVERY,6368.89
2025-09-29,2025,9,29,Set,Setembro,2025-09,Set/2025,Segunda,Seg,1,40,2025-09-29,29/09 - 05/10/2025,TATUAPÉ,DELIVERY,211.69
2025-09-30,2025,9,30,Set,Setembro,2025-09,Set/2025,Terça,Ter,2,40,2025-09-29,29/09 - 05/10/2025,CARINAS,CASA,79212.92
2025-09-30,2025,9,30,Set,Setembro,2025-09,Set/2025,Terça,Ter,2,40,2025-09-29,29/09 - 05/10/2025,CARINAS,DELIVERY,1650.1
2025-09-30,2025,9,30,Set,Setembro,2025-09,Set/2025,Terça,Ter,2,40,2025-09-29,29/09 - 05/10/2025,CHÁCARA,CASA,9303.41
2025-09-30,2025,9,30,Set,Setembro,2025-09,Set/2025,Terça,Ter,2,40,2025-09-29,29/09 - 05/10/2025,CHÁCARA,DELIVERY,2215.9
2025-09-30,2025,9,30,Set,Setembro,2025-09,Set/2025,Terça,Ter,2,40,2025-09-29,29/09 - 05/10/2025,LAPA,CASA,10384.94
2025-09-30,2025,9,30,Set,Setembro,2025-09,Set/2025,Terça,Ter,2,40,2025-09-29,29/09 - 05/10/2025,LAPA,DELIVERY,1808.8
2025-09-30,2025,9,30,Set,Setembro,2025-09,Set/2025,Terça,Ter,2,40,2025-09-29,29/09 - 05/10/2025,PAVÃO,CASA,2280.1
2025-09-30,2025,9,30,Set,Setembro,2025-09,Set/2025,Terça,Ter,2,40,2025-09-29,29/09 - 05/10/2025,PAVÃO,DELIVERY,823.08
2025-09-30,2025,9,30,Set,Setembro,2025-09,Set/2025,Terça,Ter,2,40,2025-09-29,29/09 - 05/10/2025,PERDIZES,CASA,1925.03
2025-09-30,2025,9,30,Set,Setembro,2025-09,Set/2025,Terça,Ter,2,40,2025-09-29,29/09 - 05/10/2025,PERDIZES,DELIVERY,796.0
2025-09-30,2025,9,30,Set,Setembro,2025-09,Set/2025,Terça,Ter,2,40,2025-09-29,29/09 - 05/10/2025,SANTANA,CASA,12669.3
2025-09-30,2025,9,30,Set,Setembro,2025-09,Set/2025,Terça,Ter,2,40,2025-09-29,29/09 - 05/10/2025,SANTANA,DELIVERY,1812.0
2025-09-30,2025,9,30,Set,Setembro,2025-09,Set/2025,Terça,Ter,2,40,2025-09-29,29/09 - 05/10/2025,TATUAPÉ,CASA,37107.01
2025-09-30,2025,9,30,Set,Setembro,2025-09,Set/2025,Terça,Ter,2,40,2025-09-29,29/09 - 05/10/2025,TATUAPÉ,DELIVERY,1233.16
2025-09-30,2025,9,30,Set,Setembro,2025-09,Set/2025,Terça,Ter,2,40,2025-09-29,29/09 - 05/10/2025,VILA MADALENA,CASA,3799.15
2025-09-30,2025,9,30,Set,Setembro,2025-09,Set/2025,Terça,Ter,2,40,2025-09-29,29/09 - 05/10/2025,VILA MADALENA,DELIVERY,771.59
2025-09-30,2025,9,30,Set,Setembro,2025-09,Set/2025,Terça,Ter,2,40,2025-09-29,29/09 - 05/10/2025,VILA MARIANA,CASA,6397.05
2025-09-30,2025,9,30,Set,Setembro,2025-09,Set/2025,Terça,Ter,2,40,2025-09-29,29/09 - 05/10/2025,VILA MARIANA,DELIVERY,2946.29
2025-10-01,2025,10,1,Out,Outubro,2025-10,Out/2025,Quarta,Qua,3,40,2025-09-29,29/09 - 05/10/2025,CARINAS,CASA,17765.37
2025-10-01,2025,10,1,Out,Outubro,2025-10,Out/2025,Quarta,Qua,3,40,2025-09-29,29/09 - 05/10/2025,CARINAS,DELIVERY,1334.6
2025-10-01,2025,10,1,Out,Outubro,2025-10,Out/2025,Quarta,Qua,3,40,2025-09-29,29/09 - 05/10/2025,CHÁCARA,CASA,5071.85
2025-10-01,2025,10,1,Out,Outubro,2025-10,Out/2025,Quarta,Qua,3,40,2025-09-29,29/09 - 05/10/2025,CHÁCARA,DELIVERY,1580.6
2025-10-01,2025,10,1,Out,Outubro,2025-10,Out/2025,Quarta,Qua,3,40,2025-09-29,29/09 - 05/10/2025,LAPA,CASA,4797.85
2025-10-01,2025,10,1,Out,Outubro,2025-10,Out/2025,Quarta,Qua,3,40,2025-09-29,29/09 - 05/10/2025,LAPA,DELIVERY,1649.98
2025-10-01,2025,10,1,Out,Outubro,2025-10,Out/2025,Quarta,Qua,3,40,2025-09-29,29/09 - 05/10/2025,PAVÃO,CASA,4191.47
2025-10-01,2025,10,1,Out,Outubro,2025-10,Out/2025,Quarta,Qua,3,40,2025-09-29,29/09 - 05/10/2025,PAVÃO,DELIVERY,2391.14
2025-10-01,2025,10,1,Out,Outubro,2025-10,Out/2025,Quarta,Qua,3,40,2025-09-29,29/09 - 05/10/2025,PERDIZES,CASA,8885.9
2025-10-01,2025,10,1,Out,Outubro,2025-10,Out/2025,Quarta,Qua,3,40,2025-09-29,29/09 - 05/10/2025,PERDIZES,DELIVERY,1723.6
2025-10-01,2025,10,1,Out,Outubro,2025-10,Out/2025,Quarta,Qua,3,40,2025-09-29,29/09 - 05/10/2025,SANTANA,CASA,6878.95
2025-10-01,2025,10,1,Out,Outubro,2025-10,Out/2025,Quarta,Qua,3,40,2025-09-29,29/09 - 05/10/2025,SANTANA,DELIVERY,1647.89
2025-10-01,2025,10,1,Out,Outubro,2025-10,Out/2025,Quarta,Qua,3,40,2025-09-29,29/09 - 05/10/2025,SANTO ANDRÉ,CASA,7825.37
2025-10-01,2025,10,1,Out,Outubro,2025-10,Out/2025,Quarta,Qua,3,40,2025-09-29,29/09 - 05/10/2025,SANTO ANDRÉ,DELIVERY,39.8
2025-10-01,2025,10,1,Out,Outubro,2025-10,Out/2025,Quarta,Qua,3,40,2025-09-29,29/09 - 05/10/2025,TATUAPÉ,CASA,9221.41
2025-10-01,2025,10,1,Out,Outubro,2025-10,Out/2025,Quarta,Qua,3,40,2025-09-29,29/09 - 05/10/2025,TATUAPÉ,DELIVERY,2245.78
2025-10-01,2025,10,1,Out,Outubro,2025-10,Out/2025,Quarta,Qua,3,40,2025-09-29,29/09 - 05/10/2025,VILA MADALENA,CASA,5932.83
2025-10-01,2025,10,1,Out,Outubro,2025-10,Out/2025,Quarta,Qua,3,40,2025-09-29,29/09 - 05/10/2025,VILA MADALENA,DELIVERY,1283.5
2025-10-01,2025,10,1,Out,Outubro,2025-10,Out/2025,Quarta,Qua,3,40,2025-09-29,29/09 - 05/10/2025,VILA MARIANA,CASA,11858.54
2025-10-01,2025,10,1,Out,Outubro,2025-10,Out/2025,Quarta,Qua,3,40,2025-09-29,29/09 - 05/10/2025,VILA MARIANA,DELIVERY,3433.89
2025-10-02,2025,10,2,Out,Outubro,2025-10,Out/2025,Quinta,Qui,4,40,2025-09-29,29/09 - 05/10/2025,CARINAS,CASA,47566.17
2025-10-02,2025,10,2,Out,Outubro,2025-10,Out/2025,Quinta,Qui,4,40,2025-09-29,29/09 - 05/10/2025,CARINAS,DELIVERY,1329.68
2025-10-02,2025,10,2,Out,Outubro,2025-10,Out/2025,Quinta,Qui,4,40,2025-09-29,29/09 - 05/10/2025,CHÁCARA,CASA,6947.84
2025-10-02,2025,10,2,Out,Outubro,2025-10,Out/2025,Quinta,Qui,4,40,2025-09-29,29/09 - 05/10/2025,CHÁCARA,DELIVERY,1893.1
2025-10-02,2025,10,2,Out,Outubro,2025-10,Out/2025,Quinta,Qui,4,40,2025-09-29,29/09 - 05/10/2025,LAPA,CASA,2861.54
2025-10-02,2025,10,2,Out,Outubro,2025-10,Out/2025,Quinta,Qui,4,40,2025-09-29,29/09 - 05/10/2025,LAPA,DELIVERY,2261.88
2025-10-02,2025,10,2,Out,Outubro,2025-10,Out/2025,Quinta,Qui,4,40,2025-09-29,29/09 - 05/10/2025,PAVÃO,CASA,2466.08
2025-10-02,2025,10,2,Out,Outubro,2025-10,Out/2025,Quinta,Qui,4,40,2025-09-29,29/09 - 05/10/2025,PAVÃO,DELIVERY,832.12
2025-10-02,2025,10,2,Out,Outubro,2025-10,Out/2025,Quinta,Qui,4,40,2025-09-29,29/09 - 05/10/2025,PERDIZES,CASA,24391.79
2025-10-02,2025,10,2,Out,Outubro,2025-10,Out/2025,Quinta,Qui,4,40,2025-09-29,29/09 - 05/10/2025,PERDIZES,DELIVERY,1334.5
2025-10-02,2025,10,2,Out,Outubro,2025-10,Out/2025,Quinta,Qui,4,40,2025-09-29,29/09 - 05/10/2025,SANTANA,CASA,8027.31
2025-10-02,2025,10,2,Out,Outubro,2025-10,Out/2025,Quinta,Qui,4,40,2025-09-29,29/09 - 05/10/2025,SANTANA,DELIVERY,1367.8
2025-10-02,2025,10,2,Out,Outubro,2025-10,Out/2025,Quinta,Qui,4,40,2025-09-29,29/09 - 05/10/2025,SANTO ANDRÉ,CASA,18509.07
2025-10-02,2025,10,2,Out,Outubro,2025-10,Out/2025,Quinta,Qui,4,40,2025-09-29,29/09 - 05/10/2025,SANTO ANDRÉ,DELIVERY,1011.49
2025-10-02,2025,10,2,Out,Outubro,2025-10,Out/2025,Quinta,Qui,4,40,2025-09-29,29/09 - 05/10/2025,TATUAPÉ,CASA,5823.25
2025-10-02,2025,10,2,Out,Outubro,2025-10,Out/2025,Quinta,Qui,4,40,2025-09-29,29/09 - 05/10/2025,TATUAPÉ,DELIVERY,1333.84
2025-10-02,2025,10,2,Out,Outubro,2025-10,Out/2025,Quinta,Qui,4,40,2025-09-29,29/09 - 05/10/2025,VILA MADALENA,CASA,34059.94
2025-10-02,2025,10,2,Out,Outubro,2025-10,Out/2025,Quinta,Qui,4,40,2025-09-29,29/09 - 05/10/2025,VILA MADALENA,DELIVERY,553.6
2025-10-02,2025,10,2,Out,Outubro,2025-10,Out/2025,Quinta,Qui,4,40,2025-09-29,29/09 - 05/10/2025,VILA MARIANA,CASA,86740.0
2025-10-02,2025,10,2,Out,Outubro,2025-10,Out/2025,Quinta,Qui,4,40,2025-09-29,29/09 - 05/10/2025,VILA MARIANA,DELIVERY,3863.48
2025-10-03,2025,10,3,Out,Outubro,2025-10,Out/2025,Sexta,Sex,5,40,2025-09-29,29/09 - 05/10/2025,CARINAS,CASA,66235.73
2025-10-03,2025,10,3,Out,Outubro,2025-10,Out/2025,Sexta,Sex,5,40,2025-09-29,29/09 - 05/10/2025,CHÁCARA,CASA,8252.58
2025-10-03,2025,10,3,Out,Outubro,2025-10,Out/2025,Sexta,Sex,5,40,2025-09-29,29/09 - 05/10/2025,CHÁCARA,DELIVERY,1236.9
2025-10-03,2025,10,3,Out,Outubro,2025-10,Out/2025,Sexta,Sex,5,40,2025-09-29,29/09 - 05/10/2025,LAPA,CASA,12784.03
2025-10-03,2025,10,3,Out,Outubro,2025-10,Out/2025,Sexta,Sex,5,40,2025-09-29,29/09 - 05/10/2025,LAPA,DELIVERY,3308.69
2025-10-03,2025,10,3,Out,Outubro,2025-10,Out/2025,Sexta,Sex,5,40,2025-09-29,29/09 - 05/10/2025,PAVÃO,CASA,8510.55
2025-10-03,2025,10,3,Out,Outubro,2025-10,Out/2025,Sexta,Sex,5,40,2025-09-29,29/09 - 05/10/2025,PAVÃO,DELIVERY,1037.96
2025-10-03,2025,10,3,Out,Outubro,2025-10,Out/2025,Sexta,Sex,5,40,2025-09-29,29/09 - 05/10/2025,PERDIZES,CASA,14716.51
2025-10-03,2025,10,3,Out,Outubro,2025-10,Out/2025,Sexta,Sex,5,40,2025-09-29,29/09 - 05/10/2025,PERDIZES,DELIVERY,2347.6
2025-10-03,2025,10,3,Out,Outubro,2025-10,Out/2025,Sexta,Sex,5,40,2025-09-29,29/09 - 05/10/2025,SANTANA,CASA,22036.44
2025-10-03,2025,10,3,Out,Outubro,2025-10,Out/2025,Sexta,Sex,5,40,2025-09-29,29/09 - 05/10/2025,SANTANA,DELIVERY,2978.09
2025-10-03,2025,10,3,Out,Outubro,2025-10,Out/2025,Sexta,Sex,5,40,2025-09-29,29/09 - 05/10/2025,SANTO ANDRÉ,CASA,47997.41
2025-10-03,2025,10,3,Out,Outubro,2025-10,Out/2025,Sexta,Sex,5,40,2025-09-29,29/09 - 05/10/2025,SANTO ANDRÉ,DELIVERY,599.9
2025-10-03,2025,10,3,Out,Outubro,2025-10,Out/2025,Sexta,Sex,5,40,2025-09-29,29/09 - 05/10/2025,TATUAPÉ,CASA,21735.87
2025-10-03,2025,10,3,Out,Outubro,2025-10,Out/2025,Sexta,Sex,5,40,2025-09-29,29/09 - 05/10/2025,TATUAPÉ,DELIVERY,2229.24
2025-10-03,2025,10,3,Out,Outubro,2025-10,Out/2025,Sexta,Sex,5,40,2025-09-29,29/09 - 05/10/2025,VILA MADALENA,CASA,7279.2
2025-10-03,2025,10,3,Out,Outubro,2025-10,Out/2025,Sexta,Sex,5,40,2025-09-29,29/09 - 05/10/2025,VILA MADALENA,DELIVERY,1170.19
2025-10-03,2025,10,3,Out,Outubro,2025-10,Out/2025,Sexta,Sex,5,40,2025-09-29,29/09 - 05/10/2025,VILA MARIANA,CASA,15129.51
2025-10-03,2025,10,3,Out,Outubro,2025-10,Out/2025,Sexta,Sex,5,40,2025-09-29,29/09 - 05/10/2025,VILA MARIANA,DELIVERY,4599.69
2025-10-04,2025,10,4,Out,Outubro,2025-10,Out/2025,Sábado,Sáb,6,40,2025-09-29,29/09 - 05/10/2025,CARINAS,CASA,119550.68
2025-10-04,2025,10,4,Out,Outubro,2025-10,Out/2025,Sábado,Sáb,6,40,2025-09-29,29/09 - 05/10/2025,CARINAS,DELIVERY,5715.9
2025-10-04,2025,10,4,Out,Outubro,2025-10,Out/2025,Sábado,Sáb,6,40,2025-09-29,29/09 - 05/10/2025,CHÁCARA,CASA,21363.6
2025-10-04,2025,10,4,Out,Outubro,2025-10,Out/2025,Sábado,Sáb,6,40,2025-09-29,29/09 - 05/10/2025,CHÁCARA,DELIVERY,3402.1
2025-10-04,2025,10,4,Out,Outubro,2025-10,Out/2025,Sábado,Sáb,6,40,2025-09-29,29/09 - 05/10/2025,LAPA,CASA,42224.38
2025-10-04,2025,10,4,Out,Outubro,2025-10,Out/2025,Sábado,Sáb,6,40,2025-09-29,29/09 - 05/10/2025,LAPA,DELIVERY,3920.5
2025-10-04,2025,10,4,Out,Outubro,2025-10,Out/2025,Sábado,Sáb,6,40,2025-09-29,29/09 - 05/10/2025,PAVÃO,CASA,34707.03
2025-10-04,2025,10,4,Out,Outubro,2025-10,Out/2025,Sábado,Sáb,6,40,2025-09-29,29/09 - 05/10/2025,PAVÃO,DELIVERY,3380.82
2025-10-04,2025,10,4,Out,Outubro,2025-10,Out/2025,Sábado,Sáb,6,40,2025-09-29,29/09 - 05/10/2025,PERDIZES,CASA,72117.52
2025-10-04,2025,10,4,Out,Outubro,2025-10,Out/2025,Sábado,Sáb,6,40,2025-09-29,29/09 - 05/10/2025,PERDIZES,DELIVERY,4072.58
2025-10-04,2025,10,4,Out,Outubro,2025-10,Out/2025,Sábado,Sáb,6,40,2025-09-29,29/09 - 05/10/2025,SANTANA,CASA,92881.04
2025-10-04,2025,10,4,Out,Outubro,2025-10,Out/2025,Sábado,Sáb,6,40,2025-09-29,29/09 - 05/10/2025,SANTANA,DELIVERY,3833.7
2025-10-04,2025,10,4,Out,Outubro,2025-10,Out/2025,Sábado,Sáb,6,40,2025-09-29,29/09 - 05/10/2025,SANTO ANDRÉ,CASA,95680.69
2025-10-04,2025,10,4,Out,Outubro,2025-10,Out/2025,Sábado,Sáb,6,40,2025-09-29,29/09 - 05/10/2025,SANTO ANDRÉ,DELIVERY,566.1
2025-10-04,2025,10,4,Out,Outubro,2025-10,Out/2025,Sábado,Sáb,6,40,2025-09-29,29/09 - 05/10/2025,TATUAPÉ,CASA,110027.89
2025-10-04,2025,10,4,Out,Outubro,2025-10,Out/2025,Sábado,Sáb,6,40,2025-09-29,29/09 - 05/10/2025,TATUAPÉ,DELIVERY,3586.7
2025-10-04,2025,10,4,Out,Outubro,2025-10,Out/2025,Sábado,Sáb,6,40,2025-09-29,29/09 - 05/10/2025,VILA MARIANA,CASA,49164.93
2025-10-04,2025,10,4,Out,Outubro,2025-10,Out/2025,Sábado,Sáb,6,40,2025-09-29,29/09 - 05/10/2025,VILA MARIANA,DELIVERY,5440.69
2025-10-05,2025,10,5,Out,Outubro,2025-10,Out/2025,Domingo,Dom,7,40,2025-09-29,29/09 - 05/10/2025,CARINAS,CASA,41567.36
2025-10-05,2025,10,5,Out,Outubro,2025-10,Out/2025,Domingo,Dom,7,40,2025-09-29,29/09 - 05/10/2025,CARINAS,DELIVERY,4328.38
2025-10-05,2025,10,5,Out,Outubro,2025-10,Out/2025,Domingo,Dom,7,40,2025-09-29,29/09 - 05/10/2025,CHÁCARA,CASA,9765.25
2025-10-05,2025,10,5,Out,Outubro,2025-10,Out/2025,Domingo,Dom,7,40,2025-09-29,29/09 - 05/10/2025,CHÁCARA,DELIVERY,4475.1
2025-10-05,2025,10,5,Out,Outubro,2025-10,Out/2025,Domingo,Dom,7,40,2025-09-29,29/09 - 05/10/2025,LAPA,CASA,37609.4
2025-10-05,2025,10,5,Out,Outubro,2025-10,Out/2025,Domingo,Dom,7,40,2025-09-29,29/09 - 05/10/2025,LAPA,DELIVERY,5523.79
2025-10-05,2025,10,5,Out,Outubro,2025-10,Out/2025,Domingo,Dom,7,40,2025-09-29,29/09 - 05/10/2025,PAVÃO,CASA,13258.53
2025-10-05,2025,10,5,Out,Outubro,2025-10,Out/2025,Domingo,Dom,7,40,2025-09-29,29/09 - 05/10/2025,PAVÃO,DELIVERY,3906.05
2025-10-05,2025,10,5,Out,Outubro,2025-10,Out/2025,Domingo,Dom,7,40,2025-09-29,29/09 - 05/10/2025,PERDIZES,CASA,33720.56
2025-10-05,2025,10,5,Out,Outubro,2025-10,Out/2025,Domingo,Dom,7,40,2025-09-29,29/09 - 05/10/2025,PERDIZES,DELIVERY,5130.7
2025-10-05,2025,10,5,Out,Outubro,2025-10,Out/2025,Domingo,Dom,7,40,2025-09-29,29/09 - 05/10/2025,SANTANA,CASA,32744.3
2025-10-05,2025,10,5,Out,Outubro,2025-10,Out/2025,Domingo,Dom,7,40,2025-09-29,29/09 - 05/10/2025,SANTANA,DELIVERY,6591.0
2025-10-05,2025,10,5,Out,Outubro,2025-10,Out/2025,Domingo,Dom,7,40,2025-09-29,29/09 - 05/10/2025,SANTO ANDRÉ,CASA,35144.7
2025-10-05,2025,10,5,Out,Outubro,2025-10,Out/2025,Domingo,Dom,7,40,2025-09-29,29/09 - 05/10/2025,SANTO ANDRÉ,DELIVERY,1133.89
2025-10-05,2025,10,5,Out,Outubro,2025-10,Out/2025,Domingo,Dom,7,40,2025-09-29,29/09 - 05/10/2025,TATUAPÉ,CASA,43905.95
2025-10-05,2025,10,5,Out,Outubro,2025-10,Out/2025,Domingo,Dom,7,40,2025-09-29,29/09 - 05/10/2025,TATUAPÉ,DELIVERY,3914.09
2025-10-05,2025,10,5,Out,Outubro,2025-10,Out/2025,Domingo,Dom,7,40,2025-09-29,29/09 - 05/10/2025,VILA MARIANA,CASA,30264.41
2025-10-05,2025,10,5,Out,Outubro,2025-10,Out/2025,Domingo,Dom,7,40,2025-09-29,29/09 - 05/10/2025,VILA MARIANA,DELIVERY,7768.39
2025-10-06,2025,10,6,Out,Outubro,2025-10,Out/2025,Segunda,Seg,1,41,2025-10-06,06/10 - 12/10/2025,TATUAPÉ,DELIVERY,35.69
2025-10-07,2025,10,7,Out,Outubro,2025-10,Out/2025,Terça,Ter,2,41,2025-10-06,06/10 - 12/10/2025,CARINAS,CASA,15150.28
2025-10-07,2025,10,7,Out,Outubro,2025-10,Out/2025,Terça,Ter,2,41,2025-10-06,06/10 - 12/10/2025,CARINAS,DELIVERY,980.9
2025-10-07,2025,10,7,Out,Outubro,2025-10,Out/2025,Terça,Ter,2,41,2025-10-06,06/10 - 12/10/2025,CHÁCARA,CASA,387.95
2025-10-07,2025,10,7,Out,Outubro,2025-10,Out/2025,Terça,Ter,2,41,2025-10-06,06/10 - 12/10/2025,CHÁCARA,DELIVERY,1254.5
2025-10-07,2025,10,7,Out,Outubro,2025-10,Out/2025,Terça,Ter,2,41,2025-10-06,06/10 - 12/10/2025,LAPA,CASA,7630.2
2025-10-07,2025,10,7,Out,Outubro,2025-10,Out/2025,Terça,Ter,2,41,2025-10-06,06/10 - 12/10/2025,LAPA,DELIVERY,992.18
2025-10-07,2025,10,7,Out,Outubro,2025-10,Out/2025,Terça,Ter,2,41,2025-10-06,06/10 - 12/10/2025,PAVÃO,CASA,5721.93
2025-10-07,2025,10,7,Out,Outubro,2025-10,Out/2025,Terça,Ter,2,41,2025-10-06,06/10 - 12/10/2025,PAVÃO,DELIVERY,1432.84
2025-10-07,2025,10,7,Out,Outubro,2025-10,Out/2025,Terça,Ter,2,41,2025-10-06,06/10 - 12/10/2025,PERDIZES,CASA,459.2
2025-10-07,2025,10,7,Out,Outubro,2025-10,Out/2025,Terça,Ter,2,41,2025-10-06,06/10 - 12/10/2025,PERDIZES,DELIVERY,1621.1
2025-10-07,2025,10,7,Out,Outubro,2025-10,Out/2025,Terça,Ter,2,41,2025-10-06,06/10 - 12/10/2025,SANTANA,CASA,11492.64
2025-10-07,2025,10,7,Out,Outubro,2025-10,Out/2025,Terça,Ter,2,41,2025-10-06,06/10 - 12/10/2025,SANTANA,DELIVERY,1410.5
2025-10-07,2025,10,7,Out,Outubro,2025-10,Out/2025,Terça,Ter,2,41,2025-10-06,06/10 - 12/10/2025,SANTO ANDRÉ,CASA,69320.87
2025-10-07,2025,10,7,Out,Outubro,2025-10,Out/2025,Terça,Ter,2,41,2025-10-06,06/10 - 12/10/2025,SANTO ANDRÉ,DELIVERY,474.09
2025-10-07,2025,10,7,Out,Outubro,2025-10,Out/2025,Terça,Ter,2,41,2025-10-06,06/10 - 12/10/2025,TATUAPÉ,CASA,21475.33
2025-10-07,2025,10,7,Out,Outubro,2025-10,Out/2025,Terça,Ter,2,41,2025-10-06,06/10 - 12/10/2025,TATUAPÉ,DELIVERY,1601.81
2025-10-07,2025,10,7,Out,Outubro,2025-10,Out/2025,Terça,Ter,2,41,2025-10-06,06/10 - 12/10/2025,VILA MARIANA,CASA,3066.92
2025-10-07,2025,10,7,Out,Outubro,2025-10,Out/2025,Terça,Ter,2,41,2025-10-06,06/10 - 12/10/2025,VILA MARIANA,DELIVERY,2876.7
2025-10-08,2025,10,8,Out,Outubro,2025-10,Out/2025,Quarta,Qua,3,41,2025-10-06,06/10 - 12/10/2025,CARINAS,CASA,13720.29
2025-10-08,2025,10,8,Out,Outubro,2025-10,Out/2025,Quarta,Qua,3,41,2025-10-06,06/10 - 12/10/2025,CARINAS,DELIVERY,666.7
2025-10-08,2025,10,8,Out,Outubro,2025-10,Out/2025,Quarta,Qua,3,41,2025-10-06,06/10 - 12/10/2025,CHÁCARA,CASA,1583.51
2025-10-08,2025,10,8,Out,Outubro,2025-10,Out/2025,Quarta,Qua,3,41,2025-10-06,06/10 - 12/10/2025,CHÁCARA,DELIVERY,1448.9
2025-10-08,2025,10,8,Out,Outubro,2025-10,Out/2025,Quarta,Qua,3,41,2025-10-06,06/10 - 12/10/2025,LAPA,CASA,7019.49
2025-10-08,2025,10,8,Out,Outubro,2025-10,Out/2025,Quarta,Qua,3,41,2025-10-06,06/10 - 12/10/2025,LAPA,DELIVERY,2048.9
2025-10-08,2025,10,8,Out,Outubro,2025-10,Out/2025,Quarta,Qua,3,41,2025-10-06,06/10 - 12/10/2025,PAVÃO,CASA,7950.14
2025-10-08,2025,10,8,Out,Outubro,2025-10,Out/2025,Quarta,Qua,3,41,2025-10-06,06/10 - 12/10/2025,PAVÃO,DELIVERY,1385.23
2025-10-08,2025,10,8,Out,Outubro,2025-10,Out/2025,Quarta,Qua,3,41,2025-10-06,06/10 - 12/10/2025,PERDIZES,CASA,20034.0
2025-10-08,2025,10,8,Out,Outubro,2025-10,Out/2025,Quarta,Qua,3,41,2025-10-06,06/10 - 12/10/2025,PERDIZES,DELIVERY,1589.6
2025-10-08,2025,10,8,Out,Outubro,2025-10,Out/2025,Quarta,Qua,3,41,2025-10-06,06/10 - 12/10/2025,SANTANA,CASA,25781.42
2025-10-08,2025,10,8,Out,Outubro,2025-10,Out/2025,Quarta,Qua,3,41,2025-10-06,06/10 - 12/10/2025,SANTANA,DELIVERY,1092.6
2025-10-08,2025,10,8,Out,Outubro,2025-10,Out/2025,Quarta,Qua,3,41,2025-10-06,06/10 - 12/10/2025,SANTO ANDRÉ,CASA,7887.79
2025-10-08,2025,10,8,Out,Outubro,2025-10,Out/2025,Quarta,Qua,3,41,2025-10-06,06/10 - 12/10/2025,SANTO ANDRÉ,DELIVERY,59.6
2025-10-08,2025,10,8,Out,Outubro,2025-10,Out/2025,Quarta,Qua,3,41,2025-10-06,06/10 - 12/10/2025,TATUAPÉ,CASA,3987.16
2025-10-08,2025,10,8,Out,Outubro,2025-10,Out/2025,Quarta,Qua,3,41,2025-10-06,06/10 - 12/10/2025,TATUAPÉ,DELIVERY,1530.82
2025-10-08,2025,10,8,Out,Outubro,2025-10,Out/2025,Quarta,Qua,3,41,2025-10-06,06/10 - 12/10/2025,VILA MARIANA,CASA,9346.76
2025-10-08,2025,10,8,Out,Outubro,2025-10,Out/2025,Quarta,Qua,3,41,2025-10-06,06/10 - 12/10/2025,VILA MARIANA,DELIVERY,2643.19
2025-10-09,2025,10,9,Out,Outubro,2025-10,Out/2025,Quinta,Qui,4,41,2025-10-06,06/10 - 12/10/2025,CARINAS,CASA,79984.66
2025-10-09,2025,10,9,Out,Outubro,2025-10,Out/2025,Quinta,Qui,4,41,2025-10-06,06/10 - 12/10/2025,CARINAS,DELIVERY,424.4
2025-10-09,2025,10,9,Out,Outubro,2025-10,Out/2025,Quinta,Qui,4,41,2025-10-06,06/10 - 12/10/2025,CHÁCARA,CASA,15824.1
2025-10-09,2025,10,9,Out,Outubro,2025-10,Out/2025,Quinta,Qui,4,41,2025-10-06,06/10 - 12/10/2025,CHÁCARA,DELIVERY,1937.2
2025-10-09,2025,10,9,Out,Outubro,2025-10,Out/2025,Quinta,Qui,4,41,2025-10-06,06/10 - 12/10/2025,LAPA,CASA,3992.77
2025-10-09,2025,10,9,Out,Outubro,2025-10,Out/2025,Quinta,Qui,4,41,2025-10-06,06/10 - 12/10/2025,LAPA,DELIVERY,2188.29
2025-10-09,2025,10,9,Out,Outubro,2025-10,Out/2025,Quinta,Qui,4,41,2025-10-06,06/10 - 12/10/2025,PAVÃO,CASA,3385.18
2025-10-09,2025,10,9,Out,Outubro,2025-10,Out/2025,Quinta,Qui,4,41,2025-10-06,06/10 - 12/10/2025,PAVÃO,DELIVERY,1913.63
2025-10-09,2025,10,9,Out,Outubro,2025-10,Out/2025,Quinta,Qui,4,41,2025-10-06,06/10 - 12/10/2025,PERDIZES,CASA,30530.53
2025-10-09,2025,10,9,Out,Outubro,2025-10,Out/2025,Quinta,Qui,4,41,2025-10-06,06/10 - 12/10/2025,PERDIZES,DELIVERY,1372.99
2025-10-09,2025,10,9,Out,Outubro,2025-10,Out/2025,Quinta,Qui,4,41,2025-10-06,06/10 - 12/10/2025,SANTANA,CASA,12642.24
2025-10-09,2025,10,9,Out,Outubro,2025-10,Out/2025,Quinta,Qui,4,41,2025-10-06,06/10 - 12/10/2025,SANTANA,DELIVERY,2397.68
2025-10-09,2025,10,9,Out,Outubro,2025-10,Out/2025,Quinta,Qui,4,41,2025-10-06,06/10 - 12/10/2025,SANTO ANDRÉ,CASA,18676.63
2025-10-09,2025,10,9,Out,Outubro,2025-10,Out/2025,Quinta,Qui,4,41,2025-10-06,06/10 - 12/10/2025,SANTO ANDRÉ,DELIVERY,208.6
2025-10-09,2025,10,9,Out,Outubro,2025-10,Out/2025,Quinta,Qui,4,41,2025-10-06,06/10 - 12/10/2025,TATUAPÉ,CASA,4472.83
2025-10-09,2025,10,9,Out,Outubro,2025-10,Out/2025,Quinta,Qui,4,41,2025-10-06,06/10 - 12/10/2025,TATUAPÉ,DELIVERY,1725.71
2025-10-09,2025,10,9,Out,Outubro,2025-10,Out/2025,Quinta,Qui,4,41,2025-10-06,06/10 - 12/10/2025,VILA MARIANA,CASA,7931.51
2025-10-09,2025,10,9,Out,Outubro,2025-10,Out/2025,Quinta,Qui,4,41,2025-10-06,06/10 - 12/10/2025,VILA MARIANA,DELIVERY,3388.28
2025-10-10,2025,10,10,Out,Outubro,2025-10,Out/2025,Sexta,Sex,5,41,2025-10-06,06/10 - 12/10/2025,CARINAS,CASA,16602.53
2025-10-10,2025,10,10,Out,Outubro,2025-10,Out/2025,Sexta,Sex,5,41,2025-10-06,06/10 - 12/10/2025,CARINAS,DELIVERY,623.09
2025-10-10,2025,10,10,Out,Outubro,2025-10,Out/2025,Sexta,Sex,5,41,2025-10-06,06/10 - 12/10/2025,CHÁCARA,CASA,16752.47
2025-10-10,2025,10,10,Out,Outubro,2025-10,Out/2025,Sexta,Sex,5,41,2025-10-06,06/10 - 12/10/2025,CHÁCARA,DELIVERY,1297.0
2025-10-10,2025,10,10,Out,Outubro,2025-10,Out/2025,Sexta,Sex,5,41,2025-10-06,06/10 - 12/10/2025,LAPA,CASA,17657.7
2025-10-10,2025,10,10,Out,Outubro,2025-10,Out/2025,Sexta,Sex,5,41,2025-10-06,06/10 - 12/10/2025,LAPA,DELIVERY,1703.0
2025-10-10,2025,10,10,Out,Outubro,2025-10,Out/2025,Sexta,Sex,5,41,2025-10-06,06/10 - 12/10/2025,PAVÃO,CASA,14613.56
2025-10-10,2025,10,10,Out,Outubro,2025-10,Out/2025,Sexta,Sex,5,41,2025-10-06,06/10 - 12/10/2025,PAVÃO,DELIVERY,1832.63
2025-10-10,2025,10,10,Out,Outubro,2025-10,Out/2025,Sexta,Sex,5,41,2025-10-06,06/10 - 12/10/2025,PERDIZES,CASA,20212.14
2025-10-10,2025,10,10,Out,Outubro,2025-10,Out/2025,Sexta,Sex,5,41,2025-10-06,06/10 - 12/10/2025,PERDIZES,DELIVERY,2493.4
2025-10-10,2025,10,10,Out,Outubro,2025-10,Out/2025,Sexta,Sex,5,41,2025-10-06,06/10 - 12/10/2025,SANTANA,CASA,24203.16
2025-10-10,2025,10,10,Out,Outubro,2025-10,Out/2025,Sexta,Sex,5,41,2025-10-06,06/10 - 12/10/2025,SANTANA,DELIVERY,2725.3
2025-10-10,2025,10,10,Out,Outubro,2025-10,Out/2025,Sexta,Sex,5,41,2025-10-06,06/10 - 12/10/2025,SANTO ANDRÉ,CASA,22763.29
2025-10-10,2025,10,10,Out,Outubro,2025-10,Out/2025,Sexta,Sex,5,41,2025-10-06,06/10 - 12/10/2025,SANTO ANDRÉ,DELIVERY,402.3
2025-10-10,2025,10,10,Out,Outubro,2025-10,Out/2025,Sexta,Sex,5,41,2025-10-06,06/10 - 12/10/2025,TATUAPÉ,CASA,89427.53
2025-10-10,2025,10,10,Out,Outubro,2025-10,Out/2025,Sexta,Sex,5,41,2025-10-06,06/10 - 12/10/2025,TATUAPÉ,DELIVERY,652.02
2025-10-10,2025,10,10,Out,Outubro,2025-10,Out/2025,Sexta,Sex,5,41,2025-10-06,06/10 - 12/10/2025,VILA MARIANA,CASA,13634.01
2025-10-10,2025,10,10,Out,Outubro,2025-10,Out/2025,Sexta,Sex,5,41,2025-10-06,06/10 - 12/10/2025,VILA MARIANA,DELIVERY,3810.69
2025-10-11,2025,10,11,Out,Outubro,2025-10,Out/2025,Sábado,Sáb,6,41,2025-10-06,06/10 - 12/10/2025,CARINAS,CASA,111041.29
2025-10-11,2025,10,11,Out,Outubro,2025-10,Out/2025,Sábado,Sáb,6,41,2025-10-06,06/10 - 12/10/2025,CHÁCARA,CASA,16408.03
2025-10-11,2025,10,11,Out,Outubro,2025-10,Out/2025,Sábado,Sáb,6,41,2025-10-06,06/10 - 12/10/2025,CHÁCARA,DELIVERY,2184.0
2025-10-11,2025,10,11,Out,Outubro,2025-10,Out/2025,Sábado,Sáb,6,41,2025-10-06,06/10 - 12/10/2025,LAPA,CASA,47175.91
2025-10-11,2025,10,11,Out,Outubro,2025-10,Out/2025,Sábado,Sáb,6,41,2025-10-06,06/10 - 12/10/2025,LAPA,DELIVERY,4181.5
2025-10-11,2025,10,11,Out,Outubro,2025-10,Out/2025,Sábado,Sáb,6,41,2025-10-06,06/10 - 12/10/2025,PAVÃO,CASA,24107.81
2025-10-11,2025,10,11,Out,Outubro,2025-10,Out/2025,Sábado,Sáb,6,41,2025-10-06,06/10 - 12/10/2025,PAVÃO,DELIVERY,2021.63
2025-10-11,2025,10,11,Out,Outubro,2025-10,Out/2025,Sábado,Sáb,6,41,2025-10-06,06/10 - 12/10/2025,PERDIZES,CASA,45260.84
2025-10-11,2025,10,11,Out,Outubro,2025-10,Out/2025,Sábado,Sáb,6,41,2025-10-06,06/10 - 12/10/2025,PERDIZES,DELIVERY,3286.27
2025-10-11,2025,10,11,Out,Outubro,2025-10,Out/2025,Sábado,Sáb,6,41,2025-10-06,06/10 - 12/10/2025,SANTANA,CASA,117046.25
2025-10-11,2025,10,11,Out,Outubro,2025-10,Out/2025,Sábado,Sáb,6,41,2025-10-06,06/10 - 12/10/2025,SANTANA,DELIVERY,5676.06
2025-10-11,2025,10,11,Out,Outubro,2025-10,Out/2025,Sábado,Sáb,6,41,2025-10-06,06/10 - 12/10/2025,SANTO ANDRÉ,CASA,100533.31
2025-10-11,2025,10,11,Out,Outubro,2025-10,Out/2025,Sábado,Sáb,6,41,2025-10-06,06/10 - 12/10/2025,SANTO ANDRÉ,DELIVERY,427.2
2025-10-11,2025,10,11,Out,Outubro,2025-10,Out/2025,Sábado,Sáb,6,41,2025-10-06,06/10 - 12/10/2025,TATUAPÉ,CASA,146087.68
2025-10-11,2025,10,11,Out,Outubro,2025-10,Out/2025,Sábado,Sáb,6,41,2025-10-06,06/10 - 12/10/2025,TATUAPÉ,DELIVERY,3200.75
2025-10-11,2025,10,11,Out,Outubro,2025-10,Out/2025,Sábado,Sáb,6,41,2025-10-06,06/10 - 12/10/2025,VILA MARIANA,CASA,52440.77
2025-10-11,2025,10,11,Out,Outubro,2025-10,Out/2025,Sábado,Sáb,6,41,2025-10-06,06/10 - 12/10/2025,VILA MARIANA,DELIVERY,5031.5
2025-10-12,2025,10,12,Out,Outubro,2025-10,Out/2025,Domingo,Dom,7,41,2025-10-06,06/10 - 12/10/2025,CARINAS,CASA,53366.66
2025-10-12,2025,10,12,Out,Outubro,2025-10,Out/2025,Domingo,Dom,7,41,2025-10-06,06/10 - 12/10/2025,CARINAS,DELIVERY,7834.59
2025-10-12,2025,10,12,Out,Outubro,2025-10,Out/2025,Domingo,Dom,7,41,2025-10-06,06/10 - 12/10/2025,CHÁCARA,CASA,8467.48
2025-10-12,2025,10,12,Out,Outubro,2025-10,Out/2025,Domingo,Dom,7,41,2025-10-06,06/10 - 12/10/2025,CHÁCARA,DELIVERY,2941.3
2025-10-12,2025,10,12,Out,Outubro,2025-10,Out/2025,Domingo,Dom,7,41,2025-10-06,06/10 - 12/10/2025,LAPA,CASA,14109.23
2025-10-12,2025,10,12,Out,Outubro,2025-10,Out/2025,Domingo,Dom,7,41,2025-10-06,06/10 - 12/10/2025,LAPA,DELIVERY,3892.9
2025-10-12,2025,10,12,Out,Outubro,2025-10,Out/2025,Domingo,Dom,7,41,2025-10-06,06/10 - 12/10/2025,PAVÃO,CASA,11531.26
2025-10-12,2025,10,12,Out,Outubro,2025-10,Out/2025,Domingo,Dom,7,41,2025-10-06,06/10 - 12/10/2025,PAVÃO,DELIVERY,2255.13
2025-10-12,2025,10,12,Out,Outubro,2025-10,Out/2025,Domingo,Dom,7,41,2025-10-06,06/10 - 12/10/2025,PERDIZES,CASA,33493.11
2025-10-12,2025,10,12,Out,Outubro,2025-10,Out/2025,Domingo,Dom,7,41,2025-10-06,06/10 - 12/10/2025,PERDIZES,DELIVERY,3924.08
2025-10-12,2025,10,12,Out,Outubro,2025-10,Out/2025,Domingo,Dom,7,41,2025-10-06,06/10 - 12/10/2025,SANTANA,CASA,36174.6
2025-10-12,2025,10,12,Out,Outubro,2025-10,Out/2025,Domingo,Dom,7,41,2025-10-06,06/10 - 12/10/2025,SANTANA,DELIVERY,4221.6
2025-10-12,2025,10,12,Out,Outubro,2025-10,Out/2025,Domingo,Dom,7,41,2025-10-06,06/10 - 12/10/2025,SANTO ANDRÉ,CASA,56333.39
2025-10-12,2025,10,12,Out,Outubro,2025-10,Out/2025,Domingo,Dom,7,41,2025-10-06,06/10 - 12/10/2025,TATUAPÉ,CASA,58722.63
2025-10-12,2025,10,12,Out,Outubro,2025-10,Out/2025,Domingo,Dom,7,41,2025-10-06,06/10 - 12/10/2025,TATUAPÉ,DELIVERY,5598.56
2025-10-12,2025,10,12,Out,Outubro,2025-10,Out/2025,Domingo,Dom,7,41,2025-10-06,06/10 - 12/10/2025,VILA MARIANA,CASA,28346.1
2025-10-12,2025,10,12,Out,Outubro,2025-10,Out/2025,Domingo,Dom,7,41,2025-10-06,06/10 - 12/10/2025,VILA MARIANA,DELIVERY,6097.4
2025-10-13,2025,10,13,Out,Outubro,2025-10,Out/2025,Segunda,Seg,1,42,2025-10-13,13/10 - 19/10/2025,TATUAPÉ,DELIVERY,108.82
2025-10-14,2025,10,14,Out,Outubro,2025-10,Out/2025,Terça,Ter,2,42,2025-10-13,13/10 - 19/10/2025,CARINAS,CASA,22133.38
2025-10-14,2025,10,14,Out,Outubro,2025-10,Out/2025,Terça,Ter,2,42,2025-10-13,13/10 - 19/10/2025,CARINAS,DELIVERY,509.7
2025-10-14,2025,10,14,Out,Outubro,2025-10,Out/2025,Terça,Ter,2,42,2025-10-13,13/10 - 19/10/2025,CHÁCARA,CASA,1542.65
2025-10-14,2025,10,14,Out,Outubro,2025-10,Out/2025,Terça,Ter,2,42,2025-10-13,13/10 - 19/10/2025,CHÁCARA,DELIVERY,1631.0
2025-10-14,2025,10,14,Out,Outubro,2025-10,Out/2025,Terça,Ter,2,42,2025-10-13,13/10 - 19/10/2025,LAPA,CASA,9555.52
2025-10-14,2025,10,14,Out,Outubro,2025-10,Out/2025,Terça,Ter,2,42,2025-10-13,13/10 - 19/10/2025,LAPA,DELIVERY,1454.7
2025-10-14,2025,10,14,Out,Outubro,2025-10,Out/2025,Terça,Ter,2,42,2025-10-13,13/10 - 19/10/2025,PAVÃO,CASA,843.77
2025-10-14,2025,10,14,Out,Outubro,2025-10,Out/2025,Terça,Ter,2,42,2025-10-13,13/10 - 19/10/2025,PAVÃO,DELIVERY,730.54
2025-10-14,2025,10,14,Out,Outubro,2025-10,Out/2025,Terça,Ter,2,42,2025-10-13,13/10 - 19/10/2025,PERDIZES,CASA,4221.9
2025-10-14,2025,10,14,Out,Outubro,2025-10,Out/2025,Terça,Ter,2,42,2025-10-13,13/10 - 19/10/2025,PERDIZES,DELIVERY,520.7
2025-10-14,2025,10,14,Out,Outubro,2025-10,Out/2025,Terça,Ter,2,42,2025-10-13,13/10 - 19/10/2025,SANTANA,CASA,11661.17
2025-10-14,2025,10,14,Out,Outubro,2025-10,Out/2025,Terça,Ter,2,42,2025-10-13,13/10 - 19/10/2025,SANTANA,DELIVERY,1893.7
2025-10-14,2025,10,14,Out,Outubro,2025-10,Out/2025,Terça,Ter,2,42,2025-10-13,13/10 - 19/10/2025,TATUAPÉ,CASA,30287.04
2025-10-14,2025,10,14,Out,Outubro,2025-10,Out/2025,Terça,Ter,2,42,2025-10-13,13/10 - 19/10/2025,TATUAPÉ,DELIVERY,1055.94
2025-10-14,2025,10,14,Out,Outubro,2025-10,Out/2025,Terça,Ter,2,42,2025-10-13,13/10 - 19/10/2025,VILA MARIANA,CASA,6249.09
2025-10-14,2025,10,14,Out,Outubro,2025-10,Out/2025,Terça,Ter,2,42,2025-10-13,13/10 - 19/10/2025,VILA MARIANA,DELIVERY,2731.5
2025-10-15,2025,10,15,Out,Outubro,2025-10,Out/2025,Quarta,Qua,3,42,2025-10-13,13/10 - 19/10/2025,CARINAS,CASA,23954.09
2025-10-15,2025,10,15,Out,Outubro,2025-10,Out/2025,Quarta,Qua,3,42,2025-10-13,13/10 - 19/10/2025,CARINAS,DELIVERY,66.99
2025-10-15,2025,10,15,Out,Outubro,2025-10,Out/2025,Quarta,Qua,3,42,2025-10-13,13/10 - 19/10/2025,CHÁCARA,CASA,4394.31
2025-10-15,2025,10,15,Out,Outubro,2025-10,Out/2025,Quarta,Qua,3,42,2025-10-13,13/10 - 19/10/2025,CHÁCARA,DELIVERY,2128.2
2025-10-15,2025,10,15,Out,Outubro,2025-10,Out/2025,Quarta,Qua,3,42,2025-10-13,13/10 - 19/10/2025,LAPA,CASA,2901.1
2025-10-15,2025,10,15,Out,Outubro,2025-10,Out/2025,Quarta,Qua,3,42,2025-10-13,13/10 - 19/10/2025,LAPA,DELIVERY,1392.2
2025-10-15,2025,10,15,Out,Outubro,2025-10,Out/2025,Quarta,Qua,3,42,2025-10-13,13/10 - 19/10/2025,PAVÃO,CASA,4003.84
2025-10-15,2025,10,15,Out,Outubro,2025-10,Out/2025,Quarta,Qua,3,42,2025-10-13,13/10 - 19/10/2025,PAVÃO,DELIVERY,1584.03
2025-10-15,2025,10,15,Out,Outubro,2025-10,Out/2025,Quarta,Qua,3,42,2025-10-13,13/10 - 19/10/2025,PERDIZES,CASA,12845.94
2025-10-15,2025,10,15,Out,Outubro,2025-10,Out/2025,Quarta,Qua,3,42,2025-10-13,13/10 - 19/10/2025,PERDIZES,DELIVERY,1686.3
2025-10-15,2025,10,15,Out,Outubro,2025-10,Out/2025,Quarta,Qua,3,42,2025-10-13,13/10 - 19/10/2025,SANTANA,CASA,4530.42
2025-10-15,2025,10,15,Out,Outubro,2025-10,Out/2025,Quarta,Qua,3,42,2025-10-13,13/10 - 19/10/2025,SANTANA,DELIVERY,1442.48
2025-10-15,2025,10,15,Out,Outubro,2025-10,Out/2025,Quarta,Qua,3,42,2025-10-13,13/10 - 19/10/2025,SANTO ANDRÉ,CASA,13795.7
2025-10-15,2025,10,15,Out,Outubro,2025-10,Out/2025,Quarta,Qua,3,42,2025-10-13,13/10 - 19/10/2025,SANTO ANDRÉ,DELIVERY,754.3
2025-10-15,2025,10,15,Out,Outubro,2025-10,Out/2025,Quarta,Qua,3,42,2025-10-13,13/10 - 19/10/2025,TATUAPÉ,CASA,7294.91
2025-10-15,2025,10,15,Out,Outubro,2025-10,Out/2025,Quarta,Qua,3,42,2025-10-13,13/10 - 19/10/2025,TATUAPÉ,DELIVERY,1694.68
2025-10-15,2025,10,15,Out,Outubro,2025-10,Out/2025,Quarta,Qua,3,42,2025-10-13,13/10 - 19/10/2025,VILA MARIANA,CASA,7751.44
2025-10-15,2025,10,15,Out,Outubro,2025-10,Out/2025,Quarta,Qua,3,42,2025-10-13,13/10 - 19/10/2025,VILA MARIANA,DELIVERY,4251.9
2025-10-16,2025,10,16,Out,Outubro,2025-10,Out/2025,Quinta,Qui,4,42,2025-10-13,13/10 - 19/10/2025,CARINAS,CASA,24288.96
2025-10-16,2025,10,16,Out,Outubro,2025-10,Out/2025,Quinta,Qui,4,42,2025-10-13,13/10 - 19/10/2025,CARINAS,DELIVERY,1158.69
2025-10-16,2025,10,16,Out,Outubro,2025-10,Out/2025,Quinta,Qui,4,42,2025-10-13,13/10 - 19/10/2025,CHÁCARA,CASA,15090.3
2025-10-16,2025,10,16,Out,Outubro,2025-10,Out/2025,Quinta,Qui,4,42,2025-10-13,13/10 - 19/10/2025,CHÁCARA,DELIVERY,1277.9
2025-10-16,2025,10,16,Out,Outubro,2025-10,Out/2025,Quinta,Qui,4,42,2025-10-13,13/10 - 19/10/2025,LAPA,CASA,7193.42
2025-10-16,2025,10,16,Out,Outubro,2025-10,Out/2025,Quinta,Qui,4,42,2025-10-13,13/10 - 19/10/2025,LAPA,DELIVERY,948.1
2025-10-16,2025,10,16,Out,Outubro,2025-10,Out/2025,Quinta,Qui,4,42,2025-10-13,13/10 - 19/10/2025,PAVÃO,CASA,4430.52
2025-10-16,2025,10,16,Out,Outubro,2025-10,Out/2025,Quinta,Qui,4,42,2025-10-13,13/10 - 19/10/2025,PAVÃO,DELIVERY,1110.97
2025-10-16,2025,10,16,Out,Outubro,2025-10,Out/2025,Quinta,Qui,4,42,2025-10-13,13/10 - 19/10/2025,PERDIZES,CASA,45320.32
2025-10-16,2025,10,16,Out,Outubro,2025-10,Out/2025,Quinta,Qui,4,42,2025-10-13,13/10 - 19/10/2025,PERDIZES,DELIVERY,1555.2
2025-10-16,2025,10,16,Out,Outubro,2025-10,Out/2025,Quinta,Qui,4,42,2025-10-13,13/10 - 19/10/2025,SANTANA,CASA,10187.29
2025-10-16,2025,10,16,Out,Outubro,2025-10,Out/2025,Quinta,Qui,4,42,2025-10-13,13/10 - 19/10/2025,SANTANA,DELIVERY,680.68
2025-10-16,2025,10,16,Out,Outubro,2025-10,Out/2025,Quinta,Qui,4,42,2025-10-13,13/10 - 19/10/2025,SANTO ANDRÉ,CASA,13056.07
2025-10-16,2025,10,16,Out,Outubro,2025-10,Out/2025,Quinta,Qui,4,42,2025-10-13,13/10 - 19/10/2025,SANTO ANDRÉ,DELIVERY,738.4
2025-10-16,2025,10,16,Out,Outubro,2025-10,Out/2025,Quinta,Qui,4,42,2025-10-13,13/10 - 19/10/2025,TATUAPÉ,CASA,10630.29
2025-10-16,2025,10,16,Out,Outubro,2025-10,Out/2025,Quinta,Qui,4,42,2025-10-13,13/10 - 19/10/2025,TATUAPÉ,DELIVERY,861.13
2025-10-16,2025,10,16,Out,Outubro,2025-10,Out/2025,Quinta,Qui,4,42,2025-10-13,13/10 - 19/10/2025,VILA MARIANA,CASA,26807.7
2025-10-16,2025,10,16,Out,Outubro,2025-10,Out/2025,Quinta,Qui,4,42,2025-10-13,13/10 - 19/10/2025,VILA MARIANA,DELIVERY,3372.18
2025-10-17,2025,10,17,Out,Outubro,2025-10,Out/2025,Sexta,Sex,5,42,2025-10-13,13/10 - 19/10/2025,CARINAS,CASA,23224.8
2025-10-17,2025,10,17,Out,Outubro,2025-10,Out/2025,Sexta,Sex,5,42,2025-10-13,13/10 - 19/10/2025,CHÁCARA,CASA,6716.74
2025-10-17,2025,10,17,Out,Outubro,2025-10,Out/2025,Sexta,Sex,5,42,2025-10-13,13/10 - 19/10/2025,CHÁCARA,DELIVERY,2852.3
2025-10-17,2025,10,17,Out,Outubro,2025-10,Out/2025,Sexta,Sex,5,42,2025-10-13,13/10 - 19/10/2025,LAPA,CASA,22427.54
2025-10-17,2025,10,17,Out,Outubro,2025-10,Out/2025,Sexta,Sex,5,42,2025-10-13,13/10 - 19/10/2025,LAPA,DELIVERY,3435.08
2025-10-17,2025,10,17,Out,Outubro,2025-10,Out/2025,Sexta,Sex,5,42,2025-10-13,13/10 - 19/10/2025,PAVÃO,CASA,15812.51
2025-10-17,2025,10,17,Out,Outubro,2025-10,Out/2025,Sexta,Sex,5,42,2025-10-13,13/10 - 19/10/2025,PAVÃO,DELIVERY,1961.37
2025-10-17,2025,10,17,Out,Outubro,2025-10,Out/2025,Sexta,Sex,5,42,2025-10-13,13/10 - 19/10/2025,PERDIZES,CASA,23531.72
2025-10-17,2025,10,17,Out,Outubro,2025-10,Out/2025,Sexta,Sex,5,42,2025-10-13,13/10 - 19/10/2025,PERDIZES,DELIVERY,1683.59
2025-10-17,2025,10,17,Out,Outubro,2025-10,Out/2025,Sexta,Sex,5,42,2025-10-13,13/10 - 19/10/2025,SANTANA,CASA,34882.7
2025-10-17,2025,10,17,Out,Outubro,2025-10,Out/2025,Sexta,Sex,5,42,2025-10-13,13/10 - 19/10/2025,SANTANA,DELIVERY,1886.09
2025-10-17,2025,10,17,Out,Outubro,2025-10,Out/2025,Sexta,Sex,5,42,2025-10-13,13/10 - 19/10/2025,SANTO ANDRÉ,CASA,87028.83
2025-10-17,2025,10,17,Out,Outubro,2025-10,Out/2025,Sexta,Sex,5,42,2025-10-13,13/10 - 19/10/2025,SANTO ANDRÉ,DELIVERY,709.1
2025-10-17,2025,10,17,Out,Outubro,2025-10,Out/2025,Sexta,Sex,5,42,2025-10-13,13/10 - 19/10/2025,TATUAPÉ,CASA,86744.48
2025-10-17,2025,10,17,Out,Outubro,2025-10,Out/2025,Sexta,Sex,5,42,2025-10-13,13/10 - 19/10/2025,TATUAPÉ,DELIVERY,1691.94
2025-10-17,2025,10,17,Out,Outubro,2025-10,Out/2025,Sexta,Sex,5,42,2025-10-13,13/10 - 19/10/2025,VILA MARIANA,CASA,25830.84
2025-10-17,2025,10,17,Out,Outubro,2025-10,Out/2025,Sexta,Sex,5,42,2025-10-13,13/10 - 19/10/2025,VILA MARIANA,DELIVERY,4543.67
2025-10-18,2025,10,18,Out,Outubro,2025-10,Out/2025,Sábado,Sáb,6,42,2025-10-13,13/10 - 19/10/2025,CARINAS,CASA,134113.42
2025-10-18,2025,10,18,Out,Outubro,2025-10,Out/2025,Sábado,Sáb,6,42,2025-10-13,13/10 - 19/10/2025,CARINAS,DELIVERY,6882.59
2025-10-18,2025,10,18,Out,Outubro,2025-10,Out/2025,Sábado,Sáb,6,42,2025-10-13,13/10 - 19/10/2025,CHÁCARA,CASA,24641.78
2025-10-18,2025,10,18,Out,Outubro,2025-10,Out/2025,Sábado,Sáb,6,42,2025-10-13,13/10 - 19/10/2025,CHÁCARA,DELIVERY,2482.1
2025-10-18,2025,10,18,Out,Outubro,2025-10,Out/2025,Sábado,Sáb,6,42,2025-10-13,13/10 - 19/10/2025,LAPA,CASA,36215.08
2025-10-18,2025,10,18,Out,Outubro,2025-10,Out/2025,Sábado,Sáb,6,42,2025-10-13,13/10 - 19/10/2025,LAPA,DELIVERY,5037.88
2025-10-18,2025,10,18,Out,Outubro,2025-10,Out/2025,Sábado,Sáb,6,42,2025-10-13,13/10 - 19/10/2025,PAVÃO,CASA,33982.23
2025-10-18,2025,10,18,Out,Outubro,2025-10,Out/2025,Sábado,Sáb,6,42,2025-10-13,13/10 - 19/10/2025,PAVÃO,DELIVERY,2657.81
2025-10-18,2025,10,18,Out,Outubro,2025-10,Out/2025,Sábado,Sáb,6,42,2025-10-13,13/10 - 19/10/2025,PERDIZES,CASA,53534.08
2025-10-18,2025,10,18,Out,Outubro,2025-10,Out/2025,Sábado,Sáb,6,42,2025-10-13,13/10 - 19/10/2025,PERDIZES,DELIVERY,2985.69
2025-10-18,2025,10,18,Out,Outubro,2025-10,Out/2025,Sábado,Sáb,6,42,2025-10-13,13/10 - 19/10/2025,SANTANA,CASA,124333.89
2025-10-18,2025,10,18,Out,Outubro,2025-10,Out/2025,Sábado,Sáb,6,42,2025-10-13,13/10 - 19/10/2025,SANTANA,DELIVERY,3175.3
2025-10-18,2025,10,18,Out,Outubro,2025-10,Out/2025,Sábado,Sáb,6,42,2025-10-13,13/10 - 19/10/2025,SANTO ANDRÉ,CASA,154155.23
2025-10-18,2025,10,18,Out,Outubro,2025-10,Out/2025,Sábado,Sáb,6,42,2025-10-13,13/10 - 19/10/2025,SANTO ANDRÉ,DELIVERY,871.5
2025-10-18,2025,10,18,Out,Outubro,2025-10,Out/2025,Sábado,Sáb,6,42,2025-10-13,13/10 - 19/10/2025,TATUAPÉ,CASA,174445.31
2025-10-18,2025,10,18,Out,Outubro,2025-10,Out/2025,Sábado,Sáb,6,42,2025-10-13,13/10 - 19/10/2025,TATUAPÉ,DELIVERY,6318.88
2025-10-18,2025,10,18,Out,Outubro,2025-10,Out/2025,Sábado,Sáb,6,42,2025-10-13,13/10 - 19/10/2025,VILA MARIANA,CASA,48446.39
2025-10-18,2025,10,18,Out,Outubro,2025-10,Out/2025,Sábado,Sáb,6,42,2025-10-13,13/10 - 19/10/2025,VILA MARIANA,DELIVERY,6327.59
2025-10-19,2025,10,19,Out,Outubro,2025-10,Out/2025,Domingo,Dom,7,42,2025-10-13,13/10 - 19/10/2025,CARINAS,CASA,113855.53
2025-10-19,2025,10,19,Out,Outubro,2025-10,Out/2025,Domingo,Dom,7,42,2025-10-13,13/10 - 19/10/2025,CARINAS,DELIVERY,3191.2
2025-10-19,2025,10,19,Out,Outubro,2025-10,Out/2025,Domingo,Dom,7,42,2025-10-13,13/10 - 19/10/2025,CHÁCARA,CASA,4231.55
2025-10-19,2025,10,19,Out,Outubro,2025-10,Out/2025,Domingo,Dom,7,42,2025-10-13,13/10 - 19/10/2025,CHÁCARA,DELIVERY,3498.2
2025-10-19,2025,10,19,Out,Outubro,2025-10,Out/2025,Domingo,Dom,7,42,2025-10-13,13/10 - 19/10/2025,LAPA,CASA,19283.45
2025-10-19,2025,10,19,Out,Outubro,2025-10,Out/2025,Domingo,Dom,7,42,2025-10-13,13/10 - 19/10/2025,LAPA,DELIVERY,4933.8
2025-10-19,2025,10,19,Out,Outubro,2025-10,Out/2025,Domingo,Dom,7,42,2025-10-13,13/10 - 19/10/2025,PAVÃO,CASA,17224.26
2025-10-19,2025,10,19,Out,Outubro,2025-10,Out/2025,Domingo,Dom,7,42,2025-10-13,13/10 - 19/10/2025,PAVÃO,DELIVERY,2821.26
2025-10-19,2025,10,19,Out,Outubro,2025-10,Out/2025,Domingo,Dom,7,42,2025-10-13,13/10 - 19/10/2025,PERDIZES,CASA,10992.92
2025-10-19,2025,10,19,Out,Outubro,2025-10,Out/2025,Domingo,Dom,7,42,2025-10-13,13/10 - 19/10/2025,PERDIZES,DELIVERY,3518.26
2025-10-19,2025,10,19,Out,Outubro,2025-10,Out/2025,Domingo,Dom,7,42,2025-10-13,13/10 - 19/10/2025,SANTANA,CASA,38826.42
2025-10-19,2025,10,19,Out,Outubro,2025-10,Out/2025,Domingo,Dom,7,42,2025-10-13,13/10 - 19/10/2025,SANTANA,DELIVERY,5475.2
2025-10-19,2025,10,19,Out,Outubro,2025-10,Out/2025,Domingo,Dom,7,42,2025-10-13,13/10 - 19/10/2025,SANTO ANDRÉ,CASA,75562.69
2025-10-19,2025,10,19,Out,Outubro,2025-10,Out/2025,Domingo,Dom,7,42,2025-10-13,13/10 - 19/10/2025,SANTO ANDRÉ,DELIVERY,1746.1
2025-10-19,2025,10,19,Out,Outubro,2025-10,Out/2025,Domingo,Dom,7,42,2025-10-13,13/10 - 19/10/2025,TATUAPÉ,CASA,57319.2
2025-10-19,2025,10,19,Out,Outubro,2025-10,Out/2025,Domingo,Dom,7,42,2025-10-13,13/10 - 19/10/2025,TATUAPÉ,DELIVERY,3038.37
2025-10-19,2025,10,19,Out,Outubro,2025-10,Out/2025,Domingo,Dom,7,42,2025-10-13,13/10 - 19/10/2025,VILA MARIANA,CASA,27245.26
2025-10-19,2025,10,19,Out,Outubro,2025-10,Out/2025,Domingo,Dom,7,42,2025-10-13,13/10 - 19/10/2025,VILA MARIANA,DELIVERY,7147.56
2025-10-21,2025,10,21,Out,Outubro,2025-10,Out/2025,Terça,Ter,2,43,2025-10-20,20/10 - 26/10/2025,CARINAS,CASA,11909.96
2025-10-21,2025,10,21,Out,Outubro,2025-10,Out/2025,Terça,Ter,2,43,2025-10-20,20/10 - 26/10/2025,CARINAS,DELIVERY,1249.3
2025-10-21,2025,10,21,Out,Outubro,2025-10,Out/2025,Terça,Ter,2,43,2025-10-20,20/10 - 26/10/2025,CHÁCARA,CASA,1069.25
2025-10-21,2025,10,21,Out,Outubro,2025-10,Out/2025,Terça,Ter,2,43,2025-10-20,20/10 - 26/10/2025,CHÁCARA,DELIVERY,1499.6
2025-10-21,2025,10,21,Out,Outubro,2025-10,Out/2025,Terça,Ter,2,43,2025-10-20,20/10 - 26/10/2025,LAPA,CASA,10584.34
2025-10-21,2025,10,21,Out,Outubro,2025-10,Out/2025,Terça,Ter,2,43,2025-10-20,20/10 - 26/10/2025,LAPA,DELIVERY,999.8
2025-10-21,2025,10,21,Out,Outubro,2025-10,Out/2025,Terça,Ter,2,43,2025-10-20,20/10 - 26/10/2025,PAVÃO,CASA,3683.89
2025-10-21,2025,10,21,Out,Outubro,2025-10,Out/2025,Terça,Ter,2,43,2025-10-20,20/10 - 26/10/2025,PAVÃO,DELIVERY,1077.91
2025-10-21,2025,10,21,Out,Outubro,2025-10,Out/2025,Terça,Ter,2,43,2025-10-20,20/10 - 26/10/2025,PERDIZES,CASA,3093.38
2025-10-21,2025,10,21,Out,Outubro,2025-10,Out/2025,Terça,Ter,2,43,2025-10-20,20/10 - 26/10/2025,PERDIZES,DELIVERY,403.4
2025-10-21,2025,10,21,Out,Outubro,2025-10,Out/2025,Terça,Ter,2,43,2025-10-20,20/10 - 26/10/2025,SANTANA,CASA,20147.59
2025-10-21,2025,10,21,Out,Outubro,2025-10,Out/2025,Terça,Ter,2,43,2025-10-20,20/10 - 26/10/2025,SANTANA,DELIVERY,1902.98
2025-10-21,2025,10,21,Out,Outubro,2025-10,Out/2025,Terça,Ter,2,43,2025-10-20,20/10 - 26/10/2025,TATUAPÉ,CASA,32580.0
2025-10-21,2025,10,21,Out,Outubro,2025-10,Out/2025,Terça,Ter,2,43,2025-10-20,20/10 - 26/10/2025,TATUAPÉ,DELIVERY,1747.7
2025-10-21,2025,10,21,Out,Outubro,2025-10,Out/2025,Terça,Ter,2,43,2025-10-20,20/10 - 26/10/2025,VILA MADALENA,CASA,3958.16
2025-10-21,2025,10,21,Out,Outubro,2025-10,Out/2025,Terça,Ter,2,43,2025-10-20,20/10 - 26/10/2025,VILA MADALENA,DELIVERY,801.1
2025-10-21,2025,10,21,Out,Outubro,2025-10,Out/2025,Terça,Ter,2,43,2025-10-20,20/10 - 26/10/2025,VILA MARIANA,CASA,6081.01
2025-10-21,2025,10,21,Out,Outubro,2025-10,Out/2025,Terça,Ter,2,43,2025-10-20,20/10 - 26/10/2025,VILA MARIANA,DELIVERY,3162.4
2025-10-22,2025,10,22,Out,Outubro,2025-10,Out/2025,Quarta,Qua,3,43,2025-10-20,20/10 - 26/10/2025,CARINAS,CASA,99183.57
2025-10-22,2025,10,22,Out,Outubro,2025-10,Out/2025,Quarta,Qua,3,43,2025-10-20,20/10 - 26/10/2025,CARINAS,DELIVERY,887.6
2025-10-22,2025,10,22,Out,Outubro,2025-10,Out/2025,Quarta,Qua,3,43,2025-10-20,20/10 - 26/10/2025,CHÁCARA,CASA,2666.68
2025-10-22,2025,10,22,Out,Outubro,2025-10,Out/2025,Quarta,Qua,3,43,2025-10-20,20/10 - 26/10/2025,CHÁCARA,DELIVERY,991.3
2025-10-22,2025,10,22,Out,Outubro,2025-10,Out/2025,Quarta,Qua,3,43,2025-10-20,20/10 - 26/10/2025,LAPA,CASA,18236.0
2025-10-22,2025,10,22,Out,Outubro,2025-10,Out/2025,Quarta,Qua,3,43,2025-10-20,20/10 - 26/10/2025,LAPA,DELIVERY,1425.38
2025-10-22,2025,10,22,Out,Outubro,2025-10,Out/2025,Quarta,Qua,3,43,2025-10-20,20/10 - 26/10/2025,PAVÃO,CASA,12394.81
2025-10-22,2025,10,22,Out,Outubro,2025-10,Out/2025,Quarta,Qua,3,43,2025-10-20,20/10 - 26/10/2025,PAVÃO,DELIVERY,1277.44
2025-10-22,2025,10,22,Out,Outubro,2025-10,Out/2025,Quarta,Qua,3,43,2025-10-20,20/10 - 26/10/2025,PERDIZES,CASA,374.59
2025-10-22,2025,10,22,Out,Outubro,2025-10,Out/2025,Quarta,Qua,3,43,2025-10-20,20/10 - 26/10/2025,PERDIZES,DELIVERY,1120.49
2025-10-22,2025,10,22,Out,Outubro,2025-10,Out/2025,Quarta,Qua,3,43,2025-10-20,20/10 - 26/10/2025,SANTANA,CASA,19676.45
2025-10-22,2025,10,22,Out,Outubro,2025-10,Out/2025,Quarta,Qua,3,43,2025-10-20,20/10 - 26/10/2025,SANTANA,DELIVERY,962.1
2025-10-22,2025,10,22,Out,Outubro,2025-10,Out/2025,Quarta,Qua,3,43,2025-10-20,20/10 - 26/10/2025,SANTO ANDRÉ,CASA,37802.67
2025-10-22,2025,10,22,Out,Outubro,2025-10,Out/2025,Quarta,Qua,3,43,2025-10-20,20/10 - 26/10/2025,SANTO ANDRÉ,DELIVERY,362.6
2025-10-22,2025,10,22,Out,Outubro,2025-10,Out/2025,Quarta,Qua,3,43,2025-10-20,20/10 - 26/10/2025,TATUAPÉ,CASA,3391.79
2025-10-22,2025,10,22,Out,Outubro,2025-10,Out/2025,Quarta,Qua,3,43,2025-10-20,20/10 - 26/10/2025,TATUAPÉ,DELIVERY,1238.19
2025-10-22,2025,10,22,Out,Outubro,2025-10,Out/2025,Quarta,Qua,3,43,2025-10-20,20/10 - 26/10/2025,VILA MADALENA,CASA,1075.11
2025-10-22,2025,10,22,Out,Outubro,2025-10,Out/2025,Quarta,Qua,3,43,2025-10-20,20/10 - 26/10/2025,VILA MADALENA,DELIVERY,545.5
2025-10-22,2025,10,22,Out,Outubro,2025-10,Out/2025,Quarta,Qua,3,43,2025-10-20,20/10 - 26/10/2025,VILA MARIANA,CASA,7043.14
2025-10-22,2025,10,22,Out,Outubro,2025-10,Out/2025,Quarta,Qua,3,43,2025-10-20,20/10 - 26/10/2025,VILA MARIANA,DELIVERY,2758.57
2025-10-23,2025,10,23,Out,Outubro,2025-10,Out/2025,Quinta,Qui,4,43,2025-10-20,20/10 - 26/10/2025,CARINAS,CASA,17165.07
2025-10-23,2025,10,23,Out,Outubro,2025-10,Out/2025,Quinta,Qui,4,43,2025-10-20,20/10 - 26/10/2025,CARINAS,DELIVERY,1170.09
2025-10-23,2025,10,23,Out,Outubro,2025-10,Out/2025,Quinta,Qui,4,43,2025-10-20,20/10 - 26/10/2025,CHÁCARA,CASA,13148.49
2025-10-23,2025,10,23,Out,Outubro,2025-10,Out/2025,Quinta,Qui,4,43,2025-10-20,20/10 - 26/10/2025,CHÁCARA,DELIVERY,995.6
2025-10-23,2025,10,23,Out,Outubro,2025-10,Out/2025,Quinta,Qui,4,43,2025-10-20,20/10 - 26/10/2025,LAPA,CASA,7376.42
2025-10-23,2025,10,23,Out,Outubro,2025-10,Out/2025,Quinta,Qui,4,43,2025-10-20,20/10 - 26/10/2025,LAPA,DELIVERY,1302.8
2025-10-23,2025,10,23,Out,Outubro,2025-10,Out/2025,Quinta,Qui,4,43,2025-10-20,20/10 - 26/10/2025,PAVÃO,CASA,761.85
2025-10-23,2025,10,23,Out,Outubro,2025-10,Out/2025,Quinta,Qui,4,43,2025-10-20,20/10 - 26/10/2025,PAVÃO,DELIVERY,1177.61
2025-10-23,2025,10,23,Out,Outubro,2025-10,Out/2025,Quinta,Qui,4,43,2025-10-20,20/10 - 26/10/2025,PERDIZES,CASA,15244.39
2025-10-23,2025,10,23,Out,Outubro,2025-10,Out/2025,Quinta,Qui,4,43,2025-10-20,20/10 - 26/10/2025,PERDIZES,DELIVERY,637.0
2025-10-23,2025,10,23,Out,Outubro,2025-10,Out/2025,Quinta,Qui,4,43,2025-10-20,20/10 - 26/10/2025,SANTANA,CASA,20680.63
2025-10-23,2025,10,23,Out,Outubro,2025-10,Out/2025,Quinta,Qui,4,43,2025-10-20,20/10 - 26/10/2025,SANTANA,DELIVERY,1163.19
2025-10-23,2025,10,23,Out,Outubro,2025-10,Out/2025,Quinta,Qui,4,43,2025-10-20,20/10 - 26/10/2025,SANTO ANDRÉ,CASA,8178.72
2025-10-23,2025,10,23,Out,Outubro,2025-10,Out/2025,Quinta,Qui,4,43,2025-10-20,20/10 - 26/10/2025,SANTO ANDRÉ,DELIVERY,712.3
2025-10-23,2025,10,23,Out,Outubro,2025-10,Out/2025,Quinta,Qui,4,43,2025-10-20,20/10 - 26/10/2025,TATUAPÉ,CASA,9216.35
2025-10-23,2025,10,23,Out,Outubro,2025-10,Out/2025,Quinta,Qui,4,43,2025-10-20,20/10 - 26/10/2025,TATUAPÉ,DELIVERY,1800.55
2025-10-23,2025,10,23,Out,Outubro,2025-10,Out/2025,Quinta,Qui,4,43,2025-10-20,20/10 - 26/10/2025,VILA MADALENA,CASA,30117.1
2025-10-23,2025,10,23,Out,Outubro,2025-10,Out/2025,Quinta,Qui,4,43,2025-10-20,20/10 - 26/10/2025,VILA MADALENA,DELIVERY,811.9
2025-10-23,2025,10,23,Out,Outubro,2025-10,Out/2025,Quinta,Qui,4,43,2025-10-20,20/10 - 26/10/2025,VILA MARIANA,CASA,12021.59
2025-10-23,2025,10,23,Out,Outubro,2025-10,Out/2025,Quinta,Qui,4,43,2025-10-20,20/10 - 26/10/2025,VILA MARIANA,DELIVERY,2289.2
2025-10-24,2025,10,24,Out,Outubro,2025-10,Out/2025,Sexta,Sex,5,43,2025-10-20,20/10 - 26/10/2025,CARINAS,CASA,75157.32
2025-10-24,2025,10,24,Out,Outubro,2025-10,Out/2025,Sexta,Sex,5,43,2025-10-20,20/10 - 26/10/2025,CARINAS,DELIVERY,1891.5
2025-10-24,2025,10,24,Out,Outubro,2025-10,Out/2025,Sexta,Sex,5,43,2025-10-20,20/10 - 26/10/2025,CHÁCARA,CASA,14559.01
2025-10-24,2025,10,24,Out,Outubro,2025-10,Out/2025,Sexta,Sex,5,43,2025-10-20,20/10 - 26/10/2025,CHÁCARA,DELIVERY,176.0
2025-10-24,2025,10,24,Out,Outubro,2025-10,Out/2025,Sexta,Sex,5,43,2025-10-20,20/10 - 26/10/2025,LAPA,CASA,13750.47
2025-10-24,2025,10,24,Out,Outubro,2025-10,Out/2025,Sexta,Sex,5,43,2025-10-20,20/10 - 26/10/2025,LAPA,DELIVERY,2145.89
2025-10-24,2025,10,24,Out,Outubro,2025-10,Out/2025,Sexta,Sex,5,43,2025-10-20,20/10 - 26/10/2025,PAVÃO,CASA,13245.93
2025-10-24,2025,10,24,Out,Outubro,2025-10,Out/2025,Sexta,Sex,5,43,2025-10-20,20/10 - 26/10/2025,PAVÃO,DELIVERY,2111.19
2025-10-24,2025,10,24,Out,Outubro,2025-10,Out/2025,Sexta,Sex,5,43,2025-10-20,20/10 - 26/10/2025,PERDIZES,CASA,18487.21
2025-10-24,2025,10,24,Out,Outubro,2025-10,Out/2025,Sexta,Sex,5,43,2025-10-20,20/10 - 26/10/2025,PERDIZES,DELIVERY,1857.2
2025-10-24,2025,10,24,Out,Outubro,2025-10,Out/2025,Sexta,Sex,5,43,2025-10-20,20/10 - 26/10/2025,SANTANA,CASA,30120.61
2025-10-24,2025,10,24,Out,Outubro,2025-10,Out/2025,Sexta,Sex,5,43,2025-10-20,20/10 - 26/10/2025,SANTANA,DELIVERY,2904.6
2025-10-24,2025,10,24,Out,Outubro,2025-10,Out/2025,Sexta,Sex,5,43,2025-10-20,20/10 - 26/10/2025,SANTO ANDRÉ,CASA,55646.22
2025-10-24,2025,10,24,Out,Outubro,2025-10,Out/2025,Sexta,Sex,5,43,2025-10-20,20/10 - 26/10/2025,SANTO ANDRÉ,DELIVERY,558.4
2025-10-24,2025,10,24,Out,Outubro,2025-10,Out/2025,Sexta,Sex,5,43,2025-10-20,20/10 - 26/10/2025,TATUAPÉ,CASA,60366.58
2025-10-24,2025,10,24,Out,Outubro,2025-10,Out/2025,Sexta,Sex,5,43,2025-10-20,20/10 - 26/10/2025,TATUAPÉ,DELIVERY,1881.26
2025-10-24,2025,10,24,Out,Outubro,2025-10,Out/2025,Sexta,Sex,5,43,2025-10-20,20/10 - 26/10/2025,VILA MADALENA,CASA,13526.1
2025-10-24,2025,10,24,Out,Outubro,2025-10,Out/2025,Sexta,Sex,5,43,2025-10-20,20/10 - 26/10/2025,VILA MADALENA,DELIVERY,1014.6
2025-10-24,2025,10,24,Out,Outubro,2025-10,Out/2025,Sexta,Sex,5,43,2025-10-20,20/10 - 26/10/2025,VILA MARIANA,CASA,19487.53
2025-10-24,2025,10,24,Out,Outubro,2025-10,Out/2025,Sexta,Sex,5,43,2025-10-20,20/10 - 26/10/2025,VILA MARIANA,DELIVERY,4937.68
2025-10-25,2025,10,25,Out,Outubro,2025-10,Out/2025,Sábado,Sáb,6,43,2025-10-20,20/10 - 26/10/2025,CARINAS,CASA,180084.95
2025-10-25,2025,10,25,Out,Outubro,2025-10,Out/2025,Sábado,Sáb,6,43,2025-10-20,20/10 - 26/10/2025,CARINAS,DELIVERY,938.7
2025-10-25,2025,10,25,Out,Outubro,2025-10,Out/2025,Sábado,Sáb,6,43,2025-10-20,20/10 - 26/10/2025,CHÁCARA,CASA,11844.0
2025-10-25,2025,10,25,Out,Outubro,2025-10,Out/2025,Sábado,Sáb,6,43,2025-10-20,20/10 - 26/10/2025,CHÁCARA,DELIVERY,3655.1
2025-10-25,2025,10,25,Out,Outubro,2025-10,Out/2025,Sábado,Sáb,6,43,2025-10-20,20/10 - 26/10/2025,LAPA,CASA,24739.26
2025-10-25,2025,10,25,Out,Outubro,2025-10,Out/2025,Sábado,Sáb,6,43,2025-10-20,20/10 - 26/10/2025,LAPA,DELIVERY,4316.79
2025-10-25,2025,10,25,Out,Outubro,2025-10,Out/2025,Sábado,Sáb,6,43,2025-10-20,20/10 - 26/10/2025,PAVÃO,CASA,20219.58
2025-10-25,2025,10,25,Out,Outubro,2025-10,Out/2025,Sábado,Sáb,6,43,2025-10-20,20/10 - 26/10/2025,PAVÃO,DELIVERY,3270.7
2025-10-25,2025,10,25,Out,Outubro,2025-10,Out/2025,Sábado,Sáb,6,43,2025-10-20,20/10 - 26/10/2025,PERDIZES,CASA,35680.82
2025-10-25,2025,10,25,Out,Outubro,2025-10,Out/2025,Sábado,Sáb,6,43,2025-10-20,20/10 - 26/10/2025,PERDIZES,DELIVERY,3396.1
2025-10-25,2025,10,25,Out,Outubro,2025-10,Out/2025,Sábado,Sáb,6,43,2025-10-20,20/10 - 26/10/2025,SANTANA,CASA,93945.06
2025-10-25,2025,10,25,Out,Outubro,2025-10,Out/2025,Sábado,Sáb,6,43,2025-10-20,20/10 - 26/10/2025,SANTANA,DELIVERY,4334.3
2025-10-25,2025,10,25,Out,Outubro,2025-10,Out/2025,Sábado,Sáb,6,43,2025-10-20,20/10 - 26/10/2025,SANTO ANDRÉ,CASA,126184.84
2025-10-25,2025,10,25,Out,Outubro,2025-10,Out/2025,Sábado,Sáb,6,43,2025-10-20,20/10 - 26/10/2025,SANTO ANDRÉ,DELIVERY,1686.49
2025-10-25,2025,10,25,Out,Outubro,2025-10,Out/2025,Sábado,Sáb,6,43,2025-10-20,20/10 - 26/10/2025,TATUAPÉ,CASA,152684.24
2025-10-25,2025,10,25,Out,Outubro,2025-10,Out/2025,Sábado,Sáb,6,43,2025-10-20,20/10 - 26/10/2025,TATUAPÉ,DELIVERY,3815.59
2025-10-25,2025,10,25,Out,Outubro,2025-10,Out/2025,Sábado,Sáb,6,43,2025-10-20,20/10 - 26/10/2025,VILA MADALENA,CASA,44285.75
2025-10-25,2025,10,25,Out,Outubro,2025-10,Out/2025,Sábado,Sáb,6,43,2025-10-20,20/10 - 26/10/2025,VILA MADALENA,DELIVERY,1660.6
2025-10-25,2025,10,25,Out,Outubro,2025-10,Out/2025,Sábado,Sáb,6,43,2025-10-20,20/10 - 26/10/2025,VILA MARIANA,CASA,64467.42
2025-10-25,2025,10,25,Out,Outubro,2025-10,Out/2025,Sábado,Sáb,6,43,2025-10-20,20/10 - 26/10/2025,VILA MARIANA,DELIVERY,5569.6
2025-10-26,2025,10,26,Out,Outubro,2025-10,Out/2025,Domingo,Dom,7,43,2025-10-20,20/10 - 26/10/2025,CARINAS,CASA,46028.68
2025-10-26,2025,10,26,Out,Outubro,2025-10,Out/2025,Domingo,Dom,7,43,2025-10-20,20/10 - 26/10/2025,CARINAS,DELIVERY,3262.8
2025-10-26,2025,10,26,Out,Outubro,2025-10,Out/2025,Domingo,Dom,7,43,2025-10-20,20/10 - 26/10/2025,CHÁCARA,CASA,9442.87
2025-10-26,2025,10,26,Out,Outubro,2025-10,Out/2025,Domingo,Dom,7,43,2025-10-20,20/10 - 26/10/2025,CHÁCARA,DELIVERY,4973.0
2025-10-26,2025,10,26,Out,Outubro,2025-10,Out/2025,Domingo,Dom,7,43,2025-10-20,20/10 - 26/10/2025,LAPA,CASA,33224.91
2025-10-26,2025,10,26,Out,Outubro,2025-10,Out/2025,Domingo,Dom,7,43,2025-10-20,20/10 - 26/10/2025,LAPA,DELIVERY,3536.88
2025-10-26,2025,10,26,Out,Outubro,2025-10,Out/2025,Domingo,Dom,7,43,2025-10-20,20/10 - 26/10/2025,PAVÃO,CASA,10677.61
2025-10-26,2025,10,26,Out,Outubro,2025-10,Out/2025,Domingo,Dom,7,43,2025-10-20,20/10 - 26/10/2025,PAVÃO,DELIVERY,4211.86
2025-10-26,2025,10,26,Out,Outubro,2025-10,Out/2025,Domingo,Dom,7,43,2025-10-20,20/10 - 26/10/2025,PERDIZES,CASA,21205.91
2025-10-26,2025,10,26,Out,Outubro,2025-10,Out/2025,Domingo,Dom,7,43,2025-10-20,20/10 - 26/10/2025,PERDIZES,DELIVERY,4117.6
2025-10-26,2025,10,26,Out,Outubro,2025-10,Out/2025,Domingo,Dom,7,43,2025-10-20,20/10 - 26/10/2025,SANTANA,CASA,40112.64
2025-10-26,2025,10,26,Out,Outubro,2025-10,Out/2025,Domingo,Dom,7,43,2025-10-20,20/10 - 26/10/2025,SANTANA,DELIVERY,6318.09
2025-10-26,2025,10,26,Out,Outubro,2025-10,Out/2025,Domingo,Dom,7,43,2025-10-20,20/10 - 26/10/2025,SANTO ANDRÉ,CASA,32162.44
2025-10-26,2025,10,26,Out,Outubro,2025-10,Out/2025,Domingo,Dom,7,43,2025-10-20,20/10 - 26/10/2025,SANTO ANDRÉ,DELIVERY,1555.1
2025-10-26,2025,10,26,Out,Outubro,2025-10,Out/2025,Domingo,Dom,7,43,2025-10-20,20/10 - 26/10/2025,TATUAPÉ,CASA,86018.8
2025-10-26,2025,10,26,Out,Outubro,2025-10,Out/2025,Domingo,Dom,7,43,2025-10-20,20/10 - 26/10/2025,TATUAPÉ,DELIVERY,3181.05
2025-10-26,2025,10,26,Out,Outubro,2025-10,Out/2025,Domingo,Dom,7,43,2025-10-20,20/10 - 26/10/2025,VILA MADALENA,CASA,10448.06
2025-10-26,2025,10,26,Out,Outubro,2025-10,Out/2025,Domingo,Dom,7,43,2025-10-20,20/10 - 26/10/2025,VILA MADALENA,DELIVERY,2738.98
2025-10-26,2025,10,26,Out,Outubro,2025-10,Out/2025,Domingo,Dom,7,43,2025-10-20,20/10 - 26/10/2025,VILA MARIANA,CASA,32739.18
2025-10-26,2025,10,26,Out,Outubro,2025-10,Out/2025,Domingo,Dom,7,43,2025-10-20,20/10 - 26/10/2025,VILA MARIANA,DELIVERY,5968.08
2025-10-27,2025,10,27,Out,Outubro,2025-10,Out/2025,Segunda,Seg,1,44,2025-10-27,27/10 - 02/11/2025,TATUAPÉ,DELIVERY,136.18
2025-10-28,2025,10,28,Out,Outubro,2025-10,Out/2025,Terça,Ter,2,44,2025-10-27,27/10 - 02/11/2025,CARINAS,CASA,45697.45
2025-10-28,2025,10,28,Out,Outubro,2025-10,Out/2025,Terça,Ter,2,44,2025-10-27,27/10 - 02/11/2025,CARINAS,DELIVERY,1717.49
2025-10-28,2025,10,28,Out,Outubro,2025-10,Out/2025,Terça,Ter,2,44,2025-10-27,27/10 - 02/11/2025,CHÁCARA,CASA,566.52
2025-10-28,2025,10,28,Out,Outubro,2025-10,Out/2025,Terça,Ter,2,44,2025-10-27,27/10 - 02/11/2025,CHÁCARA,DELIVERY,759.2
2025-10-28,2025,10,28,Out,Outubro,2025-10,Out/2025,Terça,Ter,2,44,2025-10-27,27/10 - 02/11/2025,LAPA,CASA,16639.75
2025-10-28,2025,10,28,Out,Outubro,2025-10,Out/2025,Terça,Ter,2,44,2025-10-27,27/10 - 02/11/2025,LAPA,DELIVERY,1782.16
2025-10-28,2025,10,28,Out,Outubro,2025-10,Out/2025,Terça,Ter,2,44,2025-10-27,27/10 - 02/11/2025,PAVÃO,CASA,1522.43
2025-10-28,2025,10,28,Out,Outubro,2025-10,Out/2025,Terça,Ter,2,44,2025-10-27,27/10 - 02/11/2025,PAVÃO,DELIVERY,1027.16
2025-10-28,2025,10,28,Out,Outubro,2025-10,Out/2025,Terça,Ter,2,44,2025-10-27,27/10 - 02/11/2025,PERDIZES,CASA,30638.39
2025-10-28,2025,10,28,Out,Outubro,2025-10,Out/2025,Terça,Ter,2,44,2025-10-27,27/10 - 02/11/2025,PERDIZES,DELIVERY,649.29
2025-10-28,2025,10,28,Out,Outubro,2025-10,Out/2025,Terça,Ter,2,44,2025-10-27,27/10 - 02/11/2025,SANTANA,CASA,10895.16
2025-10-28,2025,10,28,Out,Outubro,2025-10,Out/2025,Terça,Ter,2,44,2025-10-27,27/10 - 02/11/2025,SANTANA,DELIVERY,1746.98
2025-10-28,2025,10,28,Out,Outubro,2025-10,Out/2025,Terça,Ter,2,44,2025-10-27,27/10 - 02/11/2025,SANTO ANDRÉ,CASA,22098.11
2025-10-28,2025,10,28,Out,Outubro,2025-10,Out/2025,Terça,Ter,2,44,2025-10-27,27/10 - 02/11/2025,SANTO ANDRÉ,DELIVERY,354.7
2025-10-28,2025,10,28,Out,Outubro,2025-10,Out/2025,Terça,Ter,2,44,2025-10-27,27/10 - 02/11/2025,TATUAPÉ,CASA,19905.91
2025-10-28,2025,10,28,Out,Outubro,2025-10,Out/2025,Terça,Ter,2,44,2025-10-27,27/10 - 02/11/2025,TATUAPÉ,DELIVERY,1183.02
2025-10-28,2025,10,28,Out,Outubro,2025-10,Out/2025,Terça,Ter,2,44,2025-10-27,27/10 - 02/11/2025,VILA MADALENA,CASA,4030.89
2025-10-28,2025,10,28,Out,Outubro,2025-10,Out/2025,Terça,Ter,2,44,2025-10-27,27/10 - 02/11/2025,VILA MADALENA,DELIVERY,816.7
2025-10-28,2025,10,28,Out,Outubro,2025-10,Out/2025,Terça,Ter,2,44,2025-10-27,27/10 - 02/11/2025,VILA MARIANA,CASA,6657.0
2025-10-28,2025,10,28,Out,Outubro,2025-10,Out/2025,Terça,Ter,2,44,2025-10-27,27/10 - 02/11/2025,VILA MARIANA,DELIVERY,4235.87
2025-10-29,2025,10,29,Out,Outubro,2025-10,Out/2025,Quarta,Qua,3,44,2025-10-27,27/10 - 02/11/2025,CARINAS,CASA,140579.37
2025-10-29,2025,10,29,Out,Outubro,2025-10,Out/2025,Quarta,Qua,3,44,2025-10-27,27/10 - 02/11/2025,CARINAS,DELIVERY,677.0
2025-10-29,2025,10,29,Out,Outubro,2025-10,Out/2025,Quarta,Qua,3,44,2025-10-27,27/10 - 02/11/2025,CHÁCARA,CASA,8594.56
2025-10-29,2025,10,29,Out,Outubro,2025-10,Out/2025,Quarta,Qua,3,44,2025-10-27,27/10 - 02/11/2025,CHÁCARA,DELIVERY,1154.5
2025-10-29,2025,10,29,Out,Outubro,2025-10,Out/2025,Quarta,Qua,3,44,2025-10-27,27/10 - 02/11/2025,LAPA,CASA,3807.43
2025-10-29,2025,10,29,Out,Outubro,2025-10,Out/2025,Quarta,Qua,3,44,2025-10-27,27/10 - 02/11/2025,LAPA,DELIVERY,798.9
2025-10-29,2025,10,29,Out,Outubro,2025-10,Out/2025,Quarta,Qua,3,44,2025-10-27,27/10 - 02/11/2025,PAVÃO,CASA,7381.81
2025-10-29,2025,10,29,Out,Outubro,2025-10,Out/2025,Quarta,Qua,3,44,2025-10-27,27/10 - 02/11/2025,PAVÃO,DELIVERY,1315.54
2025-10-29,2025,10,29,Out,Outubro,2025-10,Out/2025,Quarta,Qua,3,44,2025-10-27,27/10 - 02/11/2025,PERDIZES,CASA,3306.71
2025-10-29,2025,10,29,Out,Outubro,2025-10,Out/2025,Quarta,Qua,3,44,2025-10-27,27/10 - 02/11/2025,PERDIZES,DELIVERY,472.1
2025-10-29,2025,10,29,Out,Outubro,2025-10,Out/2025,Quarta,Qua,3,44,2025-10-27,27/10 - 02/11/2025,SANTANA,CASA,7526.5
2025-10-29,2025,10,29,Out,Outubro,2025-10,Out/2025,Quarta,Qua,3,44,2025-10-27,27/10 - 02/11/2025,SANTANA,DELIVERY,1918.2
2025-10-29,2025,10,29,Out,Outubro,2025-10,Out/2025,Quarta,Qua,3,44,2025-10-27,27/10 - 02/11/2025,SANTO ANDRÉ,CASA,8885.17
2025-10-29,2025,10,29,Out,Outubro,2025-10,Out/2025,Quarta,Qua,3,44,2025-10-27,27/10 - 02/11/2025,SANTO ANDRÉ,DELIVERY,297.2
2025-10-29,2025,10,29,Out,Outubro,2025-10,Out/2025,Quarta,Qua,3,44,2025-10-27,27/10 - 02/11/2025,TATUAPÉ,CASA,2827.33
2025-10-29,2025,10,29,Out,Outubro,2025-10,Out/2025,Quarta,Qua,3,44,2025-10-27,27/10 - 02/11/2025,TATUAPÉ,DELIVERY,420.31
2025-10-29,2025,10,29,Out,Outubro,2025-10,Out/2025,Quarta,Qua,3,44,2025-10-27,27/10 - 02/11/2025,VILA MADALENA,CASA,9855.55
2025-10-29,2025,10,29,Out,Outubro,2025-10,Out/2025,Quarta,Qua,3,44,2025-10-27,27/10 - 02/11/2025,VILA MADALENA,DELIVERY,835.09
2025-10-29,2025,10,29,Out,Outubro,2025-10,Out/2025,Quarta,Qua,3,44,2025-10-27,27/10 - 02/11/2025,VILA MARIANA,CASA,4778.98
2025-10-29,2025,10,29,Out,Outubro,2025-10,Out/2025,Quarta,Qua,3,44,2025-10-27,27/10 - 02/11/2025,VILA MARIANA,DELIVERY,2783.69
2025-10-30,2025,10,30,Out,Outubro,2025-10,Out/2025,Quinta,Qui,4,44,2025-10-27,27/10 - 02/11/2025,CARINAS,CASA,21511.85
2025-10-30,2025,10,30,Out,Outubro,2025-10,Out/2025,Quinta,Qui,4,44,2025-10-27,27/10 - 02/11/2025,CARINAS,DELIVERY,1774.8
2025-10-30,2025,10,30,Out,Outubro,2025-10,Out/2025,Quinta,Qui,4,44,2025-10-27,27/10 - 02/11/2025,CHÁCARA,CASA,15120.99
2025-10-30,2025,10,30,Out,Outubro,2025-10,Out/2025,Quinta,Qui,4,44,2025-10-27,27/10 - 02/11/2025,CHÁCARA,DELIVERY,1007.9
2025-10-30,2025,10,30,Out,Outubro,2025-10,Out/2025,Quinta,Qui,4,44,2025-10-27,27/10 - 02/11/2025,LAPA,CASA,1491.02
2025-10-30,2025,10,30,Out,Outubro,2025-10,Out/2025,Quinta,Qui,4,44,2025-10-27,27/10 - 02/11/2025,LAPA,DELIVERY,1164.3
2025-10-30,2025,10,30,Out,Outubro,2025-10,Out/2025,Quinta,Qui,4,44,2025-10-27,27/10 - 02/11/2025,PAVÃO,CASA,5091.01
2025-10-30,2025,10,30,Out,Outubro,2025-10,Out/2025,Quinta,Qui,4,44,2025-10-27,27/10 - 02/11/2025,PAVÃO,DELIVERY,857.08
2025-10-30,2025,10,30,Out,Outubro,2025-10,Out/2025,Quinta,Qui,4,44,2025-10-27,27/10 - 02/11/2025,PERDIZES,CASA,17715.5
2025-10-30,2025,10,30,Out,Outubro,2025-10,Out/2025,Quinta,Qui,4,44,2025-10-27,27/10 - 02/11/2025,PERDIZES,DELIVERY,1418.98
2025-10-30,2025,10,30,Out,Outubro,2025-10,Out/2025,Quinta,Qui,4,44,2025-10-27,27/10 - 02/11/2025,SANTANA,CASA,20202.41
2025-10-30,2025,10,30,Out,Outubro,2025-10,Out/2025,Quinta,Qui,4,44,2025-10-27,27/10 - 02/11/2025,SANTANA,DELIVERY,1056.2
2025-10-30,2025,10,30,Out,Outubro,2025-10,Out/2025,Quinta,Qui,4,44,2025-10-27,27/10 - 02/11/2025,SANTO ANDRÉ,CASA,7861.33
2025-10-30,2025,10,30,Out,Outubro,2025-10,Out/2025,Quinta,Qui,4,44,2025-10-27,27/10 - 02/11/2025,SANTO ANDRÉ,DELIVERY,457.1
2025-10-30,2025,10,30,Out,Outubro,2025-10,Out/2025,Quinta,Qui,4,44,2025-10-27,27/10 - 02/11/2025,TATUAPÉ,CASA,30064.73
2025-10-30,2025,10,30,Out,Outubro,2025-10,Out/2025,Quinta,Qui,4,44,2025-10-27,27/10 - 02/11/2025,TATUAPÉ,DELIVERY,859.03
2025-10-30,2025,10,30,Out,Outubro,2025-10,Out/2025,Quinta,Qui,4,44,2025-10-27,27/10 - 02/11/2025,VILA MADALENA,CASA,21361.5
2025-10-30,2025,10,30,Out,Outubro,2025-10,Out/2025,Quinta,Qui,4,44,2025-10-27,27/10 - 02/11/2025,VILA MADALENA,DELIVERY,1217.0
2025-10-30,2025,10,30,Out,Outubro,2025-10,Out/2025,Quinta,Qui,4,44,2025-10-27,27/10 - 02/11/2025,VILA MARIANA,CASA,34894.14
2025-10-30,2025,10,30,Out,Outubro,2025-10,Out/2025,Quinta,Qui,4,44,2025-10-27,27/10 - 02/11/2025,VILA MARIANA,DELIVERY,3686.37
2025-10-31,2025,10,31,Out,Outubro,2025-10,Out/2025,Sexta,Sex,5,44,2025-10-27,27/10 - 02/11/2025,CARINAS,CASA,29779.22
2025-10-31,2025,10,31,Out,Outubro,2025-10,Out/2025,Sexta,Sex,5,44,2025-10-27,27/10 - 02/11/2025,CARINAS,DELIVERY,2298.48
2025-10-31,2025,10,31,Out,Outubro,2025-10,Out/2025,Sexta,Sex,5,44,2025-10-27,27/10 - 02/11/2025,CHÁCARA,CASA,8843.45
2025-10-31,2025,10,31,Out,Outubro,2025-10,Out/2025,Sexta,Sex,5,44,2025-10-27,27/10 - 02/11/2025,LAPA,CASA,20275.41
2025-10-31,2025,10,31,Out,Outubro,2025-10,Out/2025,Sexta,Sex,5,44,2025-10-27,27/10 - 02/11/2025,LAPA,DELIVERY,2855.7
2025-10-31,2025,10,31,Out,Outubro,2025-10,Out/2025,Sexta,Sex,5,44,2025-10-27,27/10 - 02/11/2025,PAVÃO,CASA,3922.69
2025-10-31,2025,10,31,Out,Outubro,2025-10,Out/2025,Sexta,Sex,5,44,2025-10-27,27/10 - 02/11/2025,PAVÃO,DELIVERY,980.52
2025-10-31,2025,10,31,Out,Outubro,2025-10,Out/2025,Sexta,Sex,5,44,2025-10-27,27/10 - 02/11/2025,PERDIZES,CASA,22382.12
2025-10-31,2025,10,31,Out,Outubro,2025-10,Out/2025,Sexta,Sex,5,44,2025-10-27,27/10 - 02/11/2025,PERDIZES,DELIVERY,1339.8
2025-10-31,2025,10,31,Out,Outubro,2025-10,Out/2025,Sexta,Sex,5,44,2025-10-27,27/10 - 02/11/2025,SANTANA,CASA,30716.67
2025-10-31,2025,10,31,Out,Outubro,2025-10,Out/2025,Sexta,Sex,5,44,2025-10-27,27/10 - 02/11/2025,SANTANA,DELIVERY,966.19
2025-10-31,2025,10,31,Out,Outubro,2025-10,Out/2025,Sexta,Sex,5,44,2025-10-27,27/10 - 02/11/2025,SANTO ANDRÉ,CASA,153946.45
2025-10-31,2025,10,31,Out,Outubro,2025-10,Out/2025,Sexta,Sex,5,44,2025-10-27,27/10 - 02/11/2025,SANTO ANDRÉ,DELIVERY,449.98
2025-10-31,2025,10,31,Out,Outubro,2025-10,Out/2025,Sexta,Sex,5,44,2025-10-27,27/10 - 02/11/2025,TATUAPÉ,CASA,25541.23
2025-10-31,2025,10,31,Out,Outubro,2025-10,Out/2025,Sexta,Sex,5,44,2025-10-27,27/10 - 02/11/2025,TATUAPÉ,DELIVERY,1183.38
2025-10-31,2025,10,31,Out,Outubro,2025-10,Out/2025,Sexta,Sex,5,44,2025-10-27,27/10 - 02/11/2025,VILA MADALENA,CASA,22240.91
2025-10-31,2025,10,31,Out,Outubro,2025-10,Out/2025,Sexta,Sex,5,44,2025-10-27,27/10 - 02/11/2025,VILA MARIANA,CASA,25924.85
2025-10-31,2025,10,31,Out,Outubro,2025-10,Out/2025,Sexta,Sex,5,44,2025-10-27,27/10 - 02/11/2025,VILA MARIANA,DELIVERY,4216.9
2025-11-01,2025,11,1,Nov,Novembro,2025-11,Nov/2025,Sábado,Sáb,6,44,2025-10-27,27/10 - 02/11/2025,CARINAS,CASA,171830.26
2025-11-01,2025,11,1,Nov,Novembro,2025-11,Nov/2025,Sábado,Sáb,6,44,2025-10-27,27/10 - 02/11/2025,CHÁCARA,CASA,22457.89
2025-11-01,2025,11,1,Nov,Novembro,2025-11,Nov/2025,Sábado,Sáb,6,44,2025-10-27,27/10 - 02/11/2025,CHÁCARA,DELIVERY,65.5
2025-11-01,2025,11,1,Nov,Novembro,2025-11,Nov/2025,Sábado,Sáb,6,44,2025-10-27,27/10 - 02/11/2025,LAPA,CASA,47642.73
2025-11-01,2025,11,1,Nov,Novembro,2025-11,Nov/2025,Sábado,Sáb,6,44,2025-10-27,27/10 - 02/11/2025,LAPA,DELIVERY,5353.29
2025-11-01,2025,11,1,Nov,Novembro,2025-11,Nov/2025,Sábado,Sáb,6,44,2025-10-27,27/10 - 02/11/2025,PAVÃO,CASA,23125.13
2025-11-01,2025,11,1,Nov,Novembro,2025-11,Nov/2025,Sábado,Sáb,6,44,2025-10-27,27/10 - 02/11/2025,PAVÃO,DELIVERY,2984.31
2025-11-01,2025,11,1,Nov,Novembro,2025-11,Nov/2025,Sábado,Sáb,6,44,2025-10-27,27/10 - 02/11/2025,PERDIZES,CASA,20594.39
2025-11-01,2025,11,1,Nov,Novembro,2025-11,Nov/2025,Sábado,Sáb,6,44,2025-10-27,27/10 - 02/11/2025,PERDIZES,DELIVERY,3090.1
2025-11-01,2025,11,1,Nov,Novembro,2025-11,Nov/2025,Sábado,Sáb,6,44,2025-10-27,27/10 - 02/11/2025,SANTANA,CASA,120582.91
2025-11-01,2025,11,1,Nov,Novembro,2025-11,Nov/2025,Sábado,Sáb,6,44,2025-10-27,27/10 - 02/11/2025,SANTANA,DELIVERY,4719.78
2025-11-01,2025,11,1,Nov,Novembro,2025-11,Nov/2025,Sábado,Sáb,6,44,2025-10-27,27/10 - 02/11/2025,SANTO ANDRÉ,CASA,113463.6
2025-11-01,2025,11,1,Nov,Novembro,2025-11,Nov/2025,Sábado,Sáb,6,44,2025-10-27,27/10 - 02/11/2025,SANTO ANDRÉ,DELIVERY,1172.5
2025-11-01,2025,11,1,Nov,Novembro,2025-11,Nov/2025,Sábado,Sáb,6,44,2025-10-27,27/10 - 02/11/2025,TATUAPÉ,CASA,150890.13
2025-11-01,2025,11,1,Nov,Novembro,2025-11,Nov/2025,Sábado,Sáb,6,44,2025-10-27,27/10 - 02/11/2025,TATUAPÉ,DELIVERY,4507.54
2025-11-01,2025,11,1,Nov,Novembro,2025-11,Nov/2025,Sábado,Sáb,6,44,2025-10-27,27/10 - 02/11/2025,VILA MADALENA,CASA,23352.72
2025-11-01,2025,11,1,Nov,Novembro,2025-11,Nov/2025,Sábado,Sáb,6,44,2025-10-27,27/10 - 02/11/2025,VILA MADALENA,DELIVERY,2037.3
2025-11-01,2025,11,1,Nov,Novembro,2025-11,Nov/2025,Sábado,Sáb,6,44,2025-10-27,27/10 - 02/11/2025,VILA MARIANA,CASA,39477.14
2025-11-01,2025,11,1,Nov,Novembro,2025-11,Nov/2025,Sábado,Sáb,6,44,2025-10-27,27/10 - 02/11/2025,VILA MARIANA,DELIVERY,5848.99
2025-11-02,2025,11,2,Nov,Novembro,2025-11,Nov/2025,Domingo,Dom,7,44,2025-10-27,27/10 - 02/11/2025,CARINAS,CASA,49693.44
2025-11-02,2025,11,2,Nov,Novembro,2025-11,Nov/2025,Domingo,Dom,7,44,2025-10-27,27/10 - 02/11/2025,CARINAS,DELIVERY,4887.59
2025-11-02,2025,11,2,Nov,Novembro,2025-11,Nov/2025,Domingo,Dom,7,44,2025-10-27,27/10 - 02/11/2025,CHÁCARA,CASA,13783.25
2025-11-02,2025,11,2,Nov,Novembro,2025-11,Nov/2025,Domingo,Dom,7,44,2025-10-27,27/10 - 02/11/2025,CHÁCARA,DELIVERY,2759.8
2025-11-02,2025,11,2,Nov,Novembro,2025-11,Nov/2025,Domingo,Dom,7,44,2025-10-27,27/10 - 02/11/2025,LAPA,CASA,19756.95
2025-11-02,2025,11,2,Nov,Novembro,2025-11,Nov/2025,Domingo,Dom,7,44,2025-10-27,27/10 - 02/11/2025,LAPA,DELIVERY,4451.5
2025-11-02,2025,11,2,Nov,Novembro,2025-11,Nov/2025,Domingo,Dom,7,44,2025-10-27,27/10 - 02/11/2025,PAVÃO,CASA,7249.87
2025-11-02,2025,11,2,Nov,Novembro,2025-11,Nov/2025,Domingo,Dom,7,44,2025-10-27,27/10 - 02/11/2025,PAVÃO,DELIVERY,2268.72
2025-11-02,2025,11,2,Nov,Novembro,2025-11,Nov/2025,Domingo,Dom,7,44,2025-10-27,27/10 - 02/11/2025,PERDIZES,CASA,17752.91
2025-11-02,2025,11,2,Nov,Novembro,2025-11,Nov/2025,Domingo,Dom,7,44,2025-10-27,27/10 - 02/11/2025,PERDIZES,DELIVERY,4057.99
2025-11-02,2025,11,2,Nov,Novembro,2025-11,Nov/2025,Domingo,Dom,7,44,2025-10-27,27/10 - 02/11/2025,SANTANA,CASA,22043.24
2025-11-02,2025,11,2,Nov,Novembro,2025-11,Nov/2025,Domingo,Dom,7,44,2025-10-27,27/10 - 02/11/2025,SANTANA,DELIVERY,6503.37
2025-11-02,2025,11,2,Nov,Novembro,2025-11,Nov/2025,Domingo,Dom,7,44,2025-10-27,27/10 - 02/11/2025,SANTO ANDRÉ,CASA,26375.08
2025-11-02,2025,11,2,Nov,Novembro,2025-11,Nov/2025,Domingo,Dom,7,44,2025-10-27,27/10 - 02/11/2025,SANTO ANDRÉ,DELIVERY,1896.8
2025-11-02,2025,11,2,Nov,Novembro,2025-11,Nov/2025,Domingo,Dom,7,44,2025-10-27,27/10 - 02/11/2025,TATUAPÉ,CASA,47740.58
2025-11-02,2025,11,2,Nov,Novembro,2025-11,Nov/2025,Domingo,Dom,7,44,2025-10-27,27/10 - 02/11/2025,TATUAPÉ,DELIVERY,3409.13
2025-11-02,2025,11,2,Nov,Novembro,2025-11,Nov/2025,Domingo,Dom,7,44,2025-10-27,27/10 - 02/11/2025,VILA MADALENA,CASA,10659.84
2025-11-02,2025,11,2,Nov,Novembro,2025-11,Nov/2025,Domingo,Dom,7,44,2025-10-27,27/10 - 02/11/2025,VILA MADALENA,DELIVERY,1741.7
2025-11-02,2025,11,2,Nov,Novembro,2025-11,Nov/2025,Domingo,Dom,7,44,2025-10-27,27/10 - 02/11/2025,VILA MARIANA,CASA,15905.01
2025-11-02,2025,11,2,Nov,Novembro,2025-11,Nov/2025,Domingo,Dom,7,44,2025-10-27,27/10 - 02/11/2025,VILA MARIANA,DELIVERY,7759.19
2025-11-03,2025,11,3,Nov,Novembro,2025-11,Nov/2025,Segunda,Seg,1,45,2025-11-03,03/11 - 09/11/2025,SANTO ANDRÉ,CASA,211046.87
2025-11-04,2025,11,4,Nov,Novembro,2025-11,Nov/2025,Terça,Ter,2,45,2025-11-03,03/11 - 09/11/2025,CARINAS,CASA,98060.35
2025-11-04,2025,11,4,Nov,Novembro,2025-11,Nov/2025,Terça,Ter,2,45,2025-11-03,03/11 - 09/11/2025,CARINAS,DELIVERY,1539.79
2025-11-04,2025,11,4,Nov,Novembro,2025-11,Nov/2025,Terça,Ter,2,45,2025-11-03,03/11 - 09/11/2025,CHÁCARA,CASA,224.73
2025-11-04,2025,11,4,Nov,Novembro,2025-11,Nov/2025,Terça,Ter,2,45,2025-11-03,03/11 - 09/11/2025,CHÁCARA,DELIVERY,1456.6
2025-11-04,2025,11,4,Nov,Novembro,2025-11,Nov/2025,Terça,Ter,2,45,2025-11-03,03/11 - 09/11/2025,LAPA,CASA,21158.01
2025-11-04,2025,11,4,Nov,Novembro,2025-11,Nov/2025,Terça,Ter,2,45,2025-11-03,03/11 - 09/11/2025,LAPA,DELIVERY,1600.8
2025-11-04,2025,11,4,Nov,Novembro,2025-11,Nov/2025,Terça,Ter,2,45,2025-11-03,03/11 - 09/11/2025,PAVÃO,CASA,2524.01
2025-11-04,2025,11,4,Nov,Novembro,2025-11,Nov/2025,Terça,Ter,2,45,2025-11-03,03/11 - 09/11/2025,PAVÃO,DELIVERY,856.71
2025-11-04,2025,11,4,Nov,Novembro,2025-11,Nov/2025,Terça,Ter,2,45,2025-11-03,03/11 - 09/11/2025,PERDIZES,CASA,1818.28
2025-11-04,2025,11,4,Nov,Novembro,2025-11,Nov/2025,Terça,Ter,2,45,2025-11-03,03/11 - 09/11/2025,PERDIZES,DELIVERY,1207.4
2025-11-04,2025,11,4,Nov,Novembro,2025-11,Nov/2025,Terça,Ter,2,45,2025-11-03,03/11 - 09/11/2025,SANTANA,CASA,18511.81
2025-11-04,2025,11,4,Nov,Novembro,2025-11,Nov/2025,Terça,Ter,2,45,2025-11-03,03/11 - 09/11/2025,SANTANA,DELIVERY,1738.89
2025-11-04,2025,11,4,Nov,Novembro,2025-11,Nov/2025,Terça,Ter,2,45,2025-11-03,03/11 - 09/11/2025,SANTO ANDRÉ,DELIVERY,464.2
2025-11-04,2025,11,4,Nov,Novembro,2025-11,Nov/2025,Terça,Ter,2,45,2025-11-03,03/11 - 09/11/2025,TATUAPÉ,CASA,20965.18
2025-11-04,2025,11,4,Nov,Novembro,2025-11,Nov/2025,Terça,Ter,2,45,2025-11-03,03/11 - 09/11/2025,TATUAPÉ,DELIVERY,1824.12
2025-11-04,2025,11,4,Nov,Novembro,2025-11,Nov/2025,Terça,Ter,2,45,2025-11-03,03/11 - 09/11/2025,VILA MADALENA,CASA,3289.97
2025-11-04,2025,11,4,Nov,Novembro,2025-11,Nov/2025,Terça,Ter,2,45,2025-11-03,03/11 - 09/11/2025,VILA MADALENA,DELIVERY,1088.59
2025-11-04,2025,11,4,Nov,Novembro,2025-11,Nov/2025,Terça,Ter,2,45,2025-11-03,03/11 - 09/11/2025,VILA MARIANA,CASA,11855.25
2025-11-04,2025,11,4,Nov,Novembro,2025-11,Nov/2025,Terça,Ter,2,45,2025-11-03,03/11 - 09/11/2025,VILA MARIANA,DELIVERY,4123.48
2025-11-05,2025,11,5,Nov,Novembro,2025-11,Nov/2025,Quarta,Qua,3,45,2025-11-03,03/11 - 09/11/2025,CARINAS,CASA,87857.53
2025-11-05,2025,11,5,Nov,Novembro,2025-11,Nov/2025,Quarta,Qua,3,45,2025-11-03,03/11 - 09/11/2025,CHÁCARA,CASA,43559.05
2025-11-05,2025,11,5,Nov,Novembro,2025-11,Nov/2025,Quarta,Qua,3,45,2025-11-03,03/11 - 09/11/2025,CHÁCARA,DELIVERY,749.4
2025-11-05,2025,11,5,Nov,Novembro,2025-11,Nov/2025,Quarta,Qua,3,45,2025-11-03,03/11 - 09/11/2025,LAPA,CASA,3686.65
2025-11-05,2025,11,5,Nov,Novembro,2025-11,Nov/2025,Quarta,Qua,3,45,2025-11-03,03/11 - 09/11/2025,LAPA,DELIVERY,1306.8
2025-11-05,2025,11,5,Nov,Novembro,2025-11,Nov/2025,Quarta,Qua,3,45,2025-11-03,03/11 - 09/11/2025,PAVÃO,CASA,14052.02
2025-11-05,2025,11,5,Nov,Novembro,2025-11,Nov/2025,Quarta,Qua,3,45,2025-11-03,03/11 - 09/11/2025,PAVÃO,DELIVERY,757.38
2025-11-05,2025,11,5,Nov,Novembro,2025-11,Nov/2025,Quarta,Qua,3,45,2025-11-03,03/11 - 09/11/2025,PERDIZES,CASA,6600.11
2025-11-05,2025,11,5,Nov,Novembro,2025-11,Nov/2025,Quarta,Qua,3,45,2025-11-03,03/11 - 09/11/2025,PERDIZES,DELIVERY,1919.69
2025-11-05,2025,11,5,Nov,Novembro,2025-11,Nov/2025,Quarta,Qua,3,45,2025-11-03,03/11 - 09/11/2025,SANTANA,CASA,14480.52
2025-11-05,2025,11,5,Nov,Novembro,2025-11,Nov/2025,Quarta,Qua,3,45,2025-11-03,03/11 - 09/11/2025,SANTANA,DELIVERY,2810.28
2025-11-05,2025,11,5,Nov,Novembro,2025-11,Nov/2025,Quarta,Qua,3,45,2025-11-03,03/11 - 09/11/2025,SANTO ANDRÉ,CASA,18106.33
2025-11-05,2025,11,5,Nov,Novembro,2025-11,Nov/2025,Quarta,Qua,3,45,2025-11-03,03/11 - 09/11/2025,SANTO ANDRÉ,DELIVERY,293.49
2025-11-05,2025,11,5,Nov,Novembro,2025-11,Nov/2025,Quarta,Qua,3,45,2025-11-03,03/11 - 09/11/2025,TATUAPÉ,CASA,5820.85
2025-11-05,2025,11,5,Nov,Novembro,2025-11,Nov/2025,Quarta,Qua,3,45,2025-11-03,03/11 - 09/11/2025,TATUAPÉ,DELIVERY,1592.92
2025-11-05,2025,11,5,Nov,Novembro,2025-11,Nov/2025,Quarta,Qua,3,45,2025-11-03,03/11 - 09/11/2025,VILA MADALENA,CASA,884.45
2025-11-05,2025,11,5,Nov,Novembro,2025-11,Nov/2025,Quarta,Qua,3,45,2025-11-03,03/11 - 09/11/2025,VILA MADALENA,DELIVERY,950.9
2025-11-05,2025,11,5,Nov,Novembro,2025-11,Nov/2025,Quarta,Qua,3,45,2025-11-03,03/11 - 09/11/2025,VILA MARIANA,CASA,6489.69
2025-11-05,2025,11,5,Nov,Novembro,2025-11,Nov/2025,Quarta,Qua,3,45,2025-11-03,03/11 - 09/11/2025,VILA MARIANA,DELIVERY,3410.2
2025-11-06,2025,11,6,Nov,Novembro,2025-11,Nov/2025,Quinta,Qui,4,45,2025-11-03,03/11 - 09/11/2025,CARINAS,CASA,79545.14
2025-11-06,2025,11,6,Nov,Novembro,2025-11,Nov/2025,Quinta,Qui,4,45,2025-11-03,03/11 - 09/11/2025,CARINAS,DELIVERY,2255.7
2025-11-06,2025,11,6,Nov,Novembro,2025-11,Nov/2025,Quinta,Qui,4,45,2025-11-03,03/11 - 09/11/2025,CHÁCARA,CASA,16027.51
2025-11-06,2025,11,6,Nov,Novembro,2025-11,Nov/2025,Quinta,Qui,4,45,2025-11-03,03/11 - 09/11/2025,CHÁCARA,DELIVERY,1585.3
2025-11-06,2025,11,6,Nov,Novembro,2025-11,Nov/2025,Quinta,Qui,4,45,2025-11-03,03/11 - 09/11/2025,LAPA,CASA,4870.37
2025-11-06,2025,11,6,Nov,Novembro,2025-11,Nov/2025,Quinta,Qui,4,45,2025-11-03,03/11 - 09/11/2025,LAPA,DELIVERY,1391.5
2025-11-06,2025,11,6,Nov,Novembro,2025-11,Nov/2025,Quinta,Qui,4,45,2025-11-03,03/11 - 09/11/2025,PAVÃO,CASA,2440.2
2025-11-06,2025,11,6,Nov,Novembro,2025-11,Nov/2025,Quinta,Qui,4,45,2025-11-03,03/11 - 09/11/2025,PAVÃO,DELIVERY,1090.34
2025-11-06,2025,11,6,Nov,Novembro,2025-11,Nov/2025,Quinta,Qui,4,45,2025-11-03,03/11 - 09/11/2025,PERDIZES,CASA,16199.91
2025-11-06,2025,11,6,Nov,Novembro,2025-11,Nov/2025,Quinta,Qui,4,45,2025-11-03,03/11 - 09/11/2025,PERDIZES,DELIVERY,1306.89
2025-11-06,2025,11,6,Nov,Novembro,2025-11,Nov/2025,Quinta,Qui,4,45,2025-11-03,03/11 - 09/11/2025,SANTANA,CASA,27754.32
2025-11-06,2025,11,6,Nov,Novembro,2025-11,Nov/2025,Quinta,Qui,4,45,2025-11-03,03/11 - 09/11/2025,SANTANA,DELIVERY,2472.29
2025-11-06,2025,11,6,Nov,Novembro,2025-11,Nov/2025,Quinta,Qui,4,45,2025-11-03,03/11 - 09/11/2025,SANTO ANDRÉ,CASA,29325.56
2025-11-06,2025,11,6,Nov,Novembro,2025-11,Nov/2025,Quinta,Qui,4,45,2025-11-03,03/11 - 09/11/2025,SANTO ANDRÉ,DELIVERY,397.5
2025-11-06,2025,11,6,Nov,Novembro,2025-11,Nov/2025,Quinta,Qui,4,45,2025-11-03,03/11 - 09/11/2025,TATUAPÉ,CASA,11376.27
2025-11-06,2025,11,6,Nov,Novembro,2025-11,Nov/2025,Quinta,Qui,4,45,2025-11-03,03/11 - 09/11/2025,TATUAPÉ,DELIVERY,1243.14
2025-11-06,2025,11,6,Nov,Novembro,2025-11,Nov/2025,Quinta,Qui,4,45,2025-11-03,03/11 - 09/11/2025,VILA MADALENA,CASA,51808.94
2025-11-06,2025,11,6,Nov,Novembro,2025-11,Nov/2025,Quinta,Qui,4,45,2025-11-03,03/11 - 09/11/2025,VILA MADALENA,DELIVERY,760.1
2025-11-06,2025,11,6,Nov,Novembro,2025-11,Nov/2025,Quinta,Qui,4,45,2025-11-03,03/11 - 09/11/2025,VILA MARIANA,CASA,43446.35
2025-11-06,2025,11,6,Nov,Novembro,2025-11,Nov/2025,Quinta,Qui,4,45,2025-11-03,03/11 - 09/11/2025,VILA MARIANA,DELIVERY,3895.39
2025-11-07,2025,11,7,Nov,Novembro,2025-11,Nov/2025,Sexta,Sex,5,45,2025-11-03,03/11 - 09/11/2025,CARINAS,CASA,72296.09
2025-11-07,2025,11,7,Nov,Novembro,2025-11,Nov/2025,Sexta,Sex,5,45,2025-11-03,03/11 - 09/11/2025,CARINAS,DELIVERY,1545.0
2025-11-07,2025,11,7,Nov,Novembro,2025-11,Nov/2025,Sexta,Sex,5,45,2025-11-03,03/11 - 09/11/2025,CHÁCARA,CASA,5623.82
2025-11-07,2025,11,7,Nov,Novembro,2025-11,Nov/2025,Sexta,Sex,5,45,2025-11-03,03/11 - 09/11/2025,CHÁCARA,DELIVERY,1113.2
2025-11-07,2025,11,7,Nov,Novembro,2025-11,Nov/2025,Sexta,Sex,5,45,2025-11-03,03/11 - 09/11/2025,LAPA,CASA,25396.27
2025-11-07,2025,11,7,Nov,Novembro,2025-11,Nov/2025,Sexta,Sex,5,45,2025-11-03,03/11 - 09/11/2025,LAPA,DELIVERY,2334.1
2025-11-07,2025,11,7,Nov,Novembro,2025-11,Nov/2025,Sexta,Sex,5,45,2025-11-03,03/11 - 09/11/2025,PAVÃO,CASA,21237.66
2025-11-07,2025,11,7,Nov,Novembro,2025-11,Nov/2025,Sexta,Sex,5,45,2025-11-03,03/11 - 09/11/2025,PAVÃO,DELIVERY,753.18
2025-11-07,2025,11,7,Nov,Novembro,2025-11,Nov/2025,Sexta,Sex,5,45,2025-11-03,03/11 - 09/11/2025,PERDIZES,CASA,23973.69
2025-11-07,2025,11,7,Nov,Novembro,2025-11,Nov/2025,Sexta,Sex,5,45,2025-11-03,03/11 - 09/11/2025,PERDIZES,DELIVERY,1157.69
2025-11-07,2025,11,7,Nov,Novembro,2025-11,Nov/2025,Sexta,Sex,5,45,2025-11-03,03/11 - 09/11/2025,SANTANA,CASA,46201.94
2025-11-07,2025,11,7,Nov,Novembro,2025-11,Nov/2025,Sexta,Sex,5,45,2025-11-03,03/11 - 09/11/2025,SANTANA,DELIVERY,2758.4
2025-11-07,2025,11,7,Nov,Novembro,2025-11,Nov/2025,Sexta,Sex,5,45,2025-11-03,03/11 - 09/11/2025,SANTO ANDRÉ,CASA,104338.79
2025-11-07,2025,11,7,Nov,Novembro,2025-11,Nov/2025,Sexta,Sex,5,45,2025-11-03,03/11 - 09/11/2025,SANTO ANDRÉ,DELIVERY,767.3
2025-11-07,2025,11,7,Nov,Novembro,2025-11,Nov/2025,Sexta,Sex,5,45,2025-11-03,03/11 - 09/11/2025,TATUAPÉ,CASA,72191.91
2025-11-07,2025,11,7,Nov,Novembro,2025-11,Nov/2025,Sexta,Sex,5,45,2025-11-03,03/11 - 09/11/2025,TATUAPÉ,DELIVERY,1884.92
2025-11-07,2025,11,7,Nov,Novembro,2025-11,Nov/2025,Sexta,Sex,5,45,2025-11-03,03/11 - 09/11/2025,VILA MADALENA,CASA,18772.32
2025-11-07,2025,11,7,Nov,Novembro,2025-11,Nov/2025,Sexta,Sex,5,45,2025-11-03,03/11 - 09/11/2025,VILA MARIANA,CASA,21446.11
2025-11-07,2025,11,7,Nov,Novembro,2025-11,Nov/2025,Sexta,Sex,5,45,2025-11-03,03/11 - 09/11/2025,VILA MARIANA,DELIVERY,4240.6
2025-11-08,2025,11,8,Nov,Novembro,2025-11,Nov/2025,Sábado,Sáb,6,45,2025-11-03,03/11 - 09/11/2025,CARINAS,CASA,159213.79
2025-11-08,2025,11,8,Nov,Novembro,2025-11,Nov/2025,Sábado,Sáb,6,45,2025-11-03,03/11 - 09/11/2025,CHÁCARA,CASA,21999.55
2025-11-08,2025,11,8,Nov,Novembro,2025-11,Nov/2025,Sábado,Sáb,6,45,2025-11-03,03/11 - 09/11/2025,LAPA,CASA,52595.16
2025-11-08,2025,11,8,Nov,Novembro,2025-11,Nov/2025,Sábado,Sáb,6,45,2025-11-03,03/11 - 09/11/2025,LAPA,DELIVERY,5081.68
2025-11-08,2025,11,8,Nov,Novembro,2025-11,Nov/2025,Sábado,Sáb,6,45,2025-11-03,03/11 - 09/11/2025,PAVÃO,CASA,36603.77
2025-11-08,2025,11,8,Nov,Novembro,2025-11,Nov/2025,Sábado,Sáb,6,45,2025-11-03,03/11 - 09/11/2025,PAVÃO,DELIVERY,1912.74
2025-11-08,2025,11,8,Nov,Novembro,2025-11,Nov/2025,Sábado,Sáb,6,45,2025-11-03,03/11 - 09/11/2025,PERDIZES,CASA,55394.23
2025-11-08,2025,11,8,Nov,Novembro,2025-11,Nov/2025,Sábado,Sáb,6,45,2025-11-03,03/11 - 09/11/2025,PERDIZES,DELIVERY,2887.39
2025-11-08,2025,11,8,Nov,Novembro,2025-11,Nov/2025,Sábado,Sáb,6,45,2025-11-03,03/11 - 09/11/2025,SANTANA,CASA,99547.64
2025-11-08,2025,11,8,Nov,Novembro,2025-11,Nov/2025,Sábado,Sáb,6,45,2025-11-03,03/11 - 09/11/2025,SANTANA,DELIVERY,3201.89
2025-11-08,2025,11,8,Nov,Novembro,2025-11,Nov/2025,Sábado,Sáb,6,45,2025-11-03,03/11 - 09/11/2025,SANTO ANDRÉ,CASA,115679.05
2025-11-08,2025,11,8,Nov,Novembro,2025-11,Nov/2025,Sábado,Sáb,6,45,2025-11-03,03/11 - 09/11/2025,SANTO ANDRÉ,DELIVERY,1010.2
2025-11-08,2025,11,8,Nov,Novembro,2025-11,Nov/2025,Sábado,Sáb,6,45,2025-11-03,03/11 - 09/11/2025,TATUAPÉ,CASA,141562.87
2025-11-08,2025,11,8,Nov,Novembro,2025-11,Nov/2025,Sábado,Sáb,6,45,2025-11-03,03/11 - 09/11/2025,TATUAPÉ,DELIVERY,2654.38
2025-11-08,2025,11,8,Nov,Novembro,2025-11,Nov/2025,Sábado,Sáb,6,45,2025-11-03,03/11 - 09/11/2025,VILA MADALENA,CASA,34099.05
2025-11-08,2025,11,8,Nov,Novembro,2025-11,Nov/2025,Sábado,Sáb,6,45,2025-11-03,03/11 - 09/11/2025,VILA MADALENA,DELIVERY,2218.7
2025-11-08,2025,11,8,Nov,Novembro,2025-11,Nov/2025,Sábado,Sáb,6,45,2025-11-03,03/11 - 09/11/2025,VILA MARIANA,CASA,55802.94
2025-11-08,2025,11,8,Nov,Novembro,2025-11,Nov/2025,Sábado,Sáb,6,45,2025-11-03,03/11 - 09/11/2025,VILA MARIANA,DELIVERY,4377.37
2025-11-09,2025,11,9,Nov,Novembro,2025-11,Nov/2025,Domingo,Dom,7,45,2025-11-03,03/11 - 09/11/2025,CARINAS,CASA,81178.09
2025-11-09,2025,11,9,Nov,Novembro,2025-11,Nov/2025,Domingo,Dom,7,45,2025-11-03,03/11 - 09/11/2025,CARINAS,DELIVERY,7906.49
2025-11-09,2025,11,9,Nov,Novembro,2025-11,Nov/2025,Domingo,Dom,7,45,2025-11-03,03/11 - 09/11/2025,CHÁCARA,CASA,6684.29
2025-11-09,2025,11,9,Nov,Novembro,2025-11,Nov/2025,Domingo,Dom,7,45,2025-11-03,03/11 - 09/11/2025,CHÁCARA,DELIVERY,2725.7
2025-11-09,2025,11,9,Nov,Novembro,2025-11,Nov/2025,Domingo,Dom,7,45,2025-11-03,03/11 - 09/11/2025,LAPA,CASA,29543.51
2025-11-09,2025,11,9,Nov,Novembro,2025-11,Nov/2025,Domingo,Dom,7,45,2025-11-03,03/11 - 09/11/2025,LAPA,DELIVERY,4030.49
2025-11-09,2025,11,9,Nov,Novembro,2025-11,Nov/2025,Domingo,Dom,7,45,2025-11-03,03/11 - 09/11/2025,PAVÃO,CASA,17437.01
2025-11-09,2025,11,9,Nov,Novembro,2025-11,Nov/2025,Domingo,Dom,7,45,2025-11-03,03/11 - 09/11/2025,PAVÃO,DELIVERY,2225.54
2025-11-09,2025,11,9,Nov,Novembro,2025-11,Nov/2025,Domingo,Dom,7,45,2025-11-03,03/11 - 09/11/2025,PERDIZES,CASA,11790.98
2025-11-09,2025,11,9,Nov,Novembro,2025-11,Nov/2025,Domingo,Dom,7,45,2025-11-03,03/11 - 09/11/2025,PERDIZES,DELIVERY,2413.1
2025-11-09,2025,11,9,Nov,Novembro,2025-11,Nov/2025,Domingo,Dom,7,45,2025-11-03,03/11 - 09/11/2025,SANTANA,CASA,66043.85
2025-11-09,2025,11,9,Nov,Novembro,2025-11,Nov/2025,Domingo,Dom,7,45,2025-11-03,03/11 - 09/11/2025,SANTANA,DELIVERY,5858.89
2025-11-09,2025,11,9,Nov,Novembro,2025-11,Nov/2025,Domingo,Dom,7,45,2025-11-03,03/11 - 09/11/2025,SANTO ANDRÉ,CASA,37028.61
2025-11-09,2025,11,9,Nov,Novembro,2025-11,Nov/2025,Domingo,Dom,7,45,2025-11-03,03/11 - 09/11/2025,SANTO ANDRÉ,DELIVERY,2491.69
2025-11-09,2025,11,9,Nov,Novembro,2025-11,Nov/2025,Domingo,Dom,7,45,2025-11-03,03/11 - 09/11/2025,TATUAPÉ,CASA,55955.08
2025-11-09,2025,11,9,Nov,Novembro,2025-11,Nov/2025,Domingo,Dom,7,45,2025-11-03,03/11 - 09/11/2025,TATUAPÉ,DELIVERY,5460.99
2025-11-09,2025,11,9,Nov,Novembro,2025-11,Nov/2025,Domingo,Dom,7,45,2025-11-03,03/11 - 09/11/2025,VILA MADALENA,CASA,7498.99
2025-11-09,2025,11,9,Nov,Novembro,2025-11,Nov/2025,Domingo,Dom,7,45,2025-11-03,03/11 - 09/11/2025,VILA MADALENA,DELIVERY,1973.49
2025-11-09,2025,11,9,Nov,Novembro,2025-11,Nov/2025,Domingo,Dom,7,45,2025-11-03,03/11 - 09/11/2025,VILA MARIANA,CASA,40091.44
2025-11-09,2025,11,9,Nov,Novembro,2025-11,Nov/2025,Domingo,Dom,7,45,2025-11-03,03/11 - 09/11/2025,VILA MARIANA,DELIVERY,7118.99
2025-11-10,2025,11,10,Nov,Novembro,2025-11,Nov/2025,Segunda,Seg,1,46,2025-11-10,10/11 - 16/11/2025,SANTO ANDRÉ,CASA,30429.23
2025-11-11,2025,11,11,Nov,Novembro,2025-11,Nov/2025,Terça,Ter,2,46,2025-11-10,10/11 - 16/11/2025,CARINAS,CASA,81643.48
2025-11-11,2025,11,11,Nov,Novembro,2025-11,Nov/2025,Terça,Ter,2,46,2025-11-10,10/11 - 16/11/2025,CARINAS,DELIVERY,2972.68
2025-11-11,2025,11,11,Nov,Novembro,2025-11,Nov/2025,Terça,Ter,2,46,2025-11-10,10/11 - 16/11/2025,CHÁCARA,CASA,1551.83
2025-11-11,2025,11,11,Nov,Novembro,2025-11,Nov/2025,Terça,Ter,2,46,2025-11-10,10/11 - 16/11/2025,CHÁCARA,DELIVERY,766.3
2025-11-11,2025,11,11,Nov,Novembro,2025-11,Nov/2025,Terça,Ter,2,46,2025-11-10,10/11 - 16/11/2025,LAPA,CASA,21263.13
2025-11-11,2025,11,11,Nov,Novembro,2025-11,Nov/2025,Terça,Ter,2,46,2025-11-10,10/11 - 16/11/2025,PAVÃO,CASA,2610.5
2025-11-11,2025,11,11,Nov,Novembro,2025-11,Nov/2025,Terça,Ter,2,46,2025-11-10,10/11 - 16/11/2025,PAVÃO,DELIVERY,1506.67
2025-11-11,2025,11,11,Nov,Novembro,2025-11,Nov/2025,Terça,Ter,2,46,2025-11-10,10/11 - 16/11/2025,PERDIZES,CASA,8189.79
2025-11-11,2025,11,11,Nov,Novembro,2025-11,Nov/2025,Terça,Ter,2,46,2025-11-10,10/11 - 16/11/2025,PERDIZES,DELIVERY,898.79
2025-11-11,2025,11,11,Nov,Novembro,2025-11,Nov/2025,Terça,Ter,2,46,2025-11-10,10/11 - 16/11/2025,SANTANA,CASA,15779.74
2025-11-11,2025,11,11,Nov,Novembro,2025-11,Nov/2025,Terça,Ter,2,46,2025-11-10,10/11 - 16/11/2025,SANTANA,DELIVERY,2075.59
2025-11-11,2025,11,11,Nov,Novembro,2025-11,Nov/2025,Terça,Ter,2,46,2025-11-10,10/11 - 16/11/2025,SANTO ANDRÉ,DELIVERY,844.48
2025-11-11,2025,11,11,Nov,Novembro,2025-11,Nov/2025,Terça,Ter,2,46,2025-11-10,10/11 - 16/11/2025,TATUAPÉ,CASA,80587.95
2025-11-11,2025,11,11,Nov,Novembro,2025-11,Nov/2025,Terça,Ter,2,46,2025-11-10,10/11 - 16/11/2025,TATUAPÉ,DELIVERY,2117.75
2025-11-11,2025,11,11,Nov,Novembro,2025-11,Nov/2025,Terça,Ter,2,46,2025-11-10,10/11 - 16/11/2025,VILA MADALENA,CASA,63067.11
2025-11-11,2025,11,11,Nov,Novembro,2025-11,Nov/2025,Terça,Ter,2,46,2025-11-10,10/11 - 16/11/2025,VILA MADALENA,DELIVERY,1221.6
2025-11-11,2025,11,11,Nov,Novembro,2025-11,Nov/2025,Terça,Ter,2,46,2025-11-10,10/11 - 16/11/2025,VILA MARIANA,CASA,12004.97
2025-11-11,2025,11,11,Nov,Novembro,2025-11,Nov/2025,Terça,Ter,2,46,2025-11-10,10/11 - 16/11/2025,VILA MARIANA,DELIVERY,3419.7
2025-11-12,2025,11,12,Nov,Novembro,2025-11,Nov/2025,Quarta,Qua,3,46,2025-11-10,10/11 - 16/11/2025,CARINAS,CASA,18032.38
2025-11-12,2025,11,12,Nov,Novembro,2025-11,Nov/2025,Quarta,Qua,3,46,2025-11-10,10/11 - 16/11/2025,CARINAS,DELIVERY,2066.89
2025-11-12,2025,11,12,Nov,Novembro,2025-11,Nov/2025,Quarta,Qua,3,46,2025-11-10,10/11 - 16/11/2025,CHÁCARA,CASA,14688.17
2025-11-12,2025,11,12,Nov,Novembro,2025-11,Nov/2025,Quarta,Qua,3,46,2025-11-10,10/11 - 16/11/2025,CHÁCARA,DELIVERY,1351.4
2025-11-12,2025,11,12,Nov,Novembro,2025-11,Nov/2025,Quarta,Qua,3,46,2025-11-10,10/11 - 16/11/2025,LAPA,CASA,6564.17
2025-11-12,2025,11,12,Nov,Novembro,2025-11,Nov/2025,Quarta,Qua,3,46,2025-11-10,10/11 - 16/11/2025,LAPA,DELIVERY,1393.9
2025-11-12,2025,11,12,Nov,Novembro,2025-11,Nov/2025,Quarta,Qua,3,46,2025-11-10,10/11 - 16/11/2025,PAVÃO,CASA,8448.2
2025-11-12,2025,11,12,Nov,Novembro,2025-11,Nov/2025,Quarta,Qua,3,46,2025-11-10,10/11 - 16/11/2025,PAVÃO,DELIVERY,1434.21
2025-11-12,2025,11,12,Nov,Novembro,2025-11,Nov/2025,Quarta,Qua,3,46,2025-11-10,10/11 - 16/11/2025,PERDIZES,CASA,5723.46
2025-11-12,2025,11,12,Nov,Novembro,2025-11,Nov/2025,Quarta,Qua,3,46,2025-11-10,10/11 - 16/11/2025,PERDIZES,DELIVERY,1208.5
2025-11-12,2025,11,12,Nov,Novembro,2025-11,Nov/2025,Quarta,Qua,3,46,2025-11-10,10/11 - 16/11/2025,SANTANA,CASA,61217.55
2025-11-12,2025,11,12,Nov,Novembro,2025-11,Nov/2025,Quarta,Qua,3,46,2025-11-10,10/11 - 16/11/2025,SANTANA,DELIVERY,1511.38
2025-11-12,2025,11,12,Nov,Novembro,2025-11,Nov/2025,Quarta,Qua,3,46,2025-11-10,10/11 - 16/11/2025,SANTO ANDRÉ,CASA,17337.6
2025-11-12,2025,11,12,Nov,Novembro,2025-11,Nov/2025,Quarta,Qua,3,46,2025-11-10,10/11 - 16/11/2025,SANTO ANDRÉ,DELIVERY,702.7
2025-11-12,2025,11,12,Nov,Novembro,2025-11,Nov/2025,Quarta,Qua,3,46,2025-11-10,10/11 - 16/11/2025,TATUAPÉ,CASA,9473.47
2025-11-12,2025,11,12,Nov,Novembro,2025-11,Nov/2025,Quarta,Qua,3,46,2025-11-10,10/11 - 16/11/2025,TATUAPÉ,DELIVERY,1328.03
2025-11-12,2025,11,12,Nov,Novembro,2025-11,Nov/2025,Quarta,Qua,3,46,2025-11-10,10/11 - 16/11/2025,VILA MADALENA,CASA,9200.72
2025-11-12,2025,11,12,Nov,Novembro,2025-11,Nov/2025,Quarta,Qua,3,46,2025-11-10,10/11 - 16/11/2025,VILA MADALENA,DELIVERY,1370.2
2025-11-12,2025,11,12,Nov,Novembro,2025-11,Nov/2025,Quarta,Qua,3,46,2025-11-10,10/11 - 16/11/2025,VILA MARIANA,CASA,11063.31
2025-11-12,2025,11,12,Nov,Novembro,2025-11,Nov/2025,Quarta,Qua,3,46,2025-11-10,10/11 - 16/11/2025,VILA MARIANA,DELIVERY,4908.79
2025-11-13,2025,11,13,Nov,Novembro,2025-11,Nov/2025,Quinta,Qui,4,46,2025-11-10,10/11 - 16/11/2025,CARINAS,CASA,18192.48
2025-11-13,2025,11,13,Nov,Novembro,2025-11,Nov/2025,Quinta,Qui,4,46,2025-11-10,10/11 - 16/11/2025,CARINAS,DELIVERY,1815.19
2025-11-13,2025,11,13,Nov,Novembro,2025-11,Nov/2025,Quinta,Qui,4,46,2025-11-10,10/11 - 16/11/2025,CHÁCARA,CASA,43188.34
2025-11-13,2025,11,13,Nov,Novembro,2025-11,Nov/2025,Quinta,Qui,4,46,2025-11-10,10/11 - 16/11/2025,CHÁCARA,DELIVERY,710.7
2025-11-13,2025,11,13,Nov,Novembro,2025-11,Nov/2025,Quinta,Qui,4,46,2025-11-10,10/11 - 16/11/2025,LAPA,CASA,8430.82
2025-11-13,2025,11,13,Nov,Novembro,2025-11,Nov/2025,Quinta,Qui,4,46,2025-11-10,10/11 - 16/11/2025,LAPA,DELIVERY,4022.78
2025-11-13,2025,11,13,Nov,Novembro,2025-11,Nov/2025,Quinta,Qui,4,46,2025-11-10,10/11 - 16/11/2025,PAVÃO,CASA,8616.82
2025-11-13,2025,11,13,Nov,Novembro,2025-11,Nov/2025,Quinta,Qui,4,46,2025-11-10,10/11 - 16/11/2025,PAVÃO,DELIVERY,1073.49
2025-11-13,2025,11,13,Nov,Novembro,2025-11,Nov/2025,Quinta,Qui,4,46,2025-11-10,10/11 - 16/11/2025,PERDIZES,CASA,30366.55
2025-11-13,2025,11,13,Nov,Novembro,2025-11,Nov/2025,Quinta,Qui,4,46,2025-11-10,10/11 - 16/11/2025,PERDIZES,DELIVERY,765.3
2025-11-13,2025,11,13,Nov,Novembro,2025-11,Nov/2025,Quinta,Qui,4,46,2025-11-10,10/11 - 16/11/2025,SANTANA,CASA,29801.89
2025-11-13,2025,11,13,Nov,Novembro,2025-11,Nov/2025,Quinta,Qui,4,46,2025-11-10,10/11 - 16/11/2025,SANTANA,DELIVERY,1475.3
2025-11-13,2025,11,13,Nov,Novembro,2025-11,Nov/2025,Quinta,Qui,4,46,2025-11-10,10/11 - 16/11/2025,SANTO ANDRÉ,CASA,19167.62
2025-11-13,2025,11,13,Nov,Novembro,2025-11,Nov/2025,Quinta,Qui,4,46,2025-11-10,10/11 - 16/11/2025,SANTO ANDRÉ,DELIVERY,477.39
2025-11-13,2025,11,13,Nov,Novembro,2025-11,Nov/2025,Quinta,Qui,4,46,2025-11-10,10/11 - 16/11/2025,TATUAPÉ,CASA,6236.52
2025-11-13,2025,11,13,Nov,Novembro,2025-11,Nov/2025,Quinta,Qui,4,46,2025-11-10,10/11 - 16/11/2025,TATUAPÉ,DELIVERY,1662.33
2025-11-13,2025,11,13,Nov,Novembro,2025-11,Nov/2025,Quinta,Qui,4,46,2025-11-10,10/11 - 16/11/2025,VILA MADALENA,CASA,93810.67
2025-11-13,2025,11,13,Nov,Novembro,2025-11,Nov/2025,Quinta,Qui,4,46,2025-11-10,10/11 - 16/11/2025,VILA MARIANA,CASA,68309.38
2025-11-13,2025,11,13,Nov,Novembro,2025-11,Nov/2025,Quinta,Qui,4,46,2025-11-10,10/11 - 16/11/2025,VILA MARIANA,DELIVERY,3694.7
2025-11-14,2025,11,14,Nov,Novembro,2025-11,Nov/2025,Sexta,Sex,5,46,2025-11-10,10/11 - 16/11/2025,CARINAS,CASA,107715.26
2025-11-14,2025,11,14,Nov,Novembro,2025-11,Nov/2025,Sexta,Sex,5,46,2025-11-10,10/11 - 16/11/2025,CARINAS,DELIVERY,1901.27
2025-11-14,2025,11,14,Nov,Novembro,2025-11,Nov/2025,Sexta,Sex,5,46,2025-11-10,10/11 - 16/11/2025,CHÁCARA,CASA,12376.98
2025-11-14,2025,11,14,Nov,Novembro,2025-11,Nov/2025,Sexta,Sex,5,46,2025-11-10,10/11 - 16/11/2025,CHÁCARA,DELIVERY,2189.3
2025-11-14,2025,11,14,Nov,Novembro,2025-11,Nov/2025,Sexta,Sex,5,46,2025-11-10,10/11 - 16/11/2025,LAPA,CASA,19100.19
2025-11-14,2025,11,14,Nov,Novembro,2025-11,Nov/2025,Sexta,Sex,5,46,2025-11-10,10/11 - 16/11/2025,LAPA,DELIVERY,3068.49
2025-11-14,2025,11,14,Nov,Novembro,2025-11,Nov/2025,Sexta,Sex,5,46,2025-11-10,10/11 - 16/11/2025,PAVÃO,CASA,20523.93
2025-11-14,2025,11,14,Nov,Novembro,2025-11,Nov/2025,Sexta,Sex,5,46,2025-11-10,10/11 - 16/11/2025,PAVÃO,DELIVERY,972.4
2025-11-14,2025,11,14,Nov,Novembro,2025-11,Nov/2025,Sexta,Sex,5,46,2025-11-10,10/11 - 16/11/2025,PERDIZES,CASA,45887.24
2025-11-14,2025,11,14,Nov,Novembro,2025-11,Nov/2025,Sexta,Sex,5,46,2025-11-10,10/11 - 16/11/2025,PERDIZES,DELIVERY,1339.37
2025-11-14,2025,11,14,Nov,Novembro,2025-11,Nov/2025,Sexta,Sex,5,46,2025-11-10,10/11 - 16/11/2025,SANTANA,CASA,56844.24
2025-11-14,2025,11,14,Nov,Novembro,2025-11,Nov/2025,Sexta,Sex,5,46,2025-11-10,10/11 - 16/11/2025,SANTANA,DELIVERY,1815.39
2025-11-14,2025,11,14,Nov,Novembro,2025-11,Nov/2025,Sexta,Sex,5,46,2025-11-10,10/11 - 16/11/2025,SANTO ANDRÉ,CASA,49044.52
2025-11-14,2025,11,14,Nov,Novembro,2025-11,Nov/2025,Sexta,Sex,5,46,2025-11-10,10/11 - 16/11/2025,SANTO ANDRÉ,DELIVERY,688.8
2025-11-14,2025,11,14,Nov,Novembro,2025-11,Nov/2025,Sexta,Sex,5,46,2025-11-10,10/11 - 16/11/2025,TATUAPÉ,CASA,42141.96
2025-11-14,2025,11,14,Nov,Novembro,2025-11,Nov/2025,Sexta,Sex,5,46,2025-11-10,10/11 - 16/11/2025,TATUAPÉ,DELIVERY,2173.72
2025-11-14,2025,11,14,Nov,Novembro,2025-11,Nov/2025,Sexta,Sex,5,46,2025-11-10,10/11 - 16/11/2025,VILA MADALENA,CASA,29790.03
2025-11-14,2025,11,14,Nov,Novembro,2025-11,Nov/2025,Sexta,Sex,5,46,2025-11-10,10/11 - 16/11/2025,VILA MADALENA,DELIVERY,2947.38
2025-11-14,2025,11,14,Nov,Novembro,2025-11,Nov/2025,Sexta,Sex,5,46,2025-11-10,10/11 - 16/11/2025,VILA MARIANA,CASA,24417.0
2025-11-14,2025,11,14,Nov,Novembro,2025-11,Nov/2025,Sexta,Sex,5,46,2025-11-10,10/11 - 16/11/2025,VILA MARIANA,DELIVERY,3516.79
2025-11-15,2025,11,15,Nov,Novembro,2025-11,Nov/2025,Sábado,Sáb,6,46,2025-11-10,10/11 - 16/11/2025,CARINAS,CASA,161281.78
2025-11-15,2025,11,15,Nov,Novembro,2025-11,Nov/2025,Sábado,Sáb,6,46,2025-11-10,10/11 - 16/11/2025,CARINAS,DELIVERY,3497.7
2025-11-15,2025,11,15,Nov,Novembro,2025-11,Nov/2025,Sábado,Sáb,6,46,2025-11-10,10/11 - 16/11/2025,CHÁCARA,CASA,18568.15
2025-11-15,2025,11,15,Nov,Novembro,2025-11,Nov/2025,Sábado,Sáb,6,46,2025-11-10,10/11 - 16/11/2025,CHÁCARA,DELIVERY,3185.3
2025-11-15,2025,11,15,Nov,Novembro,2025-11,Nov/2025,Sábado,Sáb,6,46,2025-11-10,10/11 - 16/11/2025,LAPA,CASA,43640.72
2025-11-15,2025,11,15,Nov,Novembro,2025-11,Nov/2025,Sábado,Sáb,6,46,2025-11-10,10/11 - 16/11/2025,LAPA,DELIVERY,3807.96
2025-11-15,2025,11,15,Nov,Novembro,2025-11,Nov/2025,Sábado,Sáb,6,46,2025-11-10,10/11 - 16/11/2025,PAVÃO,CASA,30226.55
2025-11-15,2025,11,15,Nov,Novembro,2025-11,Nov/2025,Sábado,Sáb,6,46,2025-11-10,10/11 - 16/11/2025,PAVÃO,DELIVERY,1601.39
2025-11-15,2025,11,15,Nov,Novembro,2025-11,Nov/2025,Sábado,Sáb,6,46,2025-11-10,10/11 - 16/11/2025,PERDIZES,CASA,40176.99
2025-11-15,2025,11,15,Nov,Novembro,2025-11,Nov/2025,Sábado,Sáb,6,46,2025-11-10,10/11 - 16/11/2025,PERDIZES,DELIVERY,4174.3
2025-11-15,2025,11,15,Nov,Novembro,2025-11,Nov/2025,Sábado,Sáb,6,46,2025-11-10,10/11 - 16/11/2025,SANTANA,CASA,125629.75
2025-11-15,2025,11,15,Nov,Novembro,2025-11,Nov/2025,Sábado,Sáb,6,46,2025-11-10,10/11 - 16/11/2025,SANTANA,DELIVERY,5259.54
2025-11-15,2025,11,15,Nov,Novembro,2025-11,Nov/2025,Sábado,Sáb,6,46,2025-11-10,10/11 - 16/11/2025,SANTO ANDRÉ,CASA,128336.2
2025-11-15,2025,11,15,Nov,Novembro,2025-11,Nov/2025,Sábado,Sáb,6,46,2025-11-10,10/11 - 16/11/2025,SANTO ANDRÉ,DELIVERY,1585.19
2025-11-15,2025,11,15,Nov,Novembro,2025-11,Nov/2025,Sábado,Sáb,6,46,2025-11-10,10/11 - 16/11/2025,TATUAPÉ,CASA,157736.13
2025-11-15,2025,11,15,Nov,Novembro,2025-11,Nov/2025,Sábado,Sáb,6,46,2025-11-10,10/11 - 16/11/2025,TATUAPÉ,DELIVERY,4297.11
2025-11-15,2025,11,15,Nov,Novembro,2025-11,Nov/2025,Sábado,Sáb,6,46,2025-11-10,10/11 - 16/11/2025,VILA MADALENA,CASA,47074.92
2025-11-15,2025,11,15,Nov,Novembro,2025-11,Nov/2025,Sábado,Sáb,6,46,2025-11-10,10/11 - 16/11/2025,VILA MADALENA,DELIVERY,1368.38
2025-11-15,2025,11,15,Nov,Novembro,2025-11,Nov/2025,Sábado,Sáb,6,46,2025-11-10,10/11 - 16/11/2025,VILA MARIANA,CASA,42096.11
2025-11-15,2025,11,15,Nov,Novembro,2025-11,Nov/2025,Sábado,Sáb,6,46,2025-11-10,10/11 - 16/11/2025,VILA MARIANA,DELIVERY,5818.9
2025-11-16,2025,11,16,Nov,Novembro,2025-11,Nov/2025,Domingo,Dom,7,46,2025-11-10,10/11 - 16/11/2025,CARINAS,CASA,84753.66
2025-11-16,2025,11,16,Nov,Novembro,2025-11,Nov/2025,Domingo,Dom,7,46,2025-11-10,10/11 - 16/11/2025,CARINAS,DELIVERY,4025.4
2025-11-16,2025,11,16,Nov,Novembro,2025-11,Nov/2025,Domingo,Dom,7,46,2025-11-10,10/11 - 16/11/2025,CHÁCARA,CASA,5838.34
2025-11-16,2025,11,16,Nov,Novembro,2025-11,Nov/2025,Domingo,Dom,7,46,2025-11-10,10/11 - 16/11/2025,CHÁCARA,DELIVERY,2773.5
2025-11-16,2025,11,16,Nov,Novembro,2025-11,Nov/2025,Domingo,Dom,7,46,2025-11-10,10/11 - 16/11/2025,LAPA,CASA,20652.34
2025-11-16,2025,11,16,Nov,Novembro,2025-11,Nov/2025,Domingo,Dom,7,46,2025-11-10,10/11 - 16/11/2025,LAPA,DELIVERY,4594.78
2025-11-16,2025,11,16,Nov,Novembro,2025-11,Nov/2025,Domingo,Dom,7,46,2025-11-10,10/11 - 16/11/2025,PAVÃO,CASA,12861.86
2025-11-16,2025,11,16,Nov,Novembro,2025-11,Nov/2025,Domingo,Dom,7,46,2025-11-10,10/11 - 16/11/2025,PAVÃO,DELIVERY,3197.21
2025-11-16,2025,11,16,Nov,Novembro,2025-11,Nov/2025,Domingo,Dom,7,46,2025-11-10,10/11 - 16/11/2025,PERDIZES,CASA,8050.39
2025-11-16,2025,11,16,Nov,Novembro,2025-11,Nov/2025,Domingo,Dom,7,46,2025-11-10,10/11 - 16/11/2025,PERDIZES,DELIVERY,3837.1
2025-11-16,2025,11,16,Nov,Novembro,2025-11,Nov/2025,Domingo,Dom,7,46,2025-11-10,10/11 - 16/11/2025,SANTANA,CASA,57880.57
2025-11-16,2025,11,16,Nov,Novembro,2025-11,Nov/2025,Domingo,Dom,7,46,2025-11-10,10/11 - 16/11/2025,SANTANA,DELIVERY,4333.26
2025-11-16,2025,11,16,Nov,Novembro,2025-11,Nov/2025,Domingo,Dom,7,46,2025-11-10,10/11 - 16/11/2025,SANTO ANDRÉ,CASA,37708.43
2025-11-16,2025,11,16,Nov,Novembro,2025-11,Nov/2025,Domingo,Dom,7,46,2025-11-10,10/11 - 16/11/2025,SANTO ANDRÉ,DELIVERY,1677.2
2025-11-16,2025,11,16,Nov,Novembro,2025-11,Nov/2025,Domingo,Dom,7,46,2025-11-10,10/11 - 16/11/2025,TATUAPÉ,CASA,65767.6
2025-11-16,2025,11,16,Nov,Novembro,2025-11,Nov/2025,Domingo,Dom,7,46,2025-11-10,10/11 - 16/11/2025,TATUAPÉ,DELIVERY,3406.71
2025-11-16,2025,11,16,Nov,Novembro,2025-11,Nov/2025,Domingo,Dom,7,46,2025-11-10,10/11 - 16/11/2025,VILA MADALENA,CASA,8687.8
2025-11-16,2025,11,16,Nov,Novembro,2025-11,Nov/2025,Domingo,Dom,7,46,2025-11-10,10/11 - 16/11/2025,VILA MADALENA,DELIVERY,1558.59
2025-11-16,2025,11,16,Nov,Novembro,2025-11,Nov/2025,Domingo,Dom,7,46,2025-11-10,10/11 - 16/11/2025,VILA MARIANA,CASA,26071.0
2025-11-16,2025,11,16,Nov,Novembro,2025-11,Nov/2025,Domingo,Dom,7,46,2025-11-10,10/11 - 16/11/2025,VILA MARIANA,DELIVERY,6299.86
2025-11-17,2025,11,17,Nov,Novembro,2025-11,Nov/2025,Segunda,Seg,1,47,2025-11-17,17/11 - 23/11/2025,VILA MADALENA,CASA,21376.76
2025-11-18,2025,11,18,Nov,Novembro,2025-11,Nov/2025,Terça,Ter,2,47,2025-11-17,17/11 - 23/11/2025,CARINAS,CASA,131360.29
2025-11-18,2025,11,18,Nov,Novembro,2025-11,Nov/2025,Terça,Ter,2,47,2025-11-17,17/11 - 23/11/2025,CARINAS,DELIVERY,2667.4
2025-11-18,2025,11,18,Nov,Novembro,2025-11,Nov/2025,Terça,Ter,2,47,2025-11-17,17/11 - 23/11/2025,CHÁCARA,CASA,1012.82
2025-11-18,2025,11,18,Nov,Novembro,2025-11,Nov/2025,Terça,Ter,2,47,2025-11-17,17/11 - 23/11/2025,CHÁCARA,DELIVERY,1785.5
2025-11-18,2025,11,18,Nov,Novembro,2025-11,Nov/2025,Terça,Ter,2,47,2025-11-17,17/11 - 23/11/2025,LAPA,CASA,3012.19
2025-11-18,2025,11,18,Nov,Novembro,2025-11,Nov/2025,Terça,Ter,2,47,2025-11-17,17/11 - 23/11/2025,LAPA,DELIVERY,1491.89
2025-11-18,2025,11,18,Nov,Novembro,2025-11,Nov/2025,Terça,Ter,2,47,2025-11-17,17/11 - 23/11/2025,PAVÃO,CASA,2932.9
2025-11-18,2025,11,18,Nov,Novembro,2025-11,Nov/2025,Terça,Ter,2,47,2025-11-17,17/11 - 23/11/2025,PAVÃO,DELIVERY,935.84
2025-11-18,2025,11,18,Nov,Novembro,2025-11,Nov/2025,Terça,Ter,2,47,2025-11-17,17/11 - 23/11/2025,PERDIZES,CASA,47397.9
2025-11-18,2025,11,18,Nov,Novembro,2025-11,Nov/2025,Terça,Ter,2,47,2025-11-17,17/11 - 23/11/2025,PERDIZES,DELIVERY,1475.79
2025-11-18,2025,11,18,Nov,Novembro,2025-11,Nov/2025,Terça,Ter,2,47,2025-11-17,17/11 - 23/11/2025,SANTANA,CASA,2134.88
2025-11-18,2025,11,18,Nov,Novembro,2025-11,Nov/2025,Terça,Ter,2,47,2025-11-17,17/11 - 23/11/2025,SANTANA,DELIVERY,2384.39
2025-11-18,2025,11,18,Nov,Novembro,2025-11,Nov/2025,Terça,Ter,2,47,2025-11-17,17/11 - 23/11/2025,SANTO ANDRÉ,CASA,51436.24
2025-11-18,2025,11,18,Nov,Novembro,2025-11,Nov/2025,Terça,Ter,2,47,2025-11-17,17/11 - 23/11/2025,SANTO ANDRÉ,DELIVERY,64.6
2025-11-18,2025,11,18,Nov,Novembro,2025-11,Nov/2025,Terça,Ter,2,47,2025-11-17,17/11 - 23/11/2025,TATUAPÉ,CASA,16344.51
2025-11-18,2025,11,18,Nov,Novembro,2025-11,Nov/2025,Terça,Ter,2,47,2025-11-17,17/11 - 23/11/2025,TATUAPÉ,DELIVERY,1508.67
2025-11-18,2025,11,18,Nov,Novembro,2025-11,Nov/2025,Terça,Ter,2,47,2025-11-17,17/11 - 23/11/2025,VILA MADALENA,CASA,4727.68
2025-11-18,2025,11,18,Nov,Novembro,2025-11,Nov/2025,Terça,Ter,2,47,2025-11-17,17/11 - 23/11/2025,VILA MADALENA,DELIVERY,1305.2
2025-11-18,2025,11,18,Nov,Novembro,2025-11,Nov/2025,Terça,Ter,2,47,2025-11-17,17/11 - 23/11/2025,VILA MARIANA,CASA,16980.25
2025-11-18,2025,11,18,Nov,Novembro,2025-11,Nov/2025,Terça,Ter,2,47,2025-11-17,17/11 - 23/11/2025,VILA MARIANA,DELIVERY,4027.5
2025-11-19,2025,11,19,Nov,Novembro,2025-11,Nov/2025,Quarta,Qua,3,47,2025-11-17,17/11 - 23/11/2025,CARINAS,CASA,204069.9
2025-11-19,2025,11,19,Nov,Novembro,2025-11,Nov/2025,Quarta,Qua,3,47,2025-11-17,17/11 - 23/11/2025,CARINAS,DELIVERY,1646.18
2025-11-19,2025,11,19,Nov,Novembro,2025-11,Nov/2025,Quarta,Qua,3,47,2025-11-17,17/11 - 23/11/2025,CHÁCARA,CASA,3982.44
2025-11-19,2025,11,19,Nov,Novembro,2025-11,Nov/2025,Quarta,Qua,3,47,2025-11-17,17/11 - 23/11/2025,CHÁCARA,DELIVERY,1284.2
2025-11-19,2025,11,19,Nov,Novembro,2025-11,Nov/2025,Quarta,Qua,3,47,2025-11-17,17/11 - 23/11/2025,LAPA,CASA,14503.92
2025-11-19,2025,11,19,Nov,Novembro,2025-11,Nov/2025,Quarta,Qua,3,47,2025-11-17,17/11 - 23/11/2025,LAPA,DELIVERY,1343.87
2025-11-19,2025,11,19,Nov,Novembro,2025-11,Nov/2025,Quarta,Qua,3,47,2025-11-17,17/11 - 23/11/2025,PAVÃO,CASA,75918.23
2025-11-19,2025,11,19,Nov,Novembro,2025-11,Nov/2025,Quarta,Qua,3,47,2025-11-17,17/11 - 23/11/2025,PAVÃO,DELIVERY,1876.01
2025-11-19,2025,11,19,Nov,Novembro,2025-11,Nov/2025,Quarta,Qua,3,47,2025-11-17,17/11 - 23/11/2025,PERDIZES,CASA,7913.54
2025-11-19,2025,11,19,Nov,Novembro,2025-11,Nov/2025,Quarta,Qua,3,47,2025-11-17,17/11 - 23/11/2025,PERDIZES,DELIVERY,1843.29
2025-11-19,2025,11,19,Nov,Novembro,2025-11,Nov/2025,Quarta,Qua,3,47,2025-11-17,17/11 - 23/11/2025,SANTANA,CASA,18704.69
2025-11-19,2025,11,19,Nov,Novembro,2025-11,Nov/2025,Quarta,Qua,3,47,2025-11-17,17/11 - 23/11/2025,SANTANA,DELIVERY,1743.09
2025-11-19,2025,11,19,Nov,Novembro,2025-11,Nov/2025,Quarta,Qua,3,47,2025-11-17,17/11 - 23/11/2025,SANTO ANDRÉ,CASA,83682.86
2025-11-19,2025,11,19,Nov,Novembro,2025-11,Nov/2025,Quarta,Qua,3,47,2025-11-17,17/11 - 23/11/2025,SANTO ANDRÉ,DELIVERY,512.7
2025-11-19,2025,11,19,Nov,Novembro,2025-11,Nov/2025,Quarta,Qua,3,47,2025-11-17,17/11 - 23/11/2025,TATUAPÉ,CASA,55514.36
2025-11-19,2025,11,19,Nov,Novembro,2025-11,Nov/2025,Quarta,Qua,3,47,2025-11-17,17/11 - 23/11/2025,TATUAPÉ,DELIVERY,2534.33
2025-11-19,2025,11,19,Nov,Novembro,2025-11,Nov/2025,Quarta,Qua,3,47,2025-11-17,17/11 - 23/11/2025,VILA MADALENA,CASA,22654.98
2025-11-19,2025,11,19,Nov,Novembro,2025-11,Nov/2025,Quarta,Qua,3,47,2025-11-17,17/11 - 23/11/2025,VILA MADALENA,DELIVERY,507.7
2025-11-19,2025,11,19,Nov,Novembro,2025-11,Nov/2025,Quarta,Qua,3,47,2025-11-17,17/11 - 23/11/2025,VILA MARIANA,CASA,23135.82
2025-11-19,2025,11,19,Nov,Novembro,2025-11,Nov/2025,Quarta,Qua,3,47,2025-11-17,17/11 - 23/11/2025,VILA MARIANA,DELIVERY,4142.07
2025-11-20,2025,11,20,Nov,Novembro,2025-11,Nov/2025,Quinta,Qui,4,47,2025-11-17,17/11 - 23/11/2025,CARINAS,CASA,30308.5
2025-11-20,2025,11,20,Nov,Novembro,2025-11,Nov/2025,Quinta,Qui,4,47,2025-11-17,17/11 - 23/11/2025,CARINAS,DELIVERY,2141.68
2025-11-20,2025,11,20,Nov,Novembro,2025-11,Nov/2025,Quinta,Qui,4,47,2025-11-17,17/11 - 23/11/2025,CHÁCARA,CASA,14506.29
2025-11-20,2025,11,20,Nov,Novembro,2025-11,Nov/2025,Quinta,Qui,4,47,2025-11-17,17/11 - 23/11/2025,CHÁCARA,DELIVERY,3156.7
2025-11-20,2025,11,20,Nov,Novembro,2025-11,Nov/2025,Quinta,Qui,4,47,2025-11-17,17/11 - 23/11/2025,LAPA,CASA,20934.07
2025-11-20,2025,11,20,Nov,Novembro,2025-11,Nov/2025,Quinta,Qui,4,47,2025-11-17,17/11 - 23/11/2025,LAPA,DELIVERY,3576.27
2025-11-20,2025,11,20,Nov,Novembro,2025-11,Nov/2025,Quinta,Qui,4,47,2025-11-17,17/11 - 23/11/2025,PAVÃO,CASA,13633.1
2025-11-20,2025,11,20,Nov,Novembro,2025-11,Nov/2025,Quinta,Qui,4,47,2025-11-17,17/11 - 23/11/2025,PAVÃO,DELIVERY,1043.52
2025-11-20,2025,11,20,Nov,Novembro,2025-11,Nov/2025,Quinta,Qui,4,47,2025-11-17,17/11 - 23/11/2025,PERDIZES,CASA,22270.54
2025-11-20,2025,11,20,Nov,Novembro,2025-11,Nov/2025,Quinta,Qui,4,47,2025-11-17,17/11 - 23/11/2025,PERDIZES,DELIVERY,2745.89
2025-11-20,2025,11,20,Nov,Novembro,2025-11,Nov/2025,Quinta,Qui,4,47,2025-11-17,17/11 - 23/11/2025,SANTANA,CASA,42435.13
2025-11-20,2025,11,20,Nov,Novembro,2025-11,Nov/2025,Quinta,Qui,4,47,2025-11-17,17/11 - 23/11/2025,SANTANA,DELIVERY,4788.48
2025-11-20,2025,11,20,Nov,Novembro,2025-11,Nov/2025,Quinta,Qui,4,47,2025-11-17,17/11 - 23/11/2025,SANTO ANDRÉ,CASA,30141.17
2025-11-20,2025,11,20,Nov,Novembro,2025-11,Nov/2025,Quinta,Qui,4,47,2025-11-17,17/11 - 23/11/2025,SANTO ANDRÉ,DELIVERY,2600.08
2025-11-20,2025,11,20,Nov,Novembro,2025-11,Nov/2025,Quinta,Qui,4,47,2025-11-17,17/11 - 23/11/2025,TATUAPÉ,CASA,43712.47
2025-11-20,2025,11,20,Nov,Novembro,2025-11,Nov/2025,Quinta,Qui,4,47,2025-11-17,17/11 - 23/11/2025,TATUAPÉ,DELIVERY,2973.97
2025-11-20,2025,11,20,Nov,Novembro,2025-11,Nov/2025,Quinta,Qui,4,47,2025-11-17,17/11 - 23/11/2025,VILA MADALENA,CASA,17724.63
2025-11-20,2025,11,20,Nov,Novembro,2025-11,Nov/2025,Quinta,Qui,4,47,2025-11-17,17/11 - 23/11/2025,VILA MADALENA,DELIVERY,1818.4
2025-11-20,2025,11,20,Nov,Novembro,2025-11,Nov/2025,Quinta,Qui,4,47,2025-11-17,17/11 - 23/11/2025,VILA MARIANA,CASA,36925.17
2025-11-20,2025,11,20,Nov,Novembro,2025-11,Nov/2025,Quinta,Qui,4,47,2025-11-17,17/11 - 23/11/2025,VILA MARIANA,DELIVERY,6089.9
2025-11-21,2025,11,21,Nov,Novembro,2025-11,Nov/2025,Sexta,Sex,5,47,2025-11-17,17/11 - 23/11/2025,CARINAS,CASA,28555.57
2025-11-21,2025,11,21,Nov,Novembro,2025-11,Nov/2025,Sexta,Sex,5,47,2025-11-17,17/11 - 23/11/2025,CARINAS,DELIVERY,984.29
2025-11-21,2025,11,21,Nov,Novembro,2025-11,Nov/2025,Sexta,Sex,5,47,2025-11-17,17/11 - 23/11/2025,CHÁCARA,CASA,3485.55
2025-11-21,2025,11,21,Nov,Novembro,2025-11,Nov/2025,Sexta,Sex,5,47,2025-11-17,17/11 - 23/11/2025,CHÁCARA,DELIVERY,1879.0
2025-11-21,2025,11,21,Nov,Novembro,2025-11,Nov/2025,Sexta,Sex,5,47,2025-11-17,17/11 - 23/11/2025,LAPA,CASA,13737.33
2025-11-21,2025,11,21,Nov,Novembro,2025-11,Nov/2025,Sexta,Sex,5,47,2025-11-17,17/11 - 23/11/2025,LAPA,DELIVERY,1879.7
2025-11-21,2025,11,21,Nov,Novembro,2025-11,Nov/2025,Sexta,Sex,5,47,2025-11-17,17/11 - 23/11/2025,PAVÃO,CASA,11471.58
2025-11-21,2025,11,21,Nov,Novembro,2025-11,Nov/2025,Sexta,Sex,5,47,2025-11-17,17/11 - 23/11/2025,PAVÃO,DELIVERY,1731.35
2025-11-21,2025,11,21,Nov,Novembro,2025-11,Nov/2025,Sexta,Sex,5,47,2025-11-17,17/11 - 23/11/2025,PERDIZES,CASA,16927.31
2025-11-21,2025,11,21,Nov,Novembro,2025-11,Nov/2025,Sexta,Sex,5,47,2025-11-17,17/11 - 23/11/2025,PERDIZES,DELIVERY,966.7
2025-11-21,2025,11,21,Nov,Novembro,2025-11,Nov/2025,Sexta,Sex,5,47,2025-11-17,17/11 - 23/11/2025,SANTANA,CASA,21939.12
2025-11-21,2025,11,21,Nov,Novembro,2025-11,Nov/2025,Sexta,Sex,5,47,2025-11-17,17/11 - 23/11/2025,SANTANA,DELIVERY,2259.67
2025-11-21,2025,11,21,Nov,Novembro,2025-11,Nov/2025,Sexta,Sex,5,47,2025-11-17,17/11 - 23/11/2025,SANTO ANDRÉ,CASA,17895.44
2025-11-21,2025,11,21,Nov,Novembro,2025-11,Nov/2025,Sexta,Sex,5,47,2025-11-17,17/11 - 23/11/2025,SANTO ANDRÉ,DELIVERY,1072.2
2025-11-21,2025,11,21,Nov,Novembro,2025-11,Nov/2025,Sexta,Sex,5,47,2025-11-17,17/11 - 23/11/2025,TATUAPÉ,CASA,22613.04
2025-11-21,2025,11,21,Nov,Novembro,2025-11,Nov/2025,Sexta,Sex,5,47,2025-11-17,17/11 - 23/11/2025,TATUAPÉ,DELIVERY,1694.51
2025-11-21,2025,11,21,Nov,Novembro,2025-11,Nov/2025,Sexta,Sex,5,47,2025-11-17,17/11 - 23/11/2025,VILA MADALENA,CASA,17320.66
2025-11-21,2025,11,21,Nov,Novembro,2025-11,Nov/2025,Sexta,Sex,5,47,2025-11-17,17/11 - 23/11/2025,VILA MADALENA,DELIVERY,717.5
2025-11-21,2025,11,21,Nov,Novembro,2025-11,Nov/2025,Sexta,Sex,5,47,2025-11-17,17/11 - 23/11/2025,VILA MARIANA,CASA,23636.73
2025-11-21,2025,11,21,Nov,Novembro,2025-11,Nov/2025,Sexta,Sex,5,47,2025-11-17,17/11 - 23/11/2025,VILA MARIANA,DELIVERY,4273.49
2025-11-22,2025,11,22,Nov,Novembro,2025-11,Nov/2025,Sábado,Sáb,6,47,2025-11-17,17/11 - 23/11/2025,CARINAS,CASA,138386.12
2025-11-22,2025,11,22,Nov,Novembro,2025-11,Nov/2025,Sábado,Sáb,6,47,2025-11-17,17/11 - 23/11/2025,CARINAS,DELIVERY,2390.2
2025-11-22,2025,11,22,Nov,Novembro,2025-11,Nov/2025,Sábado,Sáb,6,47,2025-11-17,17/11 - 23/11/2025,CHÁCARA,CASA,21127.83
2025-11-22,2025,11,22,Nov,Novembro,2025-11,Nov/2025,Sábado,Sáb,6,47,2025-11-17,17/11 - 23/11/2025,CHÁCARA,DELIVERY,3010.1
2025-11-22,2025,11,22,Nov,Novembro,2025-11,Nov/2025,Sábado,Sáb,6,47,2025-11-17,17/11 - 23/11/2025,LAPA,CASA,35102.21
2025-11-22,2025,11,22,Nov,Novembro,2025-11,Nov/2025,Sábado,Sáb,6,47,2025-11-17,17/11 - 23/11/2025,LAPA,DELIVERY,5685.87
2025-11-22,2025,11,22,Nov,Novembro,2025-11,Nov/2025,Sábado,Sáb,6,47,2025-11-17,17/11 - 23/11/2025,PAVÃO,CASA,23479.83
2025-11-22,2025,11,22,Nov,Novembro,2025-11,Nov/2025,Sábado,Sáb,6,47,2025-11-17,17/11 - 23/11/2025,PAVÃO,DELIVERY,1725.29
2025-11-22,2025,11,22,Nov,Novembro,2025-11,Nov/2025,Sábado,Sáb,6,47,2025-11-17,17/11 - 23/11/2025,PERDIZES,CASA,47378.88
2025-11-22,2025,11,22,Nov,Novembro,2025-11,Nov/2025,Sábado,Sáb,6,47,2025-11-17,17/11 - 23/11/2025,PERDIZES,DELIVERY,2385.98
2025-11-22,2025,11,22,Nov,Novembro,2025-11,Nov/2025,Sábado,Sáb,6,47,2025-11-17,17/11 - 23/11/2025,SANTANA,CASA,63157.47
2025-11-22,2025,11,22,Nov,Novembro,2025-11,Nov/2025,Sábado,Sáb,6,47,2025-11-17,17/11 - 23/11/2025,SANTANA,DELIVERY,5889.96
2025-11-22,2025,11,22,Nov,Novembro,2025-11,Nov/2025,Sábado,Sáb,6,47,2025-11-17,17/11 - 23/11/2025,SANTO ANDRÉ,CASA,59571.45
2025-11-22,2025,11,22,Nov,Novembro,2025-11,Nov/2025,Sábado,Sáb,6,47,2025-11-17,17/11 - 23/11/2025,SANTO ANDRÉ,DELIVERY,1665.6
2025-11-22,2025,11,22,Nov,Novembro,2025-11,Nov/2025,Sábado,Sáb,6,47,2025-11-17,17/11 - 23/11/2025,TATUAPÉ,CASA,99342.23
2025-11-22,2025,11,22,Nov,Novembro,2025-11,Nov/2025,Sábado,Sáb,6,47,2025-11-17,17/11 - 23/11/2025,TATUAPÉ,DELIVERY,2990.86
2025-11-22,2025,11,22,Nov,Novembro,2025-11,Nov/2025,Sábado,Sáb,6,47,2025-11-17,17/11 - 23/11/2025,VILA MADALENA,CASA,29137.59
2025-11-22,2025,11,22,Nov,Novembro,2025-11,Nov/2025,Sábado,Sáb,6,47,2025-11-17,17/11 - 23/11/2025,VILA MADALENA,DELIVERY,1675.49
2025-11-22,2025,11,22,Nov,Novembro,2025-11,Nov/2025,Sábado,Sáb,6,47,2025-11-17,17/11 - 23/11/2025,VILA MARIANA,CASA,46260.12
2025-11-22,2025,11,22,Nov,Novembro,2025-11,Nov/2025,Sábado,Sáb,6,47,2025-11-17,17/11 - 23/11/2025,VILA MARIANA,DELIVERY,4671.3
2025-11-23,2025,11,23,Nov,Novembro,2025-11,Nov/2025,Domingo,Dom,7,47,2025-11-17,17/11 - 23/11/2025,CARINAS,CASA,47921.87
2025-11-23,2025,11,23,Nov,Novembro,2025-11,Nov/2025,Domingo,Dom,7,47,2025-11-17,17/11 - 23/11/2025,CARINAS,DELIVERY,5804.6
2025-11-23,2025,11,23,Nov,Novembro,2025-11,Nov/2025,Domingo,Dom,7,47,2025-11-17,17/11 - 23/11/2025,CHÁCARA,CASA,7242.68
2025-11-23,2025,11,23,Nov,Novembro,2025-11,Nov/2025,Domingo,Dom,7,47,2025-11-17,17/11 - 23/11/2025,CHÁCARA,DELIVERY,2564.0
2025-11-23,2025,11,23,Nov,Novembro,2025-11,Nov/2025,Domingo,Dom,7,47,2025-11-17,17/11 - 23/11/2025,LAPA,CASA,22201.24
2025-11-23,2025,11,23,Nov,Novembro,2025-11,Nov/2025,Domingo,Dom,7,47,2025-11-17,17/11 - 23/11/2025,LAPA,DELIVERY,3679.36
2025-11-23,2025,11,23,Nov,Novembro,2025-11,Nov/2025,Domingo,Dom,7,47,2025-11-17,17/11 - 23/11/2025,PAVÃO,CASA,9048.28
2025-11-23,2025,11,23,Nov,Novembro,2025-11,Nov/2025,Domingo,Dom,7,47,2025-11-17,17/11 - 23/11/2025,PAVÃO,DELIVERY,1961.12
2025-11-23,2025,11,23,Nov,Novembro,2025-11,Nov/2025,Domingo,Dom,7,47,2025-11-17,17/11 - 23/11/2025,PERDIZES,CASA,24628.66
2025-11-23,2025,11,23,Nov,Novembro,2025-11,Nov/2025,Domingo,Dom,7,47,2025-11-17,17/11 - 23/11/2025,PERDIZES,DELIVERY,3923.8
2025-11-23,2025,11,23,Nov,Novembro,2025-11,Nov/2025,Domingo,Dom,7,47,2025-11-17,17/11 - 23/11/2025,SANTANA,CASA,21832.61
2025-11-23,2025,11,23,Nov,Novembro,2025-11,Nov/2025,Domingo,Dom,7,47,2025-11-17,17/11 - 23/11/2025,SANTANA,DELIVERY,5294.0
2025-11-23,2025,11,23,Nov,Novembro,2025-11,Nov/2025,Domingo,Dom,7,47,2025-11-17,17/11 - 23/11/2025,SANTO ANDRÉ,CASA,62446.77
2025-11-23,2025,11,23,Nov,Novembro,2025-11,Nov/2025,Domingo,Dom,7,47,2025-11-17,17/11 - 23/11/2025,SANTO ANDRÉ,DELIVERY,1869.2
2025-11-23,2025,11,23,Nov,Novembro,2025-11,Nov/2025,Domingo,Dom,7,47,2025-11-17,17/11 - 23/11/2025,TATUAPÉ,CASA,72137.23
2025-11-23,2025,11,23,Nov,Novembro,2025-11,Nov/2025,Domingo,Dom,7,47,2025-11-17,17/11 - 23/11/2025,TATUAPÉ,DELIVERY,3397.18
2025-11-23,2025,11,23,Nov,Novembro,2025-11,Nov/2025,Domingo,Dom,7,47,2025-11-17,17/11 - 23/11/2025,VILA MADALENA,CASA,23020.92
2025-11-23,2025,11,23,Nov,Novembro,2025-11,Nov/2025,Domingo,Dom,7,47,2025-11-17,17/11 - 23/11/2025,VILA MADALENA,DELIVERY,1464.8
2025-11-23,2025,11,23,Nov,Novembro,2025-11,Nov/2025,Domingo,Dom,7,47,2025-11-17,17/11 - 23/11/2025,VILA MARIANA,CASA,34736.8
2025-11-23,2025,11,23,Nov,Novembro,2025-11,Nov/2025,Domingo,Dom,7,47,2025-11-17,17/11 - 23/11/2025,VILA MARIANA,DELIVERY,2654.19
2025-11-24,2025,11,24,Nov,Novembro,2025-11,Nov/2025,Segunda,Seg,1,48,2025-11-24,24/11 - 30/11/2025,CHÁCARA,CASA,70295.15
2025-11-24,2025,11,24,Nov,Novembro,2025-11,Nov/2025,Segunda,Seg,1,48,2025-11-24,24/11 - 30/11/2025,SANTANA,CASA,11630.37
2025-11-24,2025,11,24,Nov,Novembro,2025-11,Nov/2025,Segunda,Seg,1,48,2025-11-24,24/11 - 30/11/2025,SANTANA,DELIVERY,1754.3
2025-11-24,2025,11,24,Nov,Novembro,2025-11,Nov/2025,Segunda,Seg,1,48,2025-11-24,24/11 - 30/11/2025,TATUAPÉ,CASA,12438.58
2025-11-24,2025,11,24,Nov,Novembro,2025-11,Nov/2025,Segunda,Seg,1,48,2025-11-24,24/11 - 30/11/2025,TATUAPÉ,DELIVERY,1191.33
2025-11-24,2025,11,24,Nov,Novembro,2025-11,Nov/2025,Segunda,Seg,1,48,2025-11-24,24/11 - 30/11/2025,VILA MADALENA,CASA,6291.2
2025-11-24,2025,11,24,Nov,Novembro,2025-11,Nov/2025,Segunda,Seg,1,48,2025-11-24,24/11 - 30/11/2025,VILA MADALENA,DELIVERY,2151.59
2025-11-25,2025,11,25,Nov,Novembro,2025-11,Nov/2025,Terça,Ter,2,48,2025-11-24,24/11 - 30/11/2025,CARINAS,CASA,162996.57
2025-11-25,2025,11,25,Nov,Novembro,2025-11,Nov/2025,Terça,Ter,2,48,2025-11-24,24/11 - 30/11/2025,CARINAS,DELIVERY,614.0
2025-11-25,2025,11,25,Nov,Novembro,2025-11,Nov/2025,Terça,Ter,2,48,2025-11-24,24/11 - 30/11/2025,CHÁCARA,CASA,5262.94
2025-11-25,2025,11,25,Nov,Novembro,2025-11,Nov/2025,Terça,Ter,2,48,2025-11-24,24/11 - 30/11/2025,CHÁCARA,DELIVERY,1241.8
2025-11-25,2025,11,25,Nov,Novembro,2025-11,Nov/2025,Terça,Ter,2,48,2025-11-24,24/11 - 30/11/2025,LAPA,CASA,3226.61
2025-11-25,2025,11,25,Nov,Novembro,2025-11,Nov/2025,Terça,Ter,2,48,2025-11-24,24/11 - 30/11/2025,PAVÃO,CASA,17140.45
2025-11-25,2025,11,25,Nov,Novembro,2025-11,Nov/2025,Terça,Ter,2,48,2025-11-24,24/11 - 30/11/2025,PAVÃO,DELIVERY,856.95
2025-11-25,2025,11,25,Nov,Novembro,2025-11,Nov/2025,Terça,Ter,2,48,2025-11-24,24/11 - 30/11/2025,PERDIZES,CASA,10478.47
2025-11-25,2025,11,25,Nov,Novembro,2025-11,Nov/2025,Terça,Ter,2,48,2025-11-24,24/11 - 30/11/2025,PERDIZES,DELIVERY,1314.28
2025-11-25,2025,11,25,Nov,Novembro,2025-11,Nov/2025,Terça,Ter,2,48,2025-11-24,24/11 - 30/11/2025,SANTANA,CASA,3901.78
2025-11-25,2025,11,25,Nov,Novembro,2025-11,Nov/2025,Terça,Ter,2,48,2025-11-24,24/11 - 30/11/2025,SANTANA,DELIVERY,1981.09
2025-11-25,2025,11,25,Nov,Novembro,2025-11,Nov/2025,Terça,Ter,2,48,2025-11-24,24/11 - 30/11/2025,TATUAPÉ,CASA,10319.34
2025-11-25,2025,11,25,Nov,Novembro,2025-11,Nov/2025,Terça,Ter,2,48,2025-11-24,24/11 - 30/11/2025,TATUAPÉ,DELIVERY,603.49
2025-11-25,2025,11,25,Nov,Novembro,2025-11,Nov/2025,Terça,Ter,2,48,2025-11-24,24/11 - 30/11/2025,VILA MADALENA,CASA,5431.58
2025-11-25,2025,11,25,Nov,Novembro,2025-11,Nov/2025,Terça,Ter,2,48,2025-11-24,24/11 - 30/11/2025,VILA MADALENA,DELIVERY,1759.79
2025-11-25,2025,11,25,Nov,Novembro,2025-11,Nov/2025,Terça,Ter,2,48,2025-11-24,24/11 - 30/11/2025,VILA MARIANA,CASA,38078.19
2025-11-25,2025,11,25,Nov,Novembro,2025-11,Nov/2025,Terça,Ter,2,48,2025-11-24,24/11 - 30/11/2025,VILA MARIANA,DELIVERY,2789.6
2025-11-26,2025,11,26,Nov,Novembro,2025-11,Nov/2025,Quarta,Qua,3,48,2025-11-24,24/11 - 30/11/2025,CARINAS,CASA,140669.87
2025-11-26,2025,11,26,Nov,Novembro,2025-11,Nov/2025,Quarta,Qua,3,48,2025-11-24,24/11 - 30/11/2025,CARINAS,DELIVERY,1075.1
2025-11-26,2025,11,26,Nov,Novembro,2025-11,Nov/2025,Quarta,Qua,3,48,2025-11-24,24/11 - 30/11/2025,CHÁCARA,CASA,6260.42
2025-11-26,2025,11,26,Nov,Novembro,2025-11,Nov/2025,Quarta,Qua,3,48,2025-11-24,24/11 - 30/11/2025,CHÁCARA,DELIVERY,1590.2
2025-11-26,2025,11,26,Nov,Novembro,2025-11,Nov/2025,Quarta,Qua,3,48,2025-11-24,24/11 - 30/11/2025,LAPA,CASA,9548.91
2025-11-26,2025,11,26,Nov,Novembro,2025-11,Nov/2025,Quarta,Qua,3,48,2025-11-24,24/11 - 30/11/2025,LAPA,DELIVERY,2117.96
2025-11-26,2025,11,26,Nov,Novembro,2025-11,Nov/2025,Quarta,Qua,3,48,2025-11-24,24/11 - 30/11/2025,PAVÃO,CASA,15387.77
2025-11-26,2025,11,26,Nov,Novembro,2025-11,Nov/2025,Quarta,Qua,3,48,2025-11-24,24/11 - 30/11/2025,PAVÃO,DELIVERY,1482.1
2025-11-26,2025,11,26,Nov,Novembro,2025-11,Nov/2025,Quarta,Qua,3,48,2025-11-24,24/11 - 30/11/2025,PERDIZES,CASA,128457.3
2025-11-26,2025,11,26,Nov,Novembro,2025-11,Nov/2025,Quarta,Qua,3,48,2025-11-24,24/11 - 30/11/2025,PERDIZES,DELIVERY,1255.4
2025-11-26,2025,11,26,Nov,Novembro,2025-11,Nov/2025,Quarta,Qua,3,48,2025-11-24,24/11 - 30/11/2025,SANTANA,CASA,11674.43
2025-11-26,2025,11,26,Nov,Novembro,2025-11,Nov/2025,Quarta,Qua,3,48,2025-11-24,24/11 - 30/11/2025,SANTANA,DELIVERY,2192.38
2025-11-26,2025,11,26,Nov,Novembro,2025-11,Nov/2025,Quarta,Qua,3,48,2025-11-24,24/11 - 30/11/2025,SANTO ANDRÉ,CASA,16363.38
2025-11-26,2025,11,26,Nov,Novembro,2025-11,Nov/2025,Quarta,Qua,3,48,2025-11-24,24/11 - 30/11/2025,SANTO ANDRÉ,DELIVERY,453.2
2025-11-26,2025,11,26,Nov,Novembro,2025-11,Nov/2025,Quarta,Qua,3,48,2025-11-24,24/11 - 30/11/2025,TATUAPÉ,CASA,1593.65
2025-11-26,2025,11,26,Nov,Novembro,2025-11,Nov/2025,Quarta,Qua,3,48,2025-11-24,24/11 - 30/11/2025,TATUAPÉ,DELIVERY,1365.84
2025-11-26,2025,11,26,Nov,Novembro,2025-11,Nov/2025,Quarta,Qua,3,48,2025-11-24,24/11 - 30/11/2025,VILA MADALENA,CASA,10399.47
2025-11-26,2025,11,26,Nov,Novembro,2025-11,Nov/2025,Quarta,Qua,3,48,2025-11-24,24/11 - 30/11/2025,VILA MADALENA,DELIVERY,433.2
2025-11-26,2025,11,26,Nov,Novembro,2025-11,Nov/2025,Quarta,Qua,3,48,2025-11-24,24/11 - 30/11/2025,VILA MARIANA,CASA,15894.7
2025-11-26,2025,11,26,Nov,Novembro,2025-11,Nov/2025,Quarta,Qua,3,48,2025-11-24,24/11 - 30/11/2025,VILA MARIANA,DELIVERY,2961.19
2025-11-27,2025,11,27,Nov,Novembro,2025-11,Nov/2025,Quinta,Qui,4,48,2025-11-24,24/11 - 30/11/2025,CARINAS,CASA,217046.8
2025-11-27,2025,11,27,Nov,Novembro,2025-11,Nov/2025,Quinta,Qui,4,48,2025-11-24,24/11 - 30/11/2025,CARINAS,DELIVERY,2718.5
2025-11-27,2025,11,27,Nov,Novembro,2025-11,Nov/2025,Quinta,Qui,4,48,2025-11-24,24/11 - 30/11/2025,CHÁCARA,CASA,114256.82
2025-11-27,2025,11,27,Nov,Novembro,2025-11,Nov/2025,Quinta,Qui,4,48,2025-11-24,24/11 - 30/11/2025,CHÁCARA,DELIVERY,2071.8
2025-11-27,2025,11,27,Nov,Novembro,2025-11,Nov/2025,Quinta,Qui,4,48,2025-11-24,24/11 - 30/11/2025,LAPA,CASA,17976.1
2025-11-27,2025,11,27,Nov,Novembro,2025-11,Nov/2025,Quinta,Qui,4,48,2025-11-24,24/11 - 30/11/2025,LAPA,DELIVERY,2622.79
2025-11-27,2025,11,27,Nov,Novembro,2025-11,Nov/2025,Quinta,Qui,4,48,2025-11-24,24/11 - 30/11/2025,PAVÃO,CASA,68057.13
2025-11-27,2025,11,27,Nov,Novembro,2025-11,Nov/2025,Quinta,Qui,4,48,2025-11-24,24/11 - 30/11/2025,PAVÃO,DELIVERY,587.0
2025-11-27,2025,11,27,Nov,Novembro,2025-11,Nov/2025,Quinta,Qui,4,48,2025-11-24,24/11 - 30/11/2025,PERDIZES,CASA,25882.91
2025-11-27,2025,11,27,Nov,Novembro,2025-11,Nov/2025,Quinta,Qui,4,48,2025-11-24,24/11 - 30/11/2025,PERDIZES,DELIVERY,268.3
2025-11-27,2025,11,27,Nov,Novembro,2025-11,Nov/2025,Quinta,Qui,4,48,2025-11-24,24/11 - 30/11/2025,SANTANA,CASA,65813.31
2025-11-27,2025,11,27,Nov,Novembro,2025-11,Nov/2025,Quinta,Qui,4,48,2025-11-24,24/11 - 30/11/2025,SANTANA,DELIVERY,2171.96
2025-11-27,2025,11,27,Nov,Novembro,2025-11,Nov/2025,Quinta,Qui,4,48,2025-11-24,24/11 - 30/11/2025,SANTO ANDRÉ,CASA,58672.28
2025-11-27,2025,11,27,Nov,Novembro,2025-11,Nov/2025,Quinta,Qui,4,48,2025-11-24,24/11 - 30/11/2025,SANTO ANDRÉ,DELIVERY,472.1
2025-11-27,2025,11,27,Nov,Novembro,2025-11,Nov/2025,Quinta,Qui,4,48,2025-11-24,24/11 - 30/11/2025,TATUAPÉ,CASA,24154.37
2025-11-27,2025,11,27,Nov,Novembro,2025-11,Nov/2025,Quinta,Qui,4,48,2025-11-24,24/11 - 30/11/2025,TATUAPÉ,DELIVERY,1215.54
2025-11-27,2025,11,27,Nov,Novembro,2025-11,Nov/2025,Quinta,Qui,4,48,2025-11-24,24/11 - 30/11/2025,VILA MADALENA,CASA,35904.91
2025-11-27,2025,11,27,Nov,Novembro,2025-11,Nov/2025,Quinta,Qui,4,48,2025-11-24,24/11 - 30/11/2025,VILA MADALENA,DELIVERY,1351.1
2025-11-27,2025,11,27,Nov,Novembro,2025-11,Nov/2025,Quinta,Qui,4,48,2025-11-24,24/11 - 30/11/2025,VILA MARIANA,CASA,17481.57
2025-11-27,2025,11,27,Nov,Novembro,2025-11,Nov/2025,Quinta,Qui,4,48,2025-11-24,24/11 - 30/11/2025,VILA MARIANA,DELIVERY,3812.18
2025-11-28,2025,11,28,Nov,Novembro,2025-11,Nov/2025,Sexta,Sex,5,48,2025-11-24,24/11 - 30/11/2025,CARINAS,CASA,455246.34
2025-11-28,2025,11,28,Nov,Novembro,2025-11,Nov/2025,Sexta,Sex,5,48,2025-11-24,24/11 - 30/11/2025,CARINAS,DELIVERY,3321.0
2025-11-28,2025,11,28,Nov,Novembro,2025-11,Nov/2025,Sexta,Sex,5,48,2025-11-24,24/11 - 30/11/2025,CHÁCARA,CASA,91359.16
2025-11-28,2025,11,28,Nov,Novembro,2025-11,Nov/2025,Sexta,Sex,5,48,2025-11-24,24/11 - 30/11/2025,CHÁCARA,DELIVERY,2259.8
2025-11-28,2025,11,28,Nov,Novembro,2025-11,Nov/2025,Sexta,Sex,5,48,2025-11-24,24/11 - 30/11/2025,LAPA,CASA,39651.39
2025-11-28,2025,11,28,Nov,Novembro,2025-11,Nov/2025,Sexta,Sex,5,48,2025-11-24,24/11 - 30/11/2025,LAPA,DELIVERY,3541.38
2025-11-28,2025,11,28,Nov,Novembro,2025-11,Nov/2025,Sexta,Sex,5,48,2025-11-24,24/11 - 30/11/2025,PAVÃO,CASA,88451.75
2025-11-28,2025,11,28,Nov,Novembro,2025-11,Nov/2025,Sexta,Sex,5,48,2025-11-24,24/11 - 30/11/2025,PERDIZES,CASA,114723.09
2025-11-28,2025,11,28,Nov,Novembro,2025-11,Nov/2025,Sexta,Sex,5,48,2025-11-24,24/11 - 30/11/2025,PERDIZES,DELIVERY,2719.09
2025-11-28,2025,11,28,Nov,Novembro,2025-11,Nov/2025,Sexta,Sex,5,48,2025-11-24,24/11 - 30/11/2025,SANTANA,CASA,68963.35
2025-11-28,2025,11,28,Nov,Novembro,2025-11,Nov/2025,Sexta,Sex,5,48,2025-11-24,24/11 - 30/11/2025,SANTANA,DELIVERY,1703.78
2025-11-28,2025,11,28,Nov,Novembro,2025-11,Nov/2025,Sexta,Sex,5,48,2025-11-24,24/11 - 30/11/2025,SANTO ANDRÉ,CASA,84564.06
2025-11-28,2025,11,28,Nov,Novembro,2025-11,Nov/2025,Sexta,Sex,5,48,2025-11-24,24/11 - 30/11/2025,SANTO ANDRÉ,DELIVERY,1041.1
2025-11-28,2025,11,28,Nov,Novembro,2025-11,Nov/2025,Sexta,Sex,5,48,2025-11-24,24/11 - 30/11/2025,TATUAPÉ,CASA,69263.93
2025-11-28,2025,11,28,Nov,Novembro,2025-11,Nov/2025,Sexta,Sex,5,48,2025-11-24,24/11 - 30/11/2025,TATUAPÉ,DELIVERY,2516.53
2025-11-28,2025,11,28,Nov,Novembro,2025-11,Nov/2025,Sexta,Sex,5,48,2025-11-24,24/11 - 30/11/2025,VILA MADALENA,CASA,98420.0
2025-11-28,2025,11,28,Nov,Novembro,2025-11,Nov/2025,Sexta,Sex,5,48,2025-11-24,24/11 - 30/11/2025,VILA MARIANA,CASA,52612.45
2025-11-28,2025,11,28,Nov,Novembro,2025-11,Nov/2025,Sexta,Sex,5,48,2025-11-24,24/11 - 30/11/2025,VILA MARIANA,DELIVERY,3497.69
2025-11-29,2025,11,29,Nov,Novembro,2025-11,Nov/2025,Sábado,Sáb,6,48,2025-11-24,24/11 - 30/11/2025,CARINAS,CASA,225732.33
2025-11-29,2025,11,29,Nov,Novembro,2025-11,Nov/2025,Sábado,Sáb,6,48,2025-11-24,24/11 - 30/11/2025,CARINAS,DELIVERY,541.4
2025-11-29,2025,11,29,Nov,Novembro,2025-11,Nov/2025,Sábado,Sáb,6,48,2025-11-24,24/11 - 30/11/2025,CHÁCARA,CASA,59617.27
2025-11-29,2025,11,29,Nov,Novembro,2025-11,Nov/2025,Sábado,Sáb,6,48,2025-11-24,24/11 - 30/11/2025,CHÁCARA,DELIVERY,3707.3
2025-11-29,2025,11,29,Nov,Novembro,2025-11,Nov/2025,Sábado,Sáb,6,48,2025-11-24,24/11 - 30/11/2025,LAPA,CASA,58984.31
2025-11-29,2025,11,29,Nov,Novembro,2025-11,Nov/2025,Sábado,Sáb,6,48,2025-11-24,24/11 - 30/11/2025,LAPA,DELIVERY,6170.0
2025-11-29,2025,11,29,Nov,Novembro,2025-11,Nov/2025,Sábado,Sáb,6,48,2025-11-24,24/11 - 30/11/2025,PAVÃO,CASA,56458.17
2025-11-29,2025,11,29,Nov,Novembro,2025-11,Nov/2025,Sábado,Sáb,6,48,2025-11-24,24/11 - 30/11/2025,PAVÃO,DELIVERY,1134.11
2025-11-29,2025,11,29,Nov,Novembro,2025-11,Nov/2025,Sábado,Sáb,6,48,2025-11-24,24/11 - 30/11/2025,PERDIZES,CASA,72206.28
2025-11-29,2025,11,29,Nov,Novembro,2025-11,Nov/2025,Sábado,Sáb,6,48,2025-11-24,24/11 - 30/11/2025,PERDIZES,DELIVERY,4087.5
2025-11-29,2025,11,29,Nov,Novembro,2025-11,Nov/2025,Sábado,Sáb,6,48,2025-11-24,24/11 - 30/11/2025,SANTANA,CASA,134927.63
2025-11-29,2025,11,29,Nov,Novembro,2025-11,Nov/2025,Sábado,Sáb,6,48,2025-11-24,24/11 - 30/11/2025,SANTANA,DELIVERY,5376.25
2025-11-29,2025,11,29,Nov,Novembro,2025-11,Nov/2025,Sábado,Sáb,6,48,2025-11-24,24/11 - 30/11/2025,SANTO ANDRÉ,CASA,155440.09
2025-11-29,2025,11,29,Nov,Novembro,2025-11,Nov/2025,Sábado,Sáb,6,48,2025-11-24,24/11 - 30/11/2025,SANTO ANDRÉ,DELIVERY,1274.0
2025-11-29,2025,11,29,Nov,Novembro,2025-11,Nov/2025,Sábado,Sáb,6,48,2025-11-24,24/11 - 30/11/2025,TATUAPÉ,CASA,331012.03
2025-11-29,2025,11,29,Nov,Novembro,2025-11,Nov/2025,Sábado,Sáb,6,48,2025-11-24,24/11 - 30/11/2025,TATUAPÉ,DELIVERY,4742.75
2025-11-29,2025,11,29,Nov,Novembro,2025-11,Nov/2025,Sábado,Sáb,6,48,2025-11-24,24/11 - 30/11/2025,VILA MADALENA,CASA,54550.21
2025-11-29,2025,11,29,Nov,Novembro,2025-11,Nov/2025,Sábado,Sáb,6,48,2025-11-24,24/11 - 30/11/2025,VILA MADALENA,DELIVERY,1024.6
2025-11-29,2025,11,29,Nov,Novembro,2025-11,Nov/2025,Sábado,Sáb,6,48,2025-11-24,24/11 - 30/11/2025,VILA MARIANA,CASA,63822.57
2025-11-29,2025,11,29,Nov,Novembro,2025-11,Nov/2025,Sábado,Sáb,6,48,2025-11-24,24/11 - 30/11/2025,VILA MARIANA,DELIVERY,6926.58
2025-11-30,2025,11,30,Nov,Novembro,2025-11,Nov/2025,Domingo,Dom,7,48,2025-11-24,24/11 - 30/11/2025,CARINAS,CASA,102341.44
2025-11-30,2025,11,30,Nov,Novembro,2025-11,Nov/2025,Domingo,Dom,7,48,2025-11-24,24/11 - 30/11/2025,CARINAS,DELIVERY,6253.88
2025-11-30,2025,11,30,Nov,Novembro,2025-11,Nov/2025,Domingo,Dom,7,48,2025-11-24,24/11 - 30/11/2025,CHÁCARA,CASA,22097.91
2025-11-30,2025,11,30,Nov,Novembro,2025-11,Nov/2025,Domingo,Dom,7,48,2025-11-24,24/11 - 30/11/2025,CHÁCARA,DELIVERY,4736.4
2025-11-30,2025,11,30,Nov,Novembro,2025-11,Nov/2025,Domingo,Dom,7,48,2025-11-24,24/11 - 30/11/2025,LAPA,CASA,38049.45
2025-11-30,2025,11,30,Nov,Novembro,2025-11,Nov/2025,Domingo,Dom,7,48,2025-11-24,24/11 - 30/11/2025,LAPA,DELIVERY,7161.55
2025-11-30,2025,11,30,Nov,Novembro,2025-11,Nov/2025,Domingo,Dom,7,48,2025-11-24,24/11 - 30/11/2025,PAVÃO,CASA,14552.32
2025-11-30,2025,11,30,Nov,Novembro,2025-11,Nov/2025,Domingo,Dom,7,48,2025-11-24,24/11 - 30/11/2025,PAVÃO,DELIVERY,3846.01
2025-11-30,2025,11,30,Nov,Novembro,2025-11,Nov/2025,Domingo,Dom,7,48,2025-11-24,24/11 - 30/11/2025,PERDIZES,CASA,18481.45
2025-11-30,2025,11,30,Nov,Novembro,2025-11,Nov/2025,Domingo,Dom,7,48,2025-11-24,24/11 - 30/11/2025,PERDIZES,DELIVERY,4270.18
2025-11-30,2025,11,30,Nov,Novembro,2025-11,Nov/2025,Domingo,Dom,7,48,2025-11-24,24/11 - 30/11/2025,SANTANA,CASA,52077.26
2025-11-30,2025,11,30,Nov,Novembro,2025-11,Nov/2025,Domingo,Dom,7,48,2025-11-24,24/11 - 30/11/2025,SANTANA,DELIVERY,8059.17
2025-11-30,2025,11,30,Nov,Novembro,2025-11,Nov/2025,Domingo,Dom,7,48,2025-11-24,24/11 - 30/11/2025,SANTO ANDRÉ,CASA,70995.18
2025-11-30,2025,11,30,Nov,Novembro,2025-11,Nov/2025,Domingo,Dom,7,48,2025-11-24,24/11 - 30/11/2025,SANTO ANDRÉ,DELIVERY,2299.7
2025-11-30,2025,11,30,Nov,Novembro,2025-11,Nov/2025,Domingo,Dom,7,48,2025-11-24,24/11 - 30/11/2025,TATUAPÉ,CASA,76693.51
2025-11-30,2025,11,30,Nov,Novembro,2025-11,Nov/2025,Domingo,Dom,7,48,2025-11-24,24/11 - 30/11/2025,TATUAPÉ,DELIVERY,5548.74
2025-11-30,2025,11,30,Nov,Novembro,2025-11,Nov/2025,Domingo,Dom,7,48,2025-11-24,24/11 - 30/11/2025,VILA MADALENA,CASA,34492.76
2025-11-30,2025,11,30,Nov,Novembro,2025-11,Nov/2025,Domingo,Dom,7,48,2025-11-24,24/11 - 30/11/2025,VILA MARIANA,CASA,58576.79
2025-11-30,2025,11,30,Nov,Novembro,2025-11,Nov/2025,Domingo,Dom,7,48,2025-11-24,24/11 - 30/11/2025,VILA MARIANA,DELIVERY,6900.98
2025-12-01,2025,12,1,Dez,Dezembro,2025-12,Dez/2025,Segunda,Seg,1,49,2025-12-01,01/12 - 07/12/2025,CARINAS,CASA,88753.64
2025-12-01,2025,12,1,Dez,Dezembro,2025-12,Dez/2025,Segunda,Seg,1,49,2025-12-01,01/12 - 07/12/2025,CARINAS,DELIVERY,4411.78
2025-12-01,2025,12,1,Dez,Dezembro,2025-12,Dez/2025,Segunda,Seg,1,49,2025-12-01,01/12 - 07/12/2025,TATUAPÉ,CASA,31114.96
2025-12-01,2025,12,1,Dez,Dezembro,2025-12,Dez/2025,Segunda,Seg,1,49,2025-12-01,01/12 - 07/12/2025,TATUAPÉ,DELIVERY,968.19
2025-12-01,2025,12,1,Dez,Dezembro,2025-12,Dez/2025,Segunda,Seg,1,49,2025-12-01,01/12 - 07/12/2025,VILA MADALENA,DELIVERY,3754.59
2025-12-01,2025,12,1,Dez,Dezembro,2025-12,Dez/2025,Segunda,Seg,1,49,2025-12-01,01/12 - 07/12/2025,VILA MARIANA,CASA,32123.88
2025-12-01,2025,12,1,Dez,Dezembro,2025-12,Dez/2025,Segunda,Seg,1,49,2025-12-01,01/12 - 07/12/2025,VILA MARIANA,DELIVERY,2449.3
2025-12-02,2025,12,2,Dez,Dezembro,2025-12,Dez/2025,Terça,Ter,2,49,2025-12-01,01/12 - 07/12/2025,CARINAS,CASA,480322.16
2025-12-02,2025,12,2,Dez,Dezembro,2025-12,Dez/2025,Terça,Ter,2,49,2025-12-01,01/12 - 07/12/2025,CHÁCARA,CASA,134875.19
2025-12-02,2025,12,2,Dez,Dezembro,2025-12,Dez/2025,Terça,Ter,2,49,2025-12-01,01/12 - 07/12/2025,CHÁCARA,DELIVERY,845.8
2025-12-02,2025,12,2,Dez,Dezembro,2025-12,Dez/2025,Terça,Ter,2,49,2025-12-01,01/12 - 07/12/2025,LAPA,CASA,4566.28
2025-12-02,2025,12,2,Dez,Dezembro,2025-12,Dez/2025,Terça,Ter,2,49,2025-12-01,01/12 - 07/12/2025,LAPA,DELIVERY,2739.58
2025-12-02,2025,12,2,Dez,Dezembro,2025-12,Dez/2025,Terça,Ter,2,49,2025-12-01,01/12 - 07/12/2025,PAVÃO,CASA,24736.14
2025-12-02,2025,12,2,Dez,Dezembro,2025-12,Dez/2025,Terça,Ter,2,49,2025-12-01,01/12 - 07/12/2025,PAVÃO,DELIVERY,1529.88
2025-12-02,2025,12,2,Dez,Dezembro,2025-12,Dez/2025,Terça,Ter,2,49,2025-12-01,01/12 - 07/12/2025,PERDIZES,CASA,14383.68
2025-12-02,2025,12,2,Dez,Dezembro,2025-12,Dez/2025,Terça,Ter,2,49,2025-12-01,01/12 - 07/12/2025,PERDIZES,DELIVERY,704.8
2025-12-02,2025,12,2,Dez,Dezembro,2025-12,Dez/2025,Terça,Ter,2,49,2025-12-01,01/12 - 07/12/2025,SANTANA,CASA,14767.78
2025-12-02,2025,12,2,Dez,Dezembro,2025-12,Dez/2025,Terça,Ter,2,49,2025-12-01,01/12 - 07/12/2025,SANTANA,DELIVERY,1546.79
2025-12-02,2025,12,2,Dez,Dezembro,2025-12,Dez/2025,Terça,Ter,2,49,2025-12-01,01/12 - 07/12/2025,TATUAPÉ,CASA,29973.12
2025-12-02,2025,12,2,Dez,Dezembro,2025-12,Dez/2025,Terça,Ter,2,49,2025-12-01,01/12 - 07/12/2025,TATUAPÉ,DELIVERY,922.57
2025-12-02,2025,12,2,Dez,Dezembro,2025-12,Dez/2025,Terça,Ter,2,49,2025-12-01,01/12 - 07/12/2025,VILA MADALENA,CASA,4171.28
2025-12-02,2025,12,2,Dez,Dezembro,2025-12,Dez/2025,Terça,Ter,2,49,2025-12-01,01/12 - 07/12/2025,VILA MADALENA,DELIVERY,292.1
2025-12-02,2025,12,2,Dez,Dezembro,2025-12,Dez/2025,Terça,Ter,2,49,2025-12-01,01/12 - 07/12/2025,VILA MARIANA,CASA,10135.38
2025-12-02,2025,12,2,Dez,Dezembro,2025-12,Dez/2025,Terça,Ter,2,49,2025-12-01,01/12 - 07/12/2025,VILA MARIANA,DELIVERY,3778.58
2025-12-03,2025,12,3,Dez,Dezembro,2025-12,Dez/2025,Quarta,Qua,3,49,2025-12-01,01/12 - 07/12/2025,CARINAS,CASA,426739.7
2025-12-03,2025,12,3,Dez,Dezembro,2025-12,Dez/2025,Quarta,Qua,3,49,2025-12-01,01/12 - 07/12/2025,CARINAS,DELIVERY,3467.28
2025-12-03,2025,12,3,Dez,Dezembro,2025-12,Dez/2025,Quarta,Qua,3,49,2025-12-01,01/12 - 07/12/2025,CHÁCARA,CASA,96551.02
2025-12-03,2025,12,3,Dez,Dezembro,2025-12,Dez/2025,Quarta,Qua,3,49,2025-12-01,01/12 - 07/12/2025,CHÁCARA,DELIVERY,1734.1
2025-12-03,2025,12,3,Dez,Dezembro,2025-12,Dez/2025,Quarta,Qua,3,49,2025-12-01,01/12 - 07/12/2025,LAPA,CASA,21306.43
2025-12-03,2025,12,3,Dez,Dezembro,2025-12,Dez/2025,Quarta,Qua,3,49,2025-12-01,01/12 - 07/12/2025,LAPA,DELIVERY,134.1
2025-12-03,2025,12,3,Dez,Dezembro,2025-12,Dez/2025,Quarta,Qua,3,49,2025-12-01,01/12 - 07/12/2025,PAVÃO,CASA,36776.99
2025-12-03,2025,12,3,Dez,Dezembro,2025-12,Dez/2025,Quarta,Qua,3,49,2025-12-01,01/12 - 07/12/2025,PAVÃO,DELIVERY,1398.81
2025-12-03,2025,12,3,Dez,Dezembro,2025-12,Dez/2025,Quarta,Qua,3,49,2025-12-01,01/12 - 07/12/2025,PERDIZES,CASA,33370.84
2025-12-03,2025,12,3,Dez,Dezembro,2025-12,Dez/2025,Quarta,Qua,3,49,2025-12-01,01/12 - 07/12/2025,PERDIZES,DELIVERY,1343.38
2025-12-03,2025,12,3,Dez,Dezembro,2025-12,Dez/2025,Quarta,Qua,3,49,2025-12-01,01/12 - 07/12/2025,SANTANA,CASA,104802.49
2025-12-03,2025,12,3,Dez,Dezembro,2025-12,Dez/2025,Quarta,Qua,3,49,2025-12-01,01/12 - 07/12/2025,SANTANA,DELIVERY,2294.48
2025-12-03,2025,12,3,Dez,Dezembro,2025-12,Dez/2025,Quarta,Qua,3,49,2025-12-01,01/12 - 07/12/2025,SANTO ANDRÉ,CASA,21937.24
2025-12-03,2025,12,3,Dez,Dezembro,2025-12,Dez/2025,Quarta,Qua,3,49,2025-12-01,01/12 - 07/12/2025,SANTO ANDRÉ,DELIVERY,1031.49
2025-12-03,2025,12,3,Dez,Dezembro,2025-12,Dez/2025,Quarta,Qua,3,49,2025-12-01,01/12 - 07/12/2025,TATUAPÉ,CASA,25752.4
2025-12-03,2025,12,3,Dez,Dezembro,2025-12,Dez/2025,Quarta,Qua,3,49,2025-12-01,01/12 - 07/12/2025,TATUAPÉ,DELIVERY,730.0
2025-12-03,2025,12,3,Dez,Dezembro,2025-12,Dez/2025,Quarta,Qua,3,49,2025-12-01,01/12 - 07/12/2025,VILA MADALENA,CASA,68900.55
2025-12-03,2025,12,3,Dez,Dezembro,2025-12,Dez/2025,Quarta,Qua,3,49,2025-12-01,01/12 - 07/12/2025,VILA MARIANA,CASA,51045.19
2025-12-03,2025,12,3,Dez,Dezembro,2025-12,Dez/2025,Quarta,Qua,3,49,2025-12-01,01/12 - 07/12/2025,VILA MARIANA,DELIVERY,4379.2
2025-12-04,2025,12,4,Dez,Dezembro,2025-12,Dez/2025,Quinta,Qui,4,49,2025-12-01,01/12 - 07/12/2025,CARINAS,CASA,507464.18
2025-12-04,2025,12,4,Dez,Dezembro,2025-12,Dez/2025,Quinta,Qui,4,49,2025-12-01,01/12 - 07/12/2025,CARINAS,DELIVERY,1146.3
2025-12-04,2025,12,4,Dez,Dezembro,2025-12,Dez/2025,Quinta,Qui,4,49,2025-12-01,01/12 - 07/12/2025,CHÁCARA,CASA,132379.15
2025-12-04,2025,12,4,Dez,Dezembro,2025-12,Dez/2025,Quinta,Qui,4,49,2025-12-01,01/12 - 07/12/2025,CHÁCARA,DELIVERY,1423.2
2025-12-04,2025,12,4,Dez,Dezembro,2025-12,Dez/2025,Quinta,Qui,4,49,2025-12-01,01/12 - 07/12/2025,LAPA,CASA,53918.18
2025-12-04,2025,12,4,Dez,Dezembro,2025-12,Dez/2025,Quinta,Qui,4,49,2025-12-01,01/12 - 07/12/2025,LAPA,DELIVERY,2136.29
2025-12-04,2025,12,4,Dez,Dezembro,2025-12,Dez/2025,Quinta,Qui,4,49,2025-12-01,01/12 - 07/12/2025,PAVÃO,CASA,80572.9
2025-12-04,2025,12,4,Dez,Dezembro,2025-12,Dez/2025,Quinta,Qui,4,49,2025-12-01,01/12 - 07/12/2025,PAVÃO,DELIVERY,1946.84
2025-12-04,2025,12,4,Dez,Dezembro,2025-12,Dez/2025,Quinta,Qui,4,49,2025-12-01,01/12 - 07/12/2025,PERDIZES,CASA,103502.1
2025-12-04,2025,12,4,Dez,Dezembro,2025-12,Dez/2025,Quinta,Qui,4,49,2025-12-01,01/12 - 07/12/2025,PERDIZES,DELIVERY,2138.96
2025-12-04,2025,12,4,Dez,Dezembro,2025-12,Dez/2025,Quinta,Qui,4,49,2025-12-01,01/12 - 07/12/2025,SANTANA,CASA,247933.61
2025-12-04,2025,12,4,Dez,Dezembro,2025-12,Dez/2025,Quinta,Qui,4,49,2025-12-01,01/12 - 07/12/2025,SANTANA,DELIVERY,1873.07
2025-12-04,2025,12,4,Dez,Dezembro,2025-12,Dez/2025,Quinta,Qui,4,49,2025-12-01,01/12 - 07/12/2025,SANTO ANDRÉ,CASA,18852.35
2025-12-04,2025,12,4,Dez,Dezembro,2025-12,Dez/2025,Quinta,Qui,4,49,2025-12-01,01/12 - 07/12/2025,SANTO ANDRÉ,DELIVERY,651.8
2025-12-04,2025,12,4,Dez,Dezembro,2025-12,Dez/2025,Quinta,Qui,4,49,2025-12-01,01/12 - 07/12/2025,TATUAPÉ,CASA,29925.2
2025-12-04,2025,12,4,Dez,Dezembro,2025-12,Dez/2025,Quinta,Qui,4,49,2025-12-01,01/12 - 07/12/2025,TATUAPÉ,DELIVERY,2620.25
2025-12-04,2025,12,4,Dez,Dezembro,2025-12,Dez/2025,Quinta,Qui,4,49,2025-12-01,01/12 - 07/12/2025,VILA MADALENA,CASA,142115.75
2025-12-04,2025,12,4,Dez,Dezembro,2025-12,Dez/2025,Quinta,Qui,4,49,2025-12-01,01/12 - 07/12/2025,VILA MADALENA,DELIVERY,1826.77
2025-12-04,2025,12,4,Dez,Dezembro,2025-12,Dez/2025,Quinta,Qui,4,49,2025-12-01,01/12 - 07/12/2025,VILA MARIANA,CASA,65730.46
2025-12-04,2025,12,4,Dez,Dezembro,2025-12,Dez/2025,Quinta,Qui,4,49,2025-12-01,01/12 - 07/12/2025,VILA MARIANA,DELIVERY,3634.18
2025-12-05,2025,12,5,Dez,Dezembro,2025-12,Dez/2025,Sexta,Sex,5,49,2025-12-01,01/12 - 07/12/2025,CARINAS,CASA,510130.12
2025-12-05,2025,12,5,Dez,Dezembro,2025-12,Dez/2025,Sexta,Sex,5,49,2025-12-01,01/12 - 07/12/2025,CARINAS,DELIVERY,4529.7
2025-12-05,2025,12,5,Dez,Dezembro,2025-12,Dez/2025,Sexta,Sex,5,49,2025-12-01,01/12 - 07/12/2025,CHÁCARA,CASA,147102.3
2025-12-05,2025,12,5,Dez,Dezembro,2025-12,Dez/2025,Sexta,Sex,5,49,2025-12-01,01/12 - 07/12/2025,LAPA,CASA,118000.88
2025-12-05,2025,12,5,Dez,Dezembro,2025-12,Dez/2025,Sexta,Sex,5,49,2025-12-01,01/12 - 07/12/2025,LAPA,DELIVERY,6643.95
2025-12-05,2025,12,5,Dez,Dezembro,2025-12,Dez/2025,Sexta,Sex,5,49,2025-12-01,01/12 - 07/12/2025,PAVÃO,CASA,151404.72
2025-12-05,2025,12,5,Dez,Dezembro,2025-12,Dez/2025,Sexta,Sex,5,49,2025-12-01,01/12 - 07/12/2025,PAVÃO,DELIVERY,1698.14
2025-12-05,2025,12,5,Dez,Dezembro,2025-12,Dez/2025,Sexta,Sex,5,49,2025-12-01,01/12 - 07/12/2025,PERDIZES,CASA,174550.58
2025-12-05,2025,12,5,Dez,Dezembro,2025-12,Dez/2025,Sexta,Sex,5,49,2025-12-01,01/12 - 07/12/2025,PERDIZES,DELIVERY,1892.49
2025-12-05,2025,12,5,Dez,Dezembro,2025-12,Dez/2025,Sexta,Sex,5,49,2025-12-01,01/12 - 07/12/2025,SANTANA,CASA,234664.35
2025-12-05,2025,12,5,Dez,Dezembro,2025-12,Dez/2025,Sexta,Sex,5,49,2025-12-01,01/12 - 07/12/2025,SANTANA,DELIVERY,2263.56
2025-12-05,2025,12,5,Dez,Dezembro,2025-12,Dez/2025,Sexta,Sex,5,49,2025-12-01,01/12 - 07/12/2025,SANTO ANDRÉ,CASA,233383.16
2025-12-05,2025,12,5,Dez,Dezembro,2025-12,Dez/2025,Sexta,Sex,5,49,2025-12-01,01/12 - 07/12/2025,SANTO ANDRÉ,DELIVERY,495.7
2025-12-05,2025,12,5,Dez,Dezembro,2025-12,Dez/2025,Sexta,Sex,5,49,2025-12-01,01/12 - 07/12/2025,TATUAPÉ,CASA,206070.34
2025-12-05,2025,12,5,Dez,Dezembro,2025-12,Dez/2025,Sexta,Sex,5,49,2025-12-01,01/12 - 07/12/2025,TATUAPÉ,DELIVERY,2908.04
2025-12-05,2025,12,5,Dez,Dezembro,2025-12,Dez/2025,Sexta,Sex,5,49,2025-12-01,01/12 - 07/12/2025,VILA MADALENA,CASA,191079.27
2025-12-05,2025,12,5,Dez,Dezembro,2025-12,Dez/2025,Sexta,Sex,5,49,2025-12-01,01/12 - 07/12/2025,VILA MARIANA,CASA,78505.73
2025-12-05,2025,12,5,Dez,Dezembro,2025-12,Dez/2025,Sexta,Sex,5,49,2025-12-01,01/12 - 07/12/2025,VILA MARIANA,DELIVERY,4828.99
2025-12-06,2025,12,6,Dez,Dezembro,2025-12,Dez/2025,Sábado,Sáb,6,49,2025-12-01,01/12 - 07/12/2025,CARINAS,CASA,262622.94
2025-12-06,2025,12,6,Dez,Dezembro,2025-12,Dez/2025,Sábado,Sáb,6,49,2025-12-01,01/12 - 07/12/2025,CHÁCARA,CASA,46327.43
2025-12-06,2025,12,6,Dez,Dezembro,2025-12,Dez/2025,Sábado,Sáb,6,49,2025-12-01,01/12 - 07/12/2025,LAPA,CASA,52565.41
2025-12-06,2025,12,6,Dez,Dezembro,2025-12,Dez/2025,Sábado,Sáb,6,49,2025-12-01,01/12 - 07/12/2025,LAPA,DELIVERY,3613.6
2025-12-06,2025,12,6,Dez,Dezembro,2025-12,Dez/2025,Sábado,Sáb,6,49,2025-12-01,01/12 - 07/12/2025,PAVÃO,CASA,37036.66
2025-12-06,2025,12,6,Dez,Dezembro,2025-12,Dez/2025,Sábado,Sáb,6,49,2025-12-01,01/12 - 07/12/2025,PAVÃO,DELIVERY,3516.79
2025-12-06,2025,12,6,Dez,Dezembro,2025-12,Dez/2025,Sábado,Sáb,6,49,2025-12-01,01/12 - 07/12/2025,PERDIZES,CASA,79962.77
2025-12-06,2025,12,6,Dez,Dezembro,2025-12,Dez/2025,Sábado,Sáb,6,49,2025-12-01,01/12 - 07/12/2025,PERDIZES,DELIVERY,4516.3
2025-12-06,2025,12,6,Dez,Dezembro,2025-12,Dez/2025,Sábado,Sáb,6,49,2025-12-01,01/12 - 07/12/2025,SANTANA,CASA,182951.71
2025-12-06,2025,12,6,Dez,Dezembro,2025-12,Dez/2025,Sábado,Sáb,6,49,2025-12-01,01/12 - 07/12/2025,SANTANA,DELIVERY,3703.19
2025-12-06,2025,12,6,Dez,Dezembro,2025-12,Dez/2025,Sábado,Sáb,6,49,2025-12-01,01/12 - 07/12/2025,SANTO ANDRÉ,CASA,210740.42
2025-12-06,2025,12,6,Dez,Dezembro,2025-12,Dez/2025,Sábado,Sáb,6,49,2025-12-01,01/12 - 07/12/2025,SANTO ANDRÉ,DELIVERY,1468.8
2025-12-06,2025,12,6,Dez,Dezembro,2025-12,Dez/2025,Sábado,Sáb,6,49,2025-12-01,01/12 - 07/12/2025,TATUAPÉ,CASA,210813.17
2025-12-06,2025,12,6,Dez,Dezembro,2025-12,Dez/2025,Sábado,Sáb,6,49,2025-12-01,01/12 - 07/12/2025,TATUAPÉ,DELIVERY,3095.75
2025-12-06,2025,12,6,Dez,Dezembro,2025-12,Dez/2025,Sábado,Sáb,6,49,2025-12-01,01/12 - 07/12/2025,VILA MADALENA,CASA,60705.99
2025-12-06,2025,12,6,Dez,Dezembro,2025-12,Dez/2025,Sábado,Sáb,6,49,2025-12-01,01/12 - 07/12/2025,VILA MADALENA,DELIVERY,827.9
2025-12-06,2025,12,6,Dez,Dezembro,2025-12,Dez/2025,Sábado,Sáb,6,49,2025-12-01,01/12 - 07/12/2025,VILA MARIANA,CASA,55016.85
2025-12-06,2025,12,6,Dez,Dezembro,2025-12,Dez/2025,Sábado,Sáb,6,49,2025-12-01,01/12 - 07/12/2025,VILA MARIANA,DELIVERY,7148.06
2025-12-07,2025,12,7,Dez,Dezembro,2025-12,Dez/2025,Domingo,Dom,7,49,2025-12-01,01/12 - 07/12/2025,CARINAS,CASA,212166.33
2025-12-07,2025,12,7,Dez,Dezembro,2025-12,Dez/2025,Domingo,Dom,7,49,2025-12-01,01/12 - 07/12/2025,CARINAS,DELIVERY,9388.1
2025-12-07,2025,12,7,Dez,Dezembro,2025-12,Dez/2025,Domingo,Dom,7,49,2025-12-01,01/12 - 07/12/2025,CHÁCARA,CASA,23857.48
2025-12-07,2025,12,7,Dez,Dezembro,2025-12,Dez/2025,Domingo,Dom,7,49,2025-12-01,01/12 - 07/12/2025,CHÁCARA,DELIVERY,3726.4
2025-12-07,2025,12,7,Dez,Dezembro,2025-12,Dez/2025,Domingo,Dom,7,49,2025-12-01,01/12 - 07/12/2025,LAPA,CASA,35811.35
2025-12-07,2025,12,7,Dez,Dezembro,2025-12,Dez/2025,Domingo,Dom,7,49,2025-12-01,01/12 - 07/12/2025,LAPA,DELIVERY,4501.86
2025-12-07,2025,12,7,Dez,Dezembro,2025-12,Dez/2025,Domingo,Dom,7,49,2025-12-01,01/12 - 07/12/2025,PAVÃO,CASA,97575.66
2025-12-07,2025,12,7,Dez,Dezembro,2025-12,Dez/2025,Domingo,Dom,7,49,2025-12-01,01/12 - 07/12/2025,PAVÃO,DELIVERY,672.83
2025-12-07,2025,12,7,Dez,Dezembro,2025-12,Dez/2025,Domingo,Dom,7,49,2025-12-01,01/12 - 07/12/2025,PERDIZES,CASA,37674.01
2025-12-07,2025,12,7,Dez,Dezembro,2025-12,Dez/2025,Domingo,Dom,7,49,2025-12-01,01/12 - 07/12/2025,PERDIZES,DELIVERY,4172.68
2025-12-07,2025,12,7,Dez,Dezembro,2025-12,Dez/2025,Domingo,Dom,7,49,2025-12-01,01/12 - 07/12/2025,SANTANA,CASA,64453.07
2025-12-07,2025,12,7,Dez,Dezembro,2025-12,Dez/2025,Domingo,Dom,7,49,2025-12-01,01/12 - 07/12/2025,SANTANA,DELIVERY,4137.78
2025-12-07,2025,12,7,Dez,Dezembro,2025-12,Dez/2025,Domingo,Dom,7,49,2025-12-01,01/12 - 07/12/2025,SANTO ANDRÉ,CASA,48605.68
2025-12-07,2025,12,7,Dez,Dezembro,2025-12,Dez/2025,Domingo,Dom,7,49,2025-12-01,01/12 - 07/12/2025,SANTO ANDRÉ,DELIVERY,2202.4
2025-12-07,2025,12,7,Dez,Dezembro,2025-12,Dez/2025,Domingo,Dom,7,49,2025-12-01,01/12 - 07/12/2025,TATUAPÉ,CASA,87703.9
2025-12-07,2025,12,7,Dez,Dezembro,2025-12,Dez/2025,Domingo,Dom,7,49,2025-12-01,01/12 - 07/12/2025,TATUAPÉ,DELIVERY,3017.3
2025-12-07,2025,12,7,Dez,Dezembro,2025-12,Dez/2025,Domingo,Dom,7,49,2025-12-01,01/12 - 07/12/2025,VILA MADALENA,CASA,13985.52
2025-12-07,2025,12,7,Dez,Dezembro,2025-12,Dez/2025,Domingo,Dom,7,49,2025-12-01,01/12 - 07/12/2025,VILA MADALENA,DELIVERY,424.3
2025-12-07,2025,12,7,Dez,Dezembro,2025-12,Dez/2025,Domingo,Dom,7,49,2025-12-01,01/12 - 07/12/2025,VILA MARIANA,CASA,39581.3
2025-12-07,2025,12,7,Dez,Dezembro,2025-12,Dez/2025,Domingo,Dom,7,49,2025-12-01,01/12 - 07/12/2025,VILA MARIANA,DELIVERY,5987.95
2025-12-08,2025,12,8,Dez,Dezembro,2025-12,Dez/2025,Segunda,Seg,1,50,2025-12-08,08/12 - 14/12/2025,CARINAS,CASA,33342.98
2025-12-08,2025,12,8,Dez,Dezembro,2025-12,Dez/2025,Segunda,Seg,1,50,2025-12-08,08/12 - 14/12/2025,CARINAS,DELIVERY,1532.07
2025-12-08,2025,12,8,Dez,Dezembro,2025-12,Dez/2025,Segunda,Seg,1,50,2025-12-08,08/12 - 14/12/2025,CHÁCARA,CASA,104856.36
2025-12-08,2025,12,8,Dez,Dezembro,2025-12,Dez/2025,Segunda,Seg,1,50,2025-12-08,08/12 - 14/12/2025,CHÁCARA,DELIVERY,1203.4
2025-12-08,2025,12,8,Dez,Dezembro,2025-12,Dez/2025,Segunda,Seg,1,50,2025-12-08,08/12 - 14/12/2025,SANTANA,CASA,23317.32
2025-12-08,2025,12,8,Dez,Dezembro,2025-12,Dez/2025,Segunda,Seg,1,50,2025-12-08,08/12 - 14/12/2025,SANTANA,DELIVERY,1697.67
2025-12-08,2025,12,8,Dez,Dezembro,2025-12,Dez/2025,Segunda,Seg,1,50,2025-12-08,08/12 - 14/12/2025,TATUAPÉ,CASA,56524.3
2025-12-08,2025,12,8,Dez,Dezembro,2025-12,Dez/2025,Segunda,Seg,1,50,2025-12-08,08/12 - 14/12/2025,TATUAPÉ,DELIVERY,805.79
2025-12-08,2025,12,8,Dez,Dezembro,2025-12,Dez/2025,Segunda,Seg,1,50,2025-12-08,08/12 - 14/12/2025,VILA MADALENA,CASA,49163.32
2025-12-08,2025,12,8,Dez,Dezembro,2025-12,Dez/2025,Segunda,Seg,1,50,2025-12-08,08/12 - 14/12/2025,VILA MADALENA,DELIVERY,2666.37
2025-12-08,2025,12,8,Dez,Dezembro,2025-12,Dez/2025,Segunda,Seg,1,50,2025-12-08,08/12 - 14/12/2025,VILA MARIANA,CASA,43008.53
2025-12-08,2025,12,8,Dez,Dezembro,2025-12,Dez/2025,Segunda,Seg,1,50,2025-12-08,08/12 - 14/12/2025,VILA MARIANA,DELIVERY,2311.79
2025-12-09,2025,12,9,Dez,Dezembro,2025-12,Dez/2025,Terça,Ter,2,50,2025-12-08,08/12 - 14/12/2025,CARINAS,CASA,402483.67
2025-12-09,2025,12,9,Dez,Dezembro,2025-12,Dez/2025,Terça,Ter,2,50,2025-12-08,08/12 - 14/12/2025,CARINAS,DELIVERY,1295.3
2025-12-09,2025,12,9,Dez,Dezembro,2025-12,Dez/2025,Terça,Ter,2,50,2025-12-08,08/12 - 14/12/2025,CHÁCARA,CASA,32961.0
2025-12-09,2025,12,9,Dez,Dezembro,2025-12,Dez/2025,Terça,Ter,2,50,2025-12-08,08/12 - 14/12/2025,CHÁCARA,DELIVERY,767.9
2025-12-09,2025,12,9,Dez,Dezembro,2025-12,Dez/2025,Terça,Ter,2,50,2025-12-08,08/12 - 14/12/2025,LAPA,CASA,27883.0
2025-12-09,2025,12,9,Dez,Dezembro,2025-12,Dez/2025,Terça,Ter,2,50,2025-12-08,08/12 - 14/12/2025,LAPA,DELIVERY,1867.06
2025-12-09,2025,12,9,Dez,Dezembro,2025-12,Dez/2025,Terça,Ter,2,50,2025-12-08,08/12 - 14/12/2025,PAVÃO,CASA,82245.36
2025-12-09,2025,12,9,Dez,Dezembro,2025-12,Dez/2025,Terça,Ter,2,50,2025-12-08,08/12 - 14/12/2025,PAVÃO,DELIVERY,938.84
2025-12-09,2025,12,9,Dez,Dezembro,2025-12,Dez/2025,Terça,Ter,2,50,2025-12-08,08/12 - 14/12/2025,PERDIZES,CASA,45467.09
2025-12-09,2025,12,9,Dez,Dezembro,2025-12,Dez/2025,Terça,Ter,2,50,2025-12-08,08/12 - 14/12/2025,PERDIZES,DELIVERY,746.6
2025-12-09,2025,12,9,Dez,Dezembro,2025-12,Dez/2025,Terça,Ter,2,50,2025-12-08,08/12 - 14/12/2025,SANTANA,CASA,146790.07
2025-12-09,2025,12,9,Dez,Dezembro,2025-12,Dez/2025,Terça,Ter,2,50,2025-12-08,08/12 - 14/12/2025,SANTANA,DELIVERY,926.28
2025-12-09,2025,12,9,Dez,Dezembro,2025-12,Dez/2025,Terça,Ter,2,50,2025-12-08,08/12 - 14/12/2025,SANTO ANDRÉ,CASA,158149.03
2025-12-09,2025,12,9,Dez,Dezembro,2025-12,Dez/2025,Terça,Ter,2,50,2025-12-08,08/12 - 14/12/2025,SANTO ANDRÉ,DELIVERY,694.6
2025-12-09,2025,12,9,Dez,Dezembro,2025-12,Dez/2025,Terça,Ter,2,50,2025-12-08,08/12 - 14/12/2025,TATUAPÉ,CASA,56922.15
2025-12-09,2025,12,9,Dez,Dezembro,2025-12,Dez/2025,Terça,Ter,2,50,2025-12-08,08/12 - 14/12/2025,TATUAPÉ,DELIVERY,847.9
2025-12-09,2025,12,9,Dez,Dezembro,2025-12,Dez/2025,Terça,Ter,2,50,2025-12-08,08/12 - 14/12/2025,VILA MADALENA,CASA,174300.07
2025-12-09,2025,12,9,Dez,Dezembro,2025-12,Dez/2025,Terça,Ter,2,50,2025-12-08,08/12 - 14/12/2025,VILA MADALENA,DELIVERY,668.29
2025-12-09,2025,12,9,Dez,Dezembro,2025-12,Dez/2025,Terça,Ter,2,50,2025-12-08,08/12 - 14/12/2025,VILA MARIANA,CASA,49928.5
2025-12-09,2025,12,9,Dez,Dezembro,2025-12,Dez/2025,Terça,Ter,2,50,2025-12-08,08/12 - 14/12/2025,VILA MARIANA,DELIVERY,2284.68
2025-12-10,2025,12,10,Dez,Dezembro,2025-12,Dez/2025,Quarta,Qua,3,50,2025-12-08,08/12 - 14/12/2025,CARINAS,CASA,256826.44
2025-12-10,2025,12,10,Dez,Dezembro,2025-12,Dez/2025,Quarta,Qua,3,50,2025-12-08,08/12 - 14/12/2025,CARINAS,DELIVERY,2876.8
2025-12-10,2025,12,10,Dez,Dezembro,2025-12,Dez/2025,Quarta,Qua,3,50,2025-12-08,08/12 - 14/12/2025,CHÁCARA,CASA,113285.8
2025-12-10,2025,12,10,Dez,Dezembro,2025-12,Dez/2025,Quarta,Qua,3,50,2025-12-08,08/12 - 14/12/2025,CHÁCARA,DELIVERY,356.7
2025-12-10,2025,12,10,Dez,Dezembro,2025-12,Dez/2025,Quarta,Qua,3,50,2025-12-08,08/12 - 14/12/2025,LAPA,CASA,63190.77
2025-12-10,2025,12,10,Dez,Dezembro,2025-12,Dez/2025,Quarta,Qua,3,50,2025-12-08,08/12 - 14/12/2025,LAPA,DELIVERY,2153.57
2025-12-10,2025,12,10,Dez,Dezembro,2025-12,Dez/2025,Quarta,Qua,3,50,2025-12-08,08/12 - 14/12/2025,PAVÃO,CASA,62370.32
2025-12-10,2025,12,10,Dez,Dezembro,2025-12,Dez/2025,Quarta,Qua,3,50,2025-12-08,08/12 - 14/12/2025,PAVÃO,DELIVERY,2320.23
2025-12-10,2025,12,10,Dez,Dezembro,2025-12,Dez/2025,Quarta,Qua,3,50,2025-12-08,08/12 - 14/12/2025,PERDIZES,CASA,98816.94
2025-12-10,2025,12,10,Dez,Dezembro,2025-12,Dez/2025,Quarta,Qua,3,50,2025-12-08,08/12 - 14/12/2025,PERDIZES,DELIVERY,3099.66
2025-12-10,2025,12,10,Dez,Dezembro,2025-12,Dez/2025,Quarta,Qua,3,50,2025-12-08,08/12 - 14/12/2025,SANTANA,CASA,7807.9
2025-12-10,2025,12,10,Dez,Dezembro,2025-12,Dez/2025,Quarta,Qua,3,50,2025-12-08,08/12 - 14/12/2025,SANTANA,DELIVERY,1815.88
2025-12-10,2025,12,10,Dez,Dezembro,2025-12,Dez/2025,Quarta,Qua,3,50,2025-12-08,08/12 - 14/12/2025,SANTO ANDRÉ,CASA,50727.73
2025-12-10,2025,12,10,Dez,Dezembro,2025-12,Dez/2025,Quarta,Qua,3,50,2025-12-08,08/12 - 14/12/2025,SANTO ANDRÉ,DELIVERY,718.4
2025-12-10,2025,12,10,Dez,Dezembro,2025-12,Dez/2025,Quarta,Qua,3,50,2025-12-08,08/12 - 14/12/2025,TATUAPÉ,CASA,418403.08
2025-12-10,2025,12,10,Dez,Dezembro,2025-12,Dez/2025,Quarta,Qua,3,50,2025-12-08,08/12 - 14/12/2025,TATUAPÉ,DELIVERY,2096.6
2025-12-10,2025,12,10,Dez,Dezembro,2025-12,Dez/2025,Quarta,Qua,3,50,2025-12-08,08/12 - 14/12/2025,VILA MADALENA,CASA,249068.46
2025-12-10,2025,12,10,Dez,Dezembro,2025-12,Dez/2025,Quarta,Qua,3,50,2025-12-08,08/12 - 14/12/2025,VILA MADALENA,DELIVERY,1098.5
2025-12-10,2025,12,10,Dez,Dezembro,2025-12,Dez/2025,Quarta,Qua,3,50,2025-12-08,08/12 - 14/12/2025,VILA MARIANA,CASA,37619.8
2025-12-11,2025,12,11,Dez,Dezembro,2025-12,Dez/2025,Quinta,Qui,4,50,2025-12-08,08/12 - 14/12/2025,CARINAS,CASA,562406.41
2025-12-11,2025,12,11,Dez,Dezembro,2025-12,Dez/2025,Quinta,Qui,4,50,2025-12-08,08/12 - 14/12/2025,CHÁCARA,CASA,204574.82
2025-12-11,2025,12,11,Dez,Dezembro,2025-12,Dez/2025,Quinta,Qui,4,50,2025-12-08,08/12 - 14/12/2025,CHÁCARA,DELIVERY,977.4
2025-12-11,2025,12,11,Dez,Dezembro,2025-12,Dez/2025,Quinta,Qui,4,50,2025-12-08,08/12 - 14/12/2025,LAPA,CASA,70082.87
2025-12-11,2025,12,11,Dez,Dezembro,2025-12,Dez/2025,Quinta,Qui,4,50,2025-12-08,08/12 - 14/12/2025,LAPA,DELIVERY,2918.06
2025-12-11,2025,12,11,Dez,Dezembro,2025-12,Dez/2025,Quinta,Qui,4,50,2025-12-08,08/12 - 14/12/2025,PAVÃO,CASA,44697.54
2025-12-11,2025,12,11,Dez,Dezembro,2025-12,Dez/2025,Quinta,Qui,4,50,2025-12-08,08/12 - 14/12/2025,PAVÃO,DELIVERY,1020.66
2025-12-11,2025,12,11,Dez,Dezembro,2025-12,Dez/2025,Quinta,Qui,4,50,2025-12-08,08/12 - 14/12/2025,PERDIZES,CASA,199498.76
2025-12-11,2025,12,11,Dez,Dezembro,2025-12,Dez/2025,Quinta,Qui,4,50,2025-12-08,08/12 - 14/12/2025,PERDIZES,DELIVERY,3052.57
2025-12-11,2025,12,11,Dez,Dezembro,2025-12,Dez/2025,Quinta,Qui,4,50,2025-12-08,08/12 - 14/12/2025,SANTANA,CASA,65572.63
2025-12-11,2025,12,11,Dez,Dezembro,2025-12,Dez/2025,Quinta,Qui,4,50,2025-12-08,08/12 - 14/12/2025,SANTANA,DELIVERY,1824.49
2025-12-11,2025,12,11,Dez,Dezembro,2025-12,Dez/2025,Quinta,Qui,4,50,2025-12-08,08/12 - 14/12/2025,SANTO ANDRÉ,CASA,128540.08
2025-12-11,2025,12,11,Dez,Dezembro,2025-12,Dez/2025,Quinta,Qui,4,50,2025-12-08,08/12 - 14/12/2025,SANTO ANDRÉ,DELIVERY,1178.3
2025-12-11,2025,12,11,Dez,Dezembro,2025-12,Dez/2025,Quinta,Qui,4,50,2025-12-08,08/12 - 14/12/2025,TATUAPÉ,CASA,465157.07
2025-12-11,2025,12,11,Dez,Dezembro,2025-12,Dez/2025,Quinta,Qui,4,50,2025-12-08,08/12 - 14/12/2025,TATUAPÉ,DELIVERY,1910.37
2025-12-11,2025,12,11,Dez,Dezembro,2025-12,Dez/2025,Quinta,Qui,4,50,2025-12-08,08/12 - 14/12/2025,VILA MADALENA,CASA,152719.0
2025-12-12,2025,12,12,Dez,Dezembro,2025-12,Dez/2025,Sexta,Sex,5,50,2025-12-08,08/12 - 14/12/2025,CARINAS,CASA,465202.04
2025-12-12,2025,12,12,Dez,Dezembro,2025-12,Dez/2025,Sexta,Sex,5,50,2025-12-08,08/12 - 14/12/2025,CARINAS,DELIVERY,8875.26
2025-12-12,2025,12,12,Dez,Dezembro,2025-12,Dez/2025,Sexta,Sex,5,50,2025-12-08,08/12 - 14/12/2025,CHÁCARA,CASA,178103.13
2025-12-12,2025,12,12,Dez,Dezembro,2025-12,Dez/2025,Sexta,Sex,5,50,2025-12-08,08/12 - 14/12/2025,LAPA,CASA,171267.71
2025-12-12,2025,12,12,Dez,Dezembro,2025-12,Dez/2025,Sexta,Sex,5,50,2025-12-08,08/12 - 14/12/2025,LAPA,DELIVERY,2221.56
2025-12-12,2025,12,12,Dez,Dezembro,2025-12,Dez/2025,Sexta,Sex,5,50,2025-12-08,08/12 - 14/12/2025,PAVÃO,CASA,117512.79
2025-12-12,2025,12,12,Dez,Dezembro,2025-12,Dez/2025,Sexta,Sex,5,50,2025-12-08,08/12 - 14/12/2025,PERDIZES,CASA,237053.56
2025-12-12,2025,12,12,Dez,Dezembro,2025-12,Dez/2025,Sexta,Sex,5,50,2025-12-08,08/12 - 14/12/2025,PERDIZES,DELIVERY,3774.95
2025-12-12,2025,12,12,Dez,Dezembro,2025-12,Dez/2025,Sexta,Sex,5,50,2025-12-08,08/12 - 14/12/2025,SANTANA,CASA,424815.88
2025-12-12,2025,12,12,Dez,Dezembro,2025-12,Dez/2025,Sexta,Sex,5,50,2025-12-08,08/12 - 14/12/2025,SANTANA,DELIVERY,2754.65
2025-12-12,2025,12,12,Dez,Dezembro,2025-12,Dez/2025,Sexta,Sex,5,50,2025-12-08,08/12 - 14/12/2025,SANTO ANDRÉ,CASA,207686.89
2025-12-12,2025,12,12,Dez,Dezembro,2025-12,Dez/2025,Sexta,Sex,5,50,2025-12-08,08/12 - 14/12/2025,SANTO ANDRÉ,DELIVERY,926.3
2025-12-12,2025,12,12,Dez,Dezembro,2025-12,Dez/2025,Sexta,Sex,5,50,2025-12-08,08/12 - 14/12/2025,TATUAPÉ,CASA,686471.95
2025-12-12,2025,12,12,Dez,Dezembro,2025-12,Dez/2025,Sexta,Sex,5,50,2025-12-08,08/12 - 14/12/2025,TATUAPÉ,DELIVERY,573.3
2025-12-12,2025,12,12,Dez,Dezembro,2025-12,Dez/2025,Sexta,Sex,5,50,2025-12-08,08/12 - 14/12/2025,VILA MADALENA,CASA,281649.04
2025-12-12,2025,12,12,Dez,Dezembro,2025-12,Dez/2025,Sexta,Sex,5,50,2025-12-08,08/12 - 14/12/2025,VILA MADALENA,DELIVERY,851.6
2025-12-12,2025,12,12,Dez,Dezembro,2025-12,Dez/2025,Sexta,Sex,5,50,2025-12-08,08/12 - 14/12/2025,VILA MARIANA,CASA,142436.13
2025-12-12,2025,12,12,Dez,Dezembro,2025-12,Dez/2025,Sexta,Sex,5,50,2025-12-08,08/12 - 14/12/2025,VILA MARIANA,DELIVERY,3855.89
2025-12-13,2025,12,13,Dez,Dezembro,2025-12,Dez/2025,Sábado,Sáb,6,50,2025-12-08,08/12 - 14/12/2025,CARINAS,CASA,326599.01
2025-12-13,2025,12,13,Dez,Dezembro,2025-12,Dez/2025,Sábado,Sáb,6,50,2025-12-08,08/12 - 14/12/2025,CARINAS,DELIVERY,7110.7
2025-12-13,2025,12,13,Dez,Dezembro,2025-12,Dez/2025,Sábado,Sáb,6,50,2025-12-08,08/12 - 14/12/2025,CHÁCARA,CASA,55277.14
2025-12-13,2025,12,13,Dez,Dezembro,2025-12,Dez/2025,Sábado,Sáb,6,50,2025-12-08,08/12 - 14/12/2025,LAPA,CASA,79447.4
2025-12-13,2025,12,13,Dez,Dezembro,2025-12,Dez/2025,Sábado,Sáb,6,50,2025-12-08,08/12 - 14/12/2025,LAPA,DELIVERY,4354.65
2025-12-13,2025,12,13,Dez,Dezembro,2025-12,Dez/2025,Sábado,Sáb,6,50,2025-12-08,08/12 - 14/12/2025,PAVÃO,CASA,43695.37
2025-12-13,2025,12,13,Dez,Dezembro,2025-12,Dez/2025,Sábado,Sáb,6,50,2025-12-08,08/12 - 14/12/2025,PAVÃO,DELIVERY,3067.17
2025-12-13,2025,12,13,Dez,Dezembro,2025-12,Dez/2025,Sábado,Sáb,6,50,2025-12-08,08/12 - 14/12/2025,PERDIZES,CASA,92629.97
2025-12-13,2025,12,13,Dez,Dezembro,2025-12,Dez/2025,Sábado,Sáb,6,50,2025-12-08,08/12 - 14/12/2025,PERDIZES,DELIVERY,2521.19
2025-12-13,2025,12,13,Dez,Dezembro,2025-12,Dez/2025,Sábado,Sáb,6,50,2025-12-08,08/12 - 14/12/2025,SANTANA,CASA,261812.27
2025-12-13,2025,12,13,Dez,Dezembro,2025-12,Dez/2025,Sábado,Sáb,6,50,2025-12-08,08/12 - 14/12/2025,SANTANA,DELIVERY,1947.57
2025-12-13,2025,12,13,Dez,Dezembro,2025-12,Dez/2025,Sábado,Sáb,6,50,2025-12-08,08/12 - 14/12/2025,SANTO ANDRÉ,CASA,225090.61
2025-12-13,2025,12,13,Dez,Dezembro,2025-12,Dez/2025,Sábado,Sáb,6,50,2025-12-08,08/12 - 14/12/2025,SANTO ANDRÉ,DELIVERY,1403.8
2025-12-13,2025,12,13,Dez,Dezembro,2025-12,Dez/2025,Sábado,Sáb,6,50,2025-12-08,08/12 - 14/12/2025,TATUAPÉ,CASA,325026.7
2025-12-13,2025,12,13,Dez,Dezembro,2025-12,Dez/2025,Sábado,Sáb,6,50,2025-12-08,08/12 - 14/12/2025,TATUAPÉ,DELIVERY,2158.0
2025-12-13,2025,12,13,Dez,Dezembro,2025-12,Dez/2025,Sábado,Sáb,6,50,2025-12-08,08/12 - 14/12/2025,VILA MADALENA,CASA,85437.35
2025-12-13,2025,12,13,Dez,Dezembro,2025-12,Dez/2025,Sábado,Sáb,6,50,2025-12-08,08/12 - 14/12/2025,VILA MARIANA,CASA,104104.8
2025-12-13,2025,12,13,Dez,Dezembro,2025-12,Dez/2025,Sábado,Sáb,6,50,2025-12-08,08/12 - 14/12/2025,VILA MARIANA,DELIVERY,2866.49
2025-12-14,2025,12,14,Dez,Dezembro,2025-12,Dez/2025,Domingo,Dom,7,50,2025-12-08,08/12 - 14/12/2025,CARINAS,CASA,168479.43
2025-12-14,2025,12,14,Dez,Dezembro,2025-12,Dez/2025,Domingo,Dom,7,50,2025-12-08,08/12 - 14/12/2025,CARINAS,DELIVERY,8198.4
2025-12-14,2025,12,14,Dez,Dezembro,2025-12,Dez/2025,Domingo,Dom,7,50,2025-12-08,08/12 - 14/12/2025,CHÁCARA,CASA,8301.55
2025-12-14,2025,12,14,Dez,Dezembro,2025-12,Dez/2025,Domingo,Dom,7,50,2025-12-08,08/12 - 14/12/2025,LAPA,CASA,23794.17
2025-12-14,2025,12,14,Dez,Dezembro,2025-12,Dez/2025,Domingo,Dom,7,50,2025-12-08,08/12 - 14/12/2025,LAPA,DELIVERY,4969.75
2025-12-14,2025,12,14,Dez,Dezembro,2025-12,Dez/2025,Domingo,Dom,7,50,2025-12-08,08/12 - 14/12/2025,PERDIZES,CASA,24115.37
2025-12-14,2025,12,14,Dez,Dezembro,2025-12,Dez/2025,Domingo,Dom,7,50,2025-12-08,08/12 - 14/12/2025,PERDIZES,DELIVERY,4313.89
2025-12-14,2025,12,14,Dez,Dezembro,2025-12,Dez/2025,Domingo,Dom,7,50,2025-12-08,08/12 - 14/12/2025,SANTANA,CASA,87407.25
2025-12-14,2025,12,14,Dez,Dezembro,2025-12,Dez/2025,Domingo,Dom,7,50,2025-12-08,08/12 - 14/12/2025,SANTANA,DELIVERY,7200.38
2025-12-14,2025,12,14,Dez,Dezembro,2025-12,Dez/2025,Domingo,Dom,7,50,2025-12-08,08/12 - 14/12/2025,SANTO ANDRÉ,CASA,73367.16
2025-12-14,2025,12,14,Dez,Dezembro,2025-12,Dez/2025,Domingo,Dom,7,50,2025-12-08,08/12 - 14/12/2025,SANTO ANDRÉ,DELIVERY,1445.7
2025-12-14,2025,12,14,Dez,Dezembro,2025-12,Dez/2025,Domingo,Dom,7,50,2025-12-08,08/12 - 14/12/2025,TATUAPÉ,CASA,100080.98
2025-12-14,2025,12,14,Dez,Dezembro,2025-12,Dez/2025,Domingo,Dom,7,50,2025-12-08,08/12 - 14/12/2025,TATUAPÉ,DELIVERY,3339.7
2025-12-14,2025,12,14,Dez,Dezembro,2025-12,Dez/2025,Domingo,Dom,7,50,2025-12-08,08/12 - 14/12/2025,VILA MADALENA,CASA,53813.25
2025-12-14,2025,12,14,Dez,Dezembro,2025-12,Dez/2025,Domingo,Dom,7,50,2025-12-08,08/12 - 14/12/2025,VILA MADALENA,DELIVERY,4294.2
2025-12-14,2025,12,14,Dez,Dezembro,2025-12,Dez/2025,Domingo,Dom,7,50,2025-12-08,08/12 - 14/12/2025,VILA MARIANA,CASA,33506.87
2025-12-14,2025,12,14,Dez,Dezembro,2025-12,Dez/2025,Domingo,Dom,7,50,2025-12-08,08/12 - 14/12/2025,VILA MARIANA,DELIVERY,5223.87
2025-12-15,2025,12,15,Dez,Dezembro,2025-12,Dez/2025,Segunda,Seg,1,51,2025-12-15,15/12 - 21/12/2025,CARINAS,CASA,300092.4
2025-12-15,2025,12,15,Dez,Dezembro,2025-12,Dez/2025,Segunda,Seg,1,51,2025-12-15,15/12 - 21/12/2025,CARINAS,DELIVERY,5376.69
2025-12-15,2025,12,15,Dez,Dezembro,2025-12,Dez/2025,Segunda,Seg,1,51,2025-12-15,15/12 - 21/12/2025,CHÁCARA,CASA,31473.05
2025-12-15,2025,12,15,Dez,Dezembro,2025-12,Dez/2025,Segunda,Seg,1,51,2025-12-15,15/12 - 21/12/2025,LAPA,CASA,46020.5
2025-12-15,2025,12,15,Dez,Dezembro,2025-12,Dez/2025,Segunda,Seg,1,51,2025-12-15,15/12 - 21/12/2025,PAVÃO,CASA,117279.39
2025-12-15,2025,12,15,Dez,Dezembro,2025-12,Dez/2025,Segunda,Seg,1,51,2025-12-15,15/12 - 21/12/2025,PERDIZES,CASA,50037.86
2025-12-15,2025,12,15,Dez,Dezembro,2025-12,Dez/2025,Segunda,Seg,1,51,2025-12-15,15/12 - 21/12/2025,PERDIZES,DELIVERY,2178.79
2025-12-15,2025,12,15,Dez,Dezembro,2025-12,Dez/2025,Segunda,Seg,1,51,2025-12-15,15/12 - 21/12/2025,SANTANA,CASA,67937.75
2025-12-15,2025,12,15,Dez,Dezembro,2025-12,Dez/2025,Segunda,Seg,1,51,2025-12-15,15/12 - 21/12/2025,SANTANA,DELIVERY,3762.14
2025-12-15,2025,12,15,Dez,Dezembro,2025-12,Dez/2025,Segunda,Seg,1,51,2025-12-15,15/12 - 21/12/2025,SANTO ANDRÉ,CASA,89823.54
2025-12-15,2025,12,15,Dez,Dezembro,2025-12,Dez/2025,Segunda,Seg,1,51,2025-12-15,15/12 - 21/12/2025,SANTO ANDRÉ,DELIVERY,796.2
2025-12-15,2025,12,15,Dez,Dezembro,2025-12,Dez/2025,Segunda,Seg,1,51,2025-12-15,15/12 - 21/12/2025,TATUAPÉ,CASA,74988.87
2025-12-15,2025,12,15,Dez,Dezembro,2025-12,Dez/2025,Segunda,Seg,1,51,2025-12-15,15/12 - 21/12/2025,TATUAPÉ,DELIVERY,1255.14
2025-12-15,2025,12,15,Dez,Dezembro,2025-12,Dez/2025,Segunda,Seg,1,51,2025-12-15,15/12 - 21/12/2025,VILA MADALENA,CASA,174567.42
2025-12-15,2025,12,15,Dez,Dezembro,2025-12,Dez/2025,Segunda,Seg,1,51,2025-12-15,15/12 - 21/12/2025,VILA MARIANA,CASA,51930.13
2025-12-15,2025,12,15,Dez,Dezembro,2025-12,Dez/2025,Segunda,Seg,1,51,2025-12-15,15/12 - 21/12/2025,VILA MARIANA,DELIVERY,897.9
2025-12-16,2025,12,16,Dez,Dezembro,2025-12,Dez/2025,Terça,Ter,2,51,2025-12-15,15/12 - 21/12/2025,CARINAS,CASA,264106.76
2025-12-16,2025,12,16,Dez,Dezembro,2025-12,Dez/2025,Terça,Ter,2,51,2025-12-15,15/12 - 21/12/2025,CARINAS,DELIVERY,3821.87
2025-12-16,2025,12,16,Dez,Dezembro,2025-12,Dez/2025,Terça,Ter,2,51,2025-12-15,15/12 - 21/12/2025,CHÁCARA,CASA,117029.34
2025-12-16,2025,12,16,Dez,Dezembro,2025-12,Dez/2025,Terça,Ter,2,51,2025-12-15,15/12 - 21/12/2025,LAPA,CASA,105833.31
2025-12-16,2025,12,16,Dez,Dezembro,2025-12,Dez/2025,Terça,Ter,2,51,2025-12-15,15/12 - 21/12/2025,LAPA,DELIVERY,119.2
2025-12-16,2025,12,16,Dez,Dezembro,2025-12,Dez/2025,Terça,Ter,2,51,2025-12-15,15/12 - 21/12/2025,PAVÃO,CASA,95511.54
2025-12-16,2025,12,16,Dez,Dezembro,2025-12,Dez/2025,Terça,Ter,2,51,2025-12-15,15/12 - 21/12/2025,PAVÃO,DELIVERY,1465.71
2025-12-16,2025,12,16,Dez,Dezembro,2025-12,Dez/2025,Terça,Ter,2,51,2025-12-15,15/12 - 21/12/2025,PERDIZES,CASA,77518.94
2025-12-16,2025,12,16,Dez,Dezembro,2025-12,Dez/2025,Terça,Ter,2,51,2025-12-15,15/12 - 21/12/2025,PERDIZES,DELIVERY,2023.96
2025-12-16,2025,12,16,Dez,Dezembro,2025-12,Dez/2025,Terça,Ter,2,51,2025-12-15,15/12 - 21/12/2025,SANTANA,CASA,62432.5
2025-12-16,2025,12,16,Dez,Dezembro,2025-12,Dez/2025,Terça,Ter,2,51,2025-12-15,15/12 - 21/12/2025,SANTANA,DELIVERY,3299.18
2025-12-16,2025,12,16,Dez,Dezembro,2025-12,Dez/2025,Terça,Ter,2,51,2025-12-15,15/12 - 21/12/2025,SANTO ANDRÉ,CASA,56346.05
2025-12-16,2025,12,16,Dez,Dezembro,2025-12,Dez/2025,Terça,Ter,2,51,2025-12-15,15/12 - 21/12/2025,SANTO ANDRÉ,DELIVERY,560.4
2025-12-16,2025,12,16,Dez,Dezembro,2025-12,Dez/2025,Terça,Ter,2,51,2025-12-15,15/12 - 21/12/2025,TATUAPÉ,CASA,106608.49
2025-12-16,2025,12,16,Dez,Dezembro,2025-12,Dez/2025,Terça,Ter,2,51,2025-12-15,15/12 - 21/12/2025,TATUAPÉ,DELIVERY,975.69
2025-12-16,2025,12,16,Dez,Dezembro,2025-12,Dez/2025,Terça,Ter,2,51,2025-12-15,15/12 - 21/12/2025,VILA MADALENA,CASA,75895.21
2025-12-16,2025,12,16,Dez,Dezembro,2025-12,Dez/2025,Terça,Ter,2,51,2025-12-15,15/12 - 21/12/2025,VILA MARIANA,CASA,99940.34
2025-12-16,2025,12,16,Dez,Dezembro,2025-12,Dez/2025,Terça,Ter,2,51,2025-12-15,15/12 - 21/12/2025,VILA MARIANA,DELIVERY,3213.5
2025-12-17,2025,12,17,Dez,Dezembro,2025-12,Dez/2025,Quarta,Qua,3,51,2025-12-15,15/12 - 21/12/2025,CARINAS,CASA,304133.8
2025-12-17,2025,12,17,Dez,Dezembro,2025-12,Dez/2025,Quarta,Qua,3,51,2025-12-15,15/12 - 21/12/2025,CARINAS,DELIVERY,3751.19
2025-12-17,2025,12,17,Dez,Dezembro,2025-12,Dez/2025,Quarta,Qua,3,51,2025-12-15,15/12 - 21/12/2025,CHÁCARA,CASA,148071.93
2025-12-17,2025,12,17,Dez,Dezembro,2025-12,Dez/2025,Quarta,Qua,3,51,2025-12-15,15/12 - 21/12/2025,LAPA,CASA,53381.67
2025-12-17,2025,12,17,Dez,Dezembro,2025-12,Dez/2025,Quarta,Qua,3,51,2025-12-15,15/12 - 21/12/2025,LAPA,DELIVERY,3788.79
2025-12-17,2025,12,17,Dez,Dezembro,2025-12,Dez/2025,Quarta,Qua,3,51,2025-12-15,15/12 - 21/12/2025,PAVÃO,CASA,98442.68
2025-12-17,2025,12,17,Dez,Dezembro,2025-12,Dez/2025,Quarta,Qua,3,51,2025-12-15,15/12 - 21/12/2025,PAVÃO,DELIVERY,1120.99
2025-12-17,2025,12,17,Dez,Dezembro,2025-12,Dez/2025,Quarta,Qua,3,51,2025-12-15,15/12 - 21/12/2025,PERDIZES,CASA,115212.03
2025-12-17,2025,12,17,Dez,Dezembro,2025-12,Dez/2025,Quarta,Qua,3,51,2025-12-15,15/12 - 21/12/2025,PERDIZES,DELIVERY,1470.4
2025-12-17,2025,12,17,Dez,Dezembro,2025-12,Dez/2025,Quarta,Qua,3,51,2025-12-15,15/12 - 21/12/2025,SANTANA,CASA,300964.28
2025-12-17,2025,12,17,Dez,Dezembro,2025-12,Dez/2025,Quarta,Qua,3,51,2025-12-15,15/12 - 21/12/2025,SANTANA,DELIVERY,2213.66
2025-12-17,2025,12,17,Dez,Dezembro,2025-12,Dez/2025,Quarta,Qua,3,51,2025-12-15,15/12 - 21/12/2025,SANTO ANDRÉ,CASA,72503.89
2025-12-17,2025,12,17,Dez,Dezembro,2025-12,Dez/2025,Quarta,Qua,3,51,2025-12-15,15/12 - 21/12/2025,SANTO ANDRÉ,DELIVERY,672.6
2025-12-17,2025,12,17,Dez,Dezembro,2025-12,Dez/2025,Quarta,Qua,3,51,2025-12-15,15/12 - 21/12/2025,TATUAPÉ,CASA,196146.7
2025-12-17,2025,12,17,Dez,Dezembro,2025-12,Dez/2025,Quarta,Qua,3,51,2025-12-15,15/12 - 21/12/2025,TATUAPÉ,DELIVERY,1266.11
2025-12-17,2025,12,17,Dez,Dezembro,2025-12,Dez/2025,Quarta,Qua,3,51,2025-12-15,15/12 - 21/12/2025,VILA MADALENA,CASA,165097.67
2025-12-17,2025,12,17,Dez,Dezembro,2025-12,Dez/2025,Quarta,Qua,3,51,2025-12-15,15/12 - 21/12/2025,VILA MADALENA,DELIVERY,1089.69
2025-12-17,2025,12,17,Dez,Dezembro,2025-12,Dez/2025,Quarta,Qua,3,51,2025-12-15,15/12 - 21/12/2025,VILA MARIANA,CASA,74241.58
2025-12-17,2025,12,17,Dez,Dezembro,2025-12,Dez/2025,Quarta,Qua,3,51,2025-12-15,15/12 - 21/12/2025,VILA MARIANA,DELIVERY,4550.07
2025-12-18,2025,12,18,Dez,Dezembro,2025-12,Dez/2025,Quinta,Qui,4,51,2025-12-15,15/12 - 21/12/2025,CARINAS,CASA,370508.08
2025-12-18,2025,12,18,Dez,Dezembro,2025-12,Dez/2025,Quinta,Qui,4,51,2025-12-15,15/12 - 21/12/2025,CARINAS,DELIVERY,4428.49
2025-12-18,2025,12,18,Dez,Dezembro,2025-12,Dez/2025,Quinta,Qui,4,51,2025-12-15,15/12 - 21/12/2025,CHÁCARA,CASA,162413.87
2025-12-18,2025,12,18,Dez,Dezembro,2025-12,Dez/2025,Quinta,Qui,4,51,2025-12-15,15/12 - 21/12/2025,LAPA,CASA,83448.35
2025-12-18,2025,12,18,Dez,Dezembro,2025-12,Dez/2025,Quinta,Qui,4,51,2025-12-15,15/12 - 21/12/2025,LAPA,DELIVERY,1790.29
2025-12-18,2025,12,18,Dez,Dezembro,2025-12,Dez/2025,Quinta,Qui,4,51,2025-12-15,15/12 - 21/12/2025,PAVÃO,CASA,114283.47
2025-12-18,2025,12,18,Dez,Dezembro,2025-12,Dez/2025,Quinta,Qui,4,51,2025-12-15,15/12 - 21/12/2025,PAVÃO,DELIVERY,1125.98
2025-12-18,2025,12,18,Dez,Dezembro,2025-12,Dez/2025,Quinta,Qui,4,51,2025-12-15,15/12 - 21/12/2025,PERDIZES,CASA,158734.64
2025-12-18,2025,12,18,Dez,Dezembro,2025-12,Dez/2025,Quinta,Qui,4,51,2025-12-15,15/12 - 21/12/2025,PERDIZES,DELIVERY,2253.28
2025-12-18,2025,12,18,Dez,Dezembro,2025-12,Dez/2025,Quinta,Qui,4,51,2025-12-15,15/12 - 21/12/2025,SANTANA,CASA,430968.62
2025-12-18,2025,12,18,Dez,Dezembro,2025-12,Dez/2025,Quinta,Qui,4,51,2025-12-15,15/12 - 21/12/2025,SANTANA,DELIVERY,1861.55
2025-12-18,2025,12,18,Dez,Dezembro,2025-12,Dez/2025,Quinta,Qui,4,51,2025-12-15,15/12 - 21/12/2025,SANTO ANDRÉ,CASA,109529.79
2025-12-18,2025,12,18,Dez,Dezembro,2025-12,Dez/2025,Quinta,Qui,4,51,2025-12-15,15/12 - 21/12/2025,SANTO ANDRÉ,DELIVERY,687.8
2025-12-18,2025,12,18,Dez,Dezembro,2025-12,Dez/2025,Quinta,Qui,4,51,2025-12-15,15/12 - 21/12/2025,TATUAPÉ,CASA,214501.48
2025-12-18,2025,12,18,Dez,Dezembro,2025-12,Dez/2025,Quinta,Qui,4,51,2025-12-15,15/12 - 21/12/2025,TATUAPÉ,DELIVERY,1852.84
2025-12-18,2025,12,18,Dez,Dezembro,2025-12,Dez/2025,Quinta,Qui,4,51,2025-12-15,15/12 - 21/12/2025,VILA MADALENA,CASA,195662.36
2025-12-18,2025,12,18,Dez,Dezembro,2025-12,Dez/2025,Quinta,Qui,4,51,2025-12-15,15/12 - 21/12/2025,VILA MADALENA,DELIVERY,554.89
2025-12-18,2025,12,18,Dez,Dezembro,2025-12,Dez/2025,Quinta,Qui,4,51,2025-12-15,15/12 - 21/12/2025,VILA MARIANA,CASA,83539.09
2025-12-18,2025,12,18,Dez,Dezembro,2025-12,Dez/2025,Quinta,Qui,4,51,2025-12-15,15/12 - 21/12/2025,VILA MARIANA,DELIVERY,3222.69
2025-12-19,2025,12,19,Dez,Dezembro,2025-12,Dez/2025,Sexta,Sex,5,51,2025-12-15,15/12 - 21/12/2025,CARINAS,CASA,646797.91
2025-12-19,2025,12,19,Dez,Dezembro,2025-12,Dez/2025,Sexta,Sex,5,51,2025-12-15,15/12 - 21/12/2025,CARINAS,DELIVERY,3462.4
2025-12-19,2025,12,19,Dez,Dezembro,2025-12,Dez/2025,Sexta,Sex,5,51,2025-12-15,15/12 - 21/12/2025,CHÁCARA,CASA,191385.76
2025-12-19,2025,12,19,Dez,Dezembro,2025-12,Dez/2025,Sexta,Sex,5,51,2025-12-15,15/12 - 21/12/2025,LAPA,CASA,187645.17
2025-12-19,2025,12,19,Dez,Dezembro,2025-12,Dez/2025,Sexta,Sex,5,51,2025-12-15,15/12 - 21/12/2025,LAPA,DELIVERY,757.9
2025-12-19,2025,12,19,Dez,Dezembro,2025-12,Dez/2025,Sexta,Sex,5,51,2025-12-15,15/12 - 21/12/2025,PAVÃO,CASA,121215.33
2025-12-19,2025,12,19,Dez,Dezembro,2025-12,Dez/2025,Sexta,Sex,5,51,2025-12-15,15/12 - 21/12/2025,PAVÃO,DELIVERY,1458.75
2025-12-19,2025,12,19,Dez,Dezembro,2025-12,Dez/2025,Sexta,Sex,5,51,2025-12-15,15/12 - 21/12/2025,PERDIZES,CASA,195216.05
2025-12-19,2025,12,19,Dez,Dezembro,2025-12,Dez/2025,Sexta,Sex,5,51,2025-12-15,15/12 - 21/12/2025,PERDIZES,DELIVERY,3956.39
2025-12-19,2025,12,19,Dez,Dezembro,2025-12,Dez/2025,Sexta,Sex,5,51,2025-12-15,15/12 - 21/12/2025,SANTANA,CASA,380202.48
2025-12-19,2025,12,19,Dez,Dezembro,2025-12,Dez/2025,Sexta,Sex,5,51,2025-12-15,15/12 - 21/12/2025,SANTANA,DELIVERY,1330.58
2025-12-19,2025,12,19,Dez,Dezembro,2025-12,Dez/2025,Sexta,Sex,5,51,2025-12-15,15/12 - 21/12/2025,SANTO ANDRÉ,CASA,304521.24
2025-12-19,2025,12,19,Dez,Dezembro,2025-12,Dez/2025,Sexta,Sex,5,51,2025-12-15,15/12 - 21/12/2025,SANTO ANDRÉ,DELIVERY,1238.6
2025-12-19,2025,12,19,Dez,Dezembro,2025-12,Dez/2025,Sexta,Sex,5,51,2025-12-15,15/12 - 21/12/2025,TATUAPÉ,CASA,643642.09
2025-12-19,2025,12,19,Dez,Dezembro,2025-12,Dez/2025,Sexta,Sex,5,51,2025-12-15,15/12 - 21/12/2025,TATUAPÉ,DELIVERY,99.29
2025-12-19,2025,12,19,Dez,Dezembro,2025-12,Dez/2025,Sexta,Sex,5,51,2025-12-15,15/12 - 21/12/2025,VILA MADALENA,CASA,240492.88
2025-12-19,2025,12,19,Dez,Dezembro,2025-12,Dez/2025,Sexta,Sex,5,51,2025-12-15,15/12 - 21/12/2025,VILA MADALENA,DELIVERY,1294.2
2025-12-19,2025,12,19,Dez,Dezembro,2025-12,Dez/2025,Sexta,Sex,5,51,2025-12-15,15/12 - 21/12/2025,VILA MARIANA,CASA,161214.81
2025-12-19,2025,12,19,Dez,Dezembro,2025-12,Dez/2025,Sexta,Sex,5,51,2025-12-15,15/12 - 21/12/2025,VILA MARIANA,DELIVERY,1481.79
2025-12-20,2025,12,20,Dez,Dezembro,2025-12,Dez/2025,Sábado,Sáb,6,51,2025-12-15,15/12 - 21/12/2025,CARINAS,CASA,266915.03
2025-12-20,2025,12,20,Dez,Dezembro,2025-12,Dez/2025,Sábado,Sáb,6,51,2025-12-15,15/12 - 21/12/2025,CARINAS,DELIVERY,5228.98
2025-12-20,2025,12,20,Dez,Dezembro,2025-12,Dez/2025,Sábado,Sáb,6,51,2025-12-15,15/12 - 21/12/2025,CHÁCARA,CASA,39106.65
2025-12-20,2025,12,20,Dez,Dezembro,2025-12,Dez/2025,Sábado,Sáb,6,51,2025-12-15,15/12 - 21/12/2025,LAPA,CASA,66442.6
2025-12-20,2025,12,20,Dez,Dezembro,2025-12,Dez/2025,Sábado,Sáb,6,51,2025-12-15,15/12 - 21/12/2025,LAPA,DELIVERY,2385.07
2025-12-20,2025,12,20,Dez,Dezembro,2025-12,Dez/2025,Sábado,Sáb,6,51,2025-12-15,15/12 - 21/12/2025,PAVÃO,CASA,46502.03
2025-12-20,2025,12,20,Dez,Dezembro,2025-12,Dez/2025,Sábado,Sáb,6,51,2025-12-15,15/12 - 21/12/2025,PAVÃO,DELIVERY,2685.88
2025-12-20,2025,12,20,Dez,Dezembro,2025-12,Dez/2025,Sábado,Sáb,6,51,2025-12-15,15/12 - 21/12/2025,PERDIZES,CASA,45481.41
2025-12-20,2025,12,20,Dez,Dezembro,2025-12,Dez/2025,Sábado,Sáb,6,51,2025-12-15,15/12 - 21/12/2025,PERDIZES,DELIVERY,2137.29
2025-12-20,2025,12,20,Dez,Dezembro,2025-12,Dez/2025,Sábado,Sáb,6,51,2025-12-15,15/12 - 21/12/2025,SANTANA,CASA,256411.52
2025-12-20,2025,12,20,Dez,Dezembro,2025-12,Dez/2025,Sábado,Sáb,6,51,2025-12-15,15/12 - 21/12/2025,SANTANA,DELIVERY,4932.65
2025-12-20,2025,12,20,Dez,Dezembro,2025-12,Dez/2025,Sábado,Sáb,6,51,2025-12-15,15/12 - 21/12/2025,SANTO ANDRÉ,CASA,167725.14
2025-12-20,2025,12,20,Dez,Dezembro,2025-12,Dez/2025,Sábado,Sáb,6,51,2025-12-15,15/12 - 21/12/2025,SANTO ANDRÉ,DELIVERY,1323.6
2025-12-20,2025,12,20,Dez,Dezembro,2025-12,Dez/2025,Sábado,Sáb,6,51,2025-12-15,15/12 - 21/12/2025,TATUAPÉ,CASA,233660.38
2025-12-20,2025,12,20,Dez,Dezembro,2025-12,Dez/2025,Sábado,Sáb,6,51,2025-12-15,15/12 - 21/12/2025,TATUAPÉ,DELIVERY,3291.75
2025-12-20,2025,12,20,Dez,Dezembro,2025-12,Dez/2025,Sábado,Sáb,6,51,2025-12-15,15/12 - 21/12/2025,VILA MADALENA,CASA,80224.67
2025-12-20,2025,12,20,Dez,Dezembro,2025-12,Dez/2025,Sábado,Sáb,6,51,2025-12-15,15/12 - 21/12/2025,VILA MARIANA,CASA,61715.07
2025-12-20,2025,12,20,Dez,Dezembro,2025-12,Dez/2025,Sábado,Sáb,6,51,2025-12-15,15/12 - 21/12/2025,VILA MARIANA,DELIVERY,3949.69
2025-12-21,2025,12,21,Dez,Dezembro,2025-12,Dez/2025,Domingo,Dom,7,51,2025-12-15,15/12 - 21/12/2025,CARINAS,CASA,138572.84
2025-12-21,2025,12,21,Dez,Dezembro,2025-12,Dez/2025,Domingo,Dom,7,51,2025-12-15,15/12 - 21/12/2025,CARINAS,DELIVERY,7243.41
2025-12-21,2025,12,21,Dez,Dezembro,2025-12,Dez/2025,Domingo,Dom,7,51,2025-12-15,15/12 - 21/12/2025,CHÁCARA,CASA,18858.34
2025-12-21,2025,12,21,Dez,Dezembro,2025-12,Dez/2025,Domingo,Dom,7,51,2025-12-15,15/12 - 21/12/2025,LAPA,CASA,26800.12
2025-12-21,2025,12,21,Dez,Dezembro,2025-12,Dez/2025,Domingo,Dom,7,51,2025-12-15,15/12 - 21/12/2025,LAPA,DELIVERY,5504.54
2025-12-21,2025,12,21,Dez,Dezembro,2025-12,Dez/2025,Domingo,Dom,7,51,2025-12-15,15/12 - 21/12/2025,PAVÃO,CASA,34109.34
2025-12-21,2025,12,21,Dez,Dezembro,2025-12,Dez/2025,Domingo,Dom,7,51,2025-12-15,15/12 - 21/12/2025,PAVÃO,DELIVERY,825.96
2025-12-21,2025,12,21,Dez,Dezembro,2025-12,Dez/2025,Domingo,Dom,7,51,2025-12-15,15/12 - 21/12/2025,PERDIZES,CASA,30032.42
2025-12-21,2025,12,21,Dez,Dezembro,2025-12,Dez/2025,Domingo,Dom,7,51,2025-12-15,15/12 - 21/12/2025,PERDIZES,DELIVERY,3858.3
2025-12-21,2025,12,21,Dez,Dezembro,2025-12,Dez/2025,Domingo,Dom,7,51,2025-12-15,15/12 - 21/12/2025,SANTANA,CASA,59600.5
2025-12-21,2025,12,21,Dez,Dezembro,2025-12,Dez/2025,Domingo,Dom,7,51,2025-12-15,15/12 - 21/12/2025,SANTANA,DELIVERY,5010.17
2025-12-21,2025,12,21,Dez,Dezembro,2025-12,Dez/2025,Domingo,Dom,7,51,2025-12-15,15/12 - 21/12/2025,SANTO ANDRÉ,CASA,120355.69
2025-12-21,2025,12,21,Dez,Dezembro,2025-12,Dez/2025,Domingo,Dom,7,51,2025-12-15,15/12 - 21/12/2025,SANTO ANDRÉ,DELIVERY,1416.8
2025-12-21,2025,12,21,Dez,Dezembro,2025-12,Dez/2025,Domingo,Dom,7,51,2025-12-15,15/12 - 21/12/2025,TATUAPÉ,CASA,80075.79
2025-12-21,2025,12,21,Dez,Dezembro,2025-12,Dez/2025,Domingo,Dom,7,51,2025-12-15,15/12 - 21/12/2025,TATUAPÉ,DELIVERY,3551.8
2025-12-21,2025,12,21,Dez,Dezembro,2025-12,Dez/2025,Domingo,Dom,7,51,2025-12-15,15/12 - 21/12/2025,VILA MADALENA,CASA,14626.21
2025-12-21,2025,12,21,Dez,Dezembro,2025-12,Dez/2025,Domingo,Dom,7,51,2025-12-15,15/12 - 21/12/2025,VILA MADALENA,DELIVERY,1538.29
2025-12-21,2025,12,21,Dez,Dezembro,2025-12,Dez/2025,Domingo,Dom,7,51,2025-12-15,15/12 - 21/12/2025,VILA MARIANA,CASA,39553.56
2025-12-21,2025,12,21,Dez,Dezembro,2025-12,Dez/2025,Domingo,Dom,7,51,2025-12-15,15/12 - 21/12/2025,VILA MARIANA,DELIVERY,8314.0
2025-12-22,2025,12,22,Dez,Dezembro,2025-12,Dez/2025,Segunda,Seg,1,52,2025-12-22,22/12 - 28/12/2025,CARINAS,CASA,42699.45
2025-12-22,2025,12,22,Dez,Dezembro,2025-12,Dez/2025,Segunda,Seg,1,52,2025-12-22,22/12 - 28/12/2025,CARINAS,DELIVERY,1376.2
2025-12-22,2025,12,22,Dez,Dezembro,2025-12,Dez/2025,Segunda,Seg,1,52,2025-12-22,22/12 - 28/12/2025,CHÁCARA,CASA,38540.02
2025-12-22,2025,12,22,Dez,Dezembro,2025-12,Dez/2025,Segunda,Seg,1,52,2025-12-22,22/12 - 28/12/2025,CHÁCARA,DELIVERY,984.4
2025-12-22,2025,12,22,Dez,Dezembro,2025-12,Dez/2025,Segunda,Seg,1,52,2025-12-22,22/12 - 28/12/2025,PAVÃO,CASA,35549.09
2025-12-22,2025,12,22,Dez,Dezembro,2025-12,Dez/2025,Segunda,Seg,1,52,2025-12-22,22/12 - 28/12/2025,PAVÃO,DELIVERY,845.88
2025-12-22,2025,12,22,Dez,Dezembro,2025-12,Dez/2025,Segunda,Seg,1,52,2025-12-22,22/12 - 28/12/2025,SANTANA,CASA,124001.56
2025-12-22,2025,12,22,Dez,Dezembro,2025-12,Dez/2025,Segunda,Seg,1,52,2025-12-22,22/12 - 28/12/2025,SANTO ANDRÉ,CASA,30649.77
2025-12-22,2025,12,22,Dez,Dezembro,2025-12,Dez/2025,Segunda,Seg,1,52,2025-12-22,22/12 - 28/12/2025,SANTO ANDRÉ,DELIVERY,427.3
2025-12-22,2025,12,22,Dez,Dezembro,2025-12,Dez/2025,Segunda,Seg,1,52,2025-12-22,22/12 - 28/12/2025,TATUAPÉ,CASA,117273.98
2025-12-22,2025,12,22,Dez,Dezembro,2025-12,Dez/2025,Segunda,Seg,1,52,2025-12-22,22/12 - 28/12/2025,TATUAPÉ,DELIVERY,1718.89
2025-12-22,2025,12,22,Dez,Dezembro,2025-12,Dez/2025,Segunda,Seg,1,52,2025-12-22,22/12 - 28/12/2025,VILA MADALENA,CASA,27011.35
2025-12-22,2025,12,22,Dez,Dezembro,2025-12,Dez/2025,Segunda,Seg,1,52,2025-12-22,22/12 - 28/12/2025,VILA MADALENA,DELIVERY,1093.19
2025-12-22,2025,12,22,Dez,Dezembro,2025-12,Dez/2025,Segunda,Seg,1,52,2025-12-22,22/12 - 28/12/2025,VILA MARIANA,CASA,59492.8
2025-12-22,2025,12,22,Dez,Dezembro,2025-12,Dez/2025,Segunda,Seg,1,52,2025-12-22,22/12 - 28/12/2025,VILA MARIANA,DELIVERY,3490.07
2025-12-23,2025,12,23,Dez,Dezembro,2025-12,Dez/2025,Terça,Ter,2,52,2025-12-22,22/12 - 28/12/2025,CARINAS,CASA,71976.09
2025-12-23,2025,12,23,Dez,Dezembro,2025-12,Dez/2025,Terça,Ter,2,52,2025-12-22,22/12 - 28/12/2025,CARINAS,DELIVERY,1460.89
2025-12-23,2025,12,23,Dez,Dezembro,2025-12,Dez/2025,Terça,Ter,2,52,2025-12-22,22/12 - 28/12/2025,CHÁCARA,CASA,5403.62
2025-12-23,2025,12,23,Dez,Dezembro,2025-12,Dez/2025,Terça,Ter,2,52,2025-12-22,22/12 - 28/12/2025,CHÁCARA,DELIVERY,1666.7
2025-12-23,2025,12,23,Dez,Dezembro,2025-12,Dez/2025,Terça,Ter,2,52,2025-12-22,22/12 - 28/12/2025,LAPA,CASA,28322.67
2025-12-23,2025,12,23,Dez,Dezembro,2025-12,Dez/2025,Terça,Ter,2,52,2025-12-22,22/12 - 28/12/2025,PAVÃO,CASA,7365.56
2025-12-23,2025,12,23,Dez,Dezembro,2025-12,Dez/2025,Terça,Ter,2,52,2025-12-22,22/12 - 28/12/2025,PAVÃO,DELIVERY,498.91
2025-12-23,2025,12,23,Dez,Dezembro,2025-12,Dez/2025,Terça,Ter,2,52,2025-12-22,22/12 - 28/12/2025,PERDIZES,CASA,17566.36
2025-12-23,2025,12,23,Dez,Dezembro,2025-12,Dez/2025,Terça,Ter,2,52,2025-12-22,22/12 - 28/12/2025,PERDIZES,DELIVERY,1540.89
2025-12-23,2025,12,23,Dez,Dezembro,2025-12,Dez/2025,Terça,Ter,2,52,2025-12-22,22/12 - 28/12/2025,SANTANA,CASA,99256.26
2025-12-23,2025,12,23,Dez,Dezembro,2025-12,Dez/2025,Terça,Ter,2,52,2025-12-22,22/12 - 28/12/2025,SANTO ANDRÉ,CASA,87718.55
2025-12-23,2025,12,23,Dez,Dezembro,2025-12,Dez/2025,Terça,Ter,2,52,2025-12-22,22/12 - 28/12/2025,SANTO ANDRÉ,DELIVERY,625.7
2025-12-23,2025,12,23,Dez,Dezembro,2025-12,Dez/2025,Terça,Ter,2,52,2025-12-22,22/12 - 28/12/2025,TATUAPÉ,CASA,106904.65
2025-12-23,2025,12,23,Dez,Dezembro,2025-12,Dez/2025,Terça,Ter,2,52,2025-12-22,22/12 - 28/12/2025,TATUAPÉ,DELIVERY,1315.99
2025-12-23,2025,12,23,Dez,Dezembro,2025-12,Dez/2025,Terça,Ter,2,52,2025-12-22,22/12 - 28/12/2025,VILA MADALENA,CASA,17988.41
2025-12-23,2025,12,23,Dez,Dezembro,2025-12,Dez/2025,Terça,Ter,2,52,2025-12-22,22/12 - 28/12/2025,VILA MADALENA,DELIVERY,816.9
2025-12-23,2025,12,23,Dez,Dezembro,2025-12,Dez/2025,Terça,Ter,2,52,2025-12-22,22/12 - 28/12/2025,VILA MARIANA,CASA,30969.02
2025-12-23,2025,12,23,Dez,Dezembro,2025-12,Dez/2025,Terça,Ter,2,52,2025-12-22,22/12 - 28/12/2025,VILA MARIANA,DELIVERY,3856.1
2025-12-24,2025,12,24,Dez,Dezembro,2025-12,Dez/2025,Quarta,Qua,3,52,2025-12-22,22/12 - 28/12/2025,LAPA,DELIVERY,3110.99
2025-12-26,2025,12,26,Dez,Dezembro,2025-12,Dez/2025,Sexta,Sex,5,52,2025-12-22,22/12 - 28/12/2025,CARINAS,CASA,24239.09
2025-12-26,2025,12,26,Dez,Dezembro,2025-12,Dez/2025,Sexta,Sex,5,52,2025-12-22,22/12 - 28/12/2025,CARINAS,DELIVERY,1835.72
2025-12-26,2025,12,26,Dez,Dezembro,2025-12,Dez/2025,Sexta,Sex,5,52,2025-12-22,22/12 - 28/12/2025,CHÁCARA,CASA,3599.44
2025-12-26,2025,12,26,Dez,Dezembro,2025-12,Dez/2025,Sexta,Sex,5,52,2025-12-22,22/12 - 28/12/2025,CHÁCARA,DELIVERY,1117.6
2025-12-26,2025,12,26,Dez,Dezembro,2025-12,Dez/2025,Sexta,Sex,5,52,2025-12-22,22/12 - 28/12/2025,LAPA,CASA,5086.74
2025-12-26,2025,12,26,Dez,Dezembro,2025-12,Dez/2025,Sexta,Sex,5,52,2025-12-22,22/12 - 28/12/2025,LAPA,DELIVERY,1862.99
2025-12-26,2025,12,26,Dez,Dezembro,2025-12,Dez/2025,Sexta,Sex,5,52,2025-12-22,22/12 - 28/12/2025,PAVÃO,CASA,7067.75
2025-12-26,2025,12,26,Dez,Dezembro,2025-12,Dez/2025,Sexta,Sex,5,52,2025-12-22,22/12 - 28/12/2025,PAVÃO,DELIVERY,847.31
2025-12-26,2025,12,26,Dez,Dezembro,2025-12,Dez/2025,Sexta,Sex,5,52,2025-12-22,22/12 - 28/12/2025,PERDIZES,CASA,5066.63
2025-12-26,2025,12,26,Dez,Dezembro,2025-12,Dez/2025,Sexta,Sex,5,52,2025-12-22,22/12 - 28/12/2025,PERDIZES,DELIVERY,864.79
2025-12-26,2025,12,26,Dez,Dezembro,2025-12,Dez/2025,Sexta,Sex,5,52,2025-12-22,22/12 - 28/12/2025,SANTANA,CASA,15778.08
2025-12-26,2025,12,26,Dez,Dezembro,2025-12,Dez/2025,Sexta,Sex,5,52,2025-12-22,22/12 - 28/12/2025,SANTANA,DELIVERY,1249.29
2025-12-26,2025,12,26,Dez,Dezembro,2025-12,Dez/2025,Sexta,Sex,5,52,2025-12-22,22/12 - 28/12/2025,SANTO ANDRÉ,CASA,16900.51
2025-12-26,2025,12,26,Dez,Dezembro,2025-12,Dez/2025,Sexta,Sex,5,52,2025-12-22,22/12 - 28/12/2025,SANTO ANDRÉ,DELIVERY,244.6
2025-12-26,2025,12,26,Dez,Dezembro,2025-12,Dez/2025,Sexta,Sex,5,52,2025-12-22,22/12 - 28/12/2025,TATUAPÉ,CASA,7558.29
2025-12-26,2025,12,26,Dez,Dezembro,2025-12,Dez/2025,Sexta,Sex,5,52,2025-12-22,22/12 - 28/12/2025,TATUAPÉ,DELIVERY,1464.15
2025-12-26,2025,12,26,Dez,Dezembro,2025-12,Dez/2025,Sexta,Sex,5,52,2025-12-22,22/12 - 28/12/2025,VILA MADALENA,CASA,53283.04
2025-12-26,2025,12,26,Dez,Dezembro,2025-12,Dez/2025,Sexta,Sex,5,52,2025-12-22,22/12 - 28/12/2025,VILA MARIANA,CASA,31369.42
2025-12-27,2025,12,27,Dez,Dezembro,2025-12,Dez/2025,Sábado,Sáb,6,52,2025-12-22,22/12 - 28/12/2025,CARINAS,CASA,173402.26
2025-12-27,2025,12,27,Dez,Dezembro,2025-12,Dez/2025,Sábado,Sáb,6,52,2025-12-22,22/12 - 28/12/2025,CARINAS,DELIVERY,6103.91
2025-12-27,2025,12,27,Dez,Dezembro,2025-12,Dez/2025,Sábado,Sáb,6,52,2025-12-22,22/12 - 28/12/2025,CHÁCARA,CASA,15824.39
2025-12-27,2025,12,27,Dez,Dezembro,2025-12,Dez/2025,Sábado,Sáb,6,52,2025-12-22,22/12 - 28/12/2025,LAPA,CASA,17578.4
2025-12-27,2025,12,27,Dez,Dezembro,2025-12,Dez/2025,Sábado,Sáb,6,52,2025-12-22,22/12 - 28/12/2025,LAPA,DELIVERY,5767.89
2025-12-27,2025,12,27,Dez,Dezembro,2025-12,Dez/2025,Sábado,Sáb,6,52,2025-12-22,22/12 - 28/12/2025,PAVÃO,CASA,18018.99
2025-12-27,2025,12,27,Dez,Dezembro,2025-12,Dez/2025,Sábado,Sáb,6,52,2025-12-22,22/12 - 28/12/2025,PAVÃO,DELIVERY,1482.13
2025-12-27,2025,12,27,Dez,Dezembro,2025-12,Dez/2025,Sábado,Sáb,6,52,2025-12-22,22/12 - 28/12/2025,PERDIZES,CASA,16369.27
2025-12-27,2025,12,27,Dez,Dezembro,2025-12,Dez/2025,Sábado,Sáb,6,52,2025-12-22,22/12 - 28/12/2025,PERDIZES,DELIVERY,1132.7
2025-12-27,2025,12,27,Dez,Dezembro,2025-12,Dez/2025,Sábado,Sáb,6,52,2025-12-22,22/12 - 28/12/2025,SANTANA,CASA,29378.42
2025-12-27,2025,12,27,Dez,Dezembro,2025-12,Dez/2025,Sábado,Sáb,6,52,2025-12-22,22/12 - 28/12/2025,SANTANA,DELIVERY,3049.19
2025-12-27,2025,12,27,Dez,Dezembro,2025-12,Dez/2025,Sábado,Sáb,6,52,2025-12-22,22/12 - 28/12/2025,SANTO ANDRÉ,CASA,53270.39
2025-12-27,2025,12,27,Dez,Dezembro,2025-12,Dez/2025,Sábado,Sáb,6,52,2025-12-22,22/12 - 28/12/2025,SANTO ANDRÉ,DELIVERY,1504.7
2025-12-27,2025,12,27,Dez,Dezembro,2025-12,Dez/2025,Sábado,Sáb,6,52,2025-12-22,22/12 - 28/12/2025,TATUAPÉ,CASA,63305.5
2025-12-27,2025,12,27,Dez,Dezembro,2025-12,Dez/2025,Sábado,Sáb,6,52,2025-12-22,22/12 - 28/12/2025,TATUAPÉ,DELIVERY,3540.28
2025-12-27,2025,12,27,Dez,Dezembro,2025-12,Dez/2025,Sábado,Sáb,6,52,2025-12-22,22/12 - 28/12/2025,VILA MADALENA,CASA,13691.29
2025-12-27,2025,12,27,Dez,Dezembro,2025-12,Dez/2025,Sábado,Sáb,6,52,2025-12-22,22/12 - 28/12/2025,VILA MADALENA,DELIVERY,1557.2
2025-12-27,2025,12,27,Dez,Dezembro,2025-12,Dez/2025,Sábado,Sáb,6,52,2025-12-22,22/12 - 28/12/2025,VILA MARIANA,CASA,29129.85
2025-12-27,2025,12,27,Dez,Dezembro,2025-12,Dez/2025,Sábado,Sáb,6,52,2025-12-22,22/12 - 28/12/2025,VILA MARIANA,DELIVERY,993.8
2025-12-28,2025,12,28,Dez,Dezembro,2025-12,Dez/2025,Domingo,Dom,7,52,2025-12-22,22/12 - 28/12/2025,CARINAS,CASA,71525.65
2025-12-28,2025,12,28,Dez,Dezembro,2025-12,Dez/2025,Domingo,Dom,7,52,2025-12-22,22/12 - 28/12/2025,CARINAS,DELIVERY,5495.19
2025-12-28,2025,12,28,Dez,Dezembro,2025-12,Dez/2025,Domingo,Dom,7,52,2025-12-22,22/12 - 28/12/2025,CHÁCARA,CASA,3273.78
2025-12-28,2025,12,28,Dez,Dezembro,2025-12,Dez/2025,Domingo,Dom,7,52,2025-12-22,22/12 - 28/12/2025,LAPA,CASA,16450.66
2025-12-28,2025,12,28,Dez,Dezembro,2025-12,Dez/2025,Domingo,Dom,7,52,2025-12-22,22/12 - 28/12/2025,LAPA,DELIVERY,4127.4
2025-12-28,2025,12,28,Dez,Dezembro,2025-12,Dez/2025,Domingo,Dom,7,52,2025-12-22,22/12 - 28/12/2025,PAVÃO,CASA,9803.01
2025-12-28,2025,12,28,Dez,Dezembro,2025-12,Dez/2025,Domingo,Dom,7,52,2025-12-22,22/12 - 28/12/2025,PAVÃO,DELIVERY,2436.31
2025-12-28,2025,12,28,Dez,Dezembro,2025-12,Dez/2025,Domingo,Dom,7,52,2025-12-22,22/12 - 28/12/2025,PERDIZES,CASA,13960.39
2025-12-28,2025,12,28,Dez,Dezembro,2025-12,Dez/2025,Domingo,Dom,7,52,2025-12-22,22/12 - 28/12/2025,PERDIZES,DELIVERY,1799.18
2025-12-28,2025,12,28,Dez,Dezembro,2025-12,Dez/2025,Domingo,Dom,7,52,2025-12-22,22/12 - 28/12/2025,SANTANA,CASA,34031.36
2025-12-28,2025,12,28,Dez,Dezembro,2025-12,Dez/2025,Domingo,Dom,7,52,2025-12-22,22/12 - 28/12/2025,SANTANA,DELIVERY,4892.56
2025-12-28,2025,12,28,Dez,Dezembro,2025-12,Dez/2025,Domingo,Dom,7,52,2025-12-22,22/12 - 28/12/2025,SANTO ANDRÉ,CASA,27183.77
2025-12-28,2025,12,28,Dez,Dezembro,2025-12,Dez/2025,Domingo,Dom,7,52,2025-12-22,22/12 - 28/12/2025,SANTO ANDRÉ,DELIVERY,1135.4
2025-12-28,2025,12,28,Dez,Dezembro,2025-12,Dez/2025,Domingo,Dom,7,52,2025-12-22,22/12 - 28/12/2025,TATUAPÉ,CASA,43460.72
2025-12-28,2025,12,28,Dez,Dezembro,2025-12,Dez/2025,Domingo,Dom,7,52,2025-12-22,22/12 - 28/12/2025,TATUAPÉ,DELIVERY,4533.74
2025-12-28,2025,12,28,Dez,Dezembro,2025-12,Dez/2025,Domingo,Dom,7,52,2025-12-22,22/12 - 28/12/2025,VILA MADALENA,CASA,8307.93
2025-12-28,2025,12,28,Dez,Dezembro,2025-12,Dez/2025,Domingo,Dom,7,52,2025-12-22,22/12 - 28/12/2025,VILA MADALENA,DELIVERY,1058.3
2025-12-28,2025,12,28,Dez,Dezembro,2025-12,Dez/2025,Domingo,Dom,7,52,2025-12-22,22/12 - 28/12/2025,VILA MARIANA,CASA,25321.86
2025-12-28,2025,12,28,Dez,Dezembro,2025-12,Dez/2025,Domingo,Dom,7,52,2025-12-22,22/12 - 28/12/2025,VILA MARIANA,DELIVERY,10978.03
2025-12-29,2025,12,29,Dez,Dezembro,2025-12,Dez/2025,Segunda,Seg,1,1,2025-12-29,29/12 - 04/01/2026,PERDIZES,CASA,3445.36
2025-12-29,2025,12,29,Dez,Dezembro,2025-12,Dez/2025,Segunda,Seg,1,1,2025-12-29,29/12 - 04/01/2026,PERDIZES,DELIVERY,2059.49
2025-12-29,2025,12,29,Dez,Dezembro,2025-12,Dez/2025,Segunda,Seg,1,1,2025-12-29,29/12 - 04/01/2026,TATUAPÉ,CASA,6625.8
2025-12-31,2025,12,31,Dez,Dezembro,2025-12,Dez/2025,Quarta,Qua,3,1,2025-12-29,29/12 - 04/01/2026,SANTO ANDRÉ,CASA,197833.36
2026-01-02,2026,1,2,Jan,Janeiro,2026-01,Jan/2026,Sexta,Sex,5,1,2025-12-29,29/12 - 04/01/2026,CARINAS,CASA,6023.08
2026-01-02,2026,1,2,Jan,Janeiro,2026-01,Jan/2026,Sexta,Sex,5,1,2025-12-29,29/12 - 04/01/2026,CARINAS,DELIVERY,1121.8
2026-01-02,2026,1,2,Jan,Janeiro,2026-01,Jan/2026,Sexta,Sex,5,1,2025-12-29,29/12 - 04/01/2026,CHÁCARA,CASA,1368.6
2026-01-02,2026,1,2,Jan,Janeiro,2026-01,Jan/2026,Sexta,Sex,5,1,2025-12-29,29/12 - 04/01/2026,CHÁCARA,DELIVERY,391.4
2026-01-02,2026,1,2,Jan,Janeiro,2026-01,Jan/2026,Sexta,Sex,5,1,2025-12-29,29/12 - 04/01/2026,LAPA,CASA,3247.13
2026-01-02,2026,1,2,Jan,Janeiro,2026-01,Jan/2026,Sexta,Sex,5,1,2025-12-29,29/12 - 04/01/2026,LAPA,DELIVERY,1226.6
2026-01-02,2026,1,2,Jan,Janeiro,2026-01,Jan/2026,Sexta,Sex,5,1,2025-12-29,29/12 - 04/01/2026,PAVÃO,CASA,5401.34
2026-01-02,2026,1,2,Jan,Janeiro,2026-01,Jan/2026,Sexta,Sex,5,1,2025-12-29,29/12 - 04/01/2026,PERDIZES,CASA,4749.72
2026-01-02,2026,1,2,Jan,Janeiro,2026-01,Jan/2026,Sexta,Sex,5,1,2025-12-29,29/12 - 04/01/2026,SANTANA,CASA,6703.18
2026-01-02,2026,1,2,Jan,Janeiro,2026-01,Jan/2026,Sexta,Sex,5,1,2025-12-29,29/12 - 04/01/2026,SANTANA,DELIVERY,1533.09
2026-01-02,2026,1,2,Jan,Janeiro,2026-01,Jan/2026,Sexta,Sex,5,1,2025-12-29,29/12 - 04/01/2026,SANTO ANDRÉ,CASA,5273.95
2026-01-02,2026,1,2,Jan,Janeiro,2026-01,Jan/2026,Sexta,Sex,5,1,2025-12-29,29/12 - 04/01/2026,SANTO ANDRÉ,DELIVERY,280.5
2026-01-02,2026,1,2,Jan,Janeiro,2026-01,Jan/2026,Sexta,Sex,5,1,2025-12-29,29/12 - 04/01/2026,TATUAPÉ,CASA,3479.3
2026-01-02,2026,1,2,Jan,Janeiro,2026-01,Jan/2026,Sexta,Sex,5,1,2025-12-29,29/12 - 04/01/2026,TATUAPÉ,DELIVERY,1257.65
2026-01-02,2026,1,2,Jan,Janeiro,2026-01,Jan/2026,Sexta,Sex,5,1,2025-12-29,29/12 - 04/01/2026,VILA MADALENA,CASA,6833.95
2026-01-02,2026,1,2,Jan,Janeiro,2026-01,Jan/2026,Sexta,Sex,5,1,2025-12-29,29/12 - 04/01/2026,VILA MADALENA,DELIVERY,603.1
2026-01-02,2026,1,2,Jan,Janeiro,2026-01,Jan/2026,Sexta,Sex,5,1,2025-12-29,29/12 - 04/01/2026,VILA MARIANA,CASA,11569.67
2026-01-02,2026,1,2,Jan,Janeiro,2026-01,Jan/2026,Sexta,Sex,5,1,2025-12-29,29/12 - 04/01/2026,VILA MARIANA,DELIVERY,1193.2
2026-01-03,2026,1,3,Jan,Janeiro,2026-01,Jan/2026,Sábado,Sáb,6,1,2025-12-29,29/12 - 04/01/2026,CARINAS,CASA,43776.29
2026-01-03,2026,1,3,Jan,Janeiro,2026-01,Jan/2026,Sábado,Sáb,6,1,2025-12-29,29/12 - 04/01/2026,CHÁCARA,CASA,2709.02
2026-01-03,2026,1,3,Jan,Janeiro,2026-01,Jan/2026,Sábado,Sáb,6,1,2025-12-29,29/12 - 04/01/2026,CHÁCARA,DELIVERY,1705.8
2026-01-03,2026,1,3,Jan,Janeiro,2026-01,Jan/2026,Sábado,Sáb,6,1,2025-12-29,29/12 - 04/01/2026,LAPA,CASA,15670.42
2026-01-03,2026,1,3,Jan,Janeiro,2026-01,Jan/2026,Sábado,Sáb,6,1,2025-12-29,29/12 - 04/01/2026,LAPA,DELIVERY,3451.8
2026-01-03,2026,1,3,Jan,Janeiro,2026-01,Jan/2026,Sábado,Sáb,6,1,2025-12-29,29/12 - 04/01/2026,PAVÃO,CASA,11463.09
2026-01-03,2026,1,3,Jan,Janeiro,2026-01,Jan/2026,Sábado,Sáb,6,1,2025-12-29,29/12 - 04/01/2026,PAVÃO,DELIVERY,1369.43
2026-01-03,2026,1,3,Jan,Janeiro,2026-01,Jan/2026,Sábado,Sáb,6,1,2025-12-29,29/12 - 04/01/2026,PERDIZES,CASA,16305.96
2026-01-03,2026,1,3,Jan,Janeiro,2026-01,Jan/2026,Sábado,Sáb,6,1,2025-12-29,29/12 - 04/01/2026,PERDIZES,DELIVERY,2245.39
2026-01-03,2026,1,3,Jan,Janeiro,2026-01,Jan/2026,Sábado,Sáb,6,1,2025-12-29,29/12 - 04/01/2026,SANTANA,CASA,33243.36
2026-01-03,2026,1,3,Jan,Janeiro,2026-01,Jan/2026,Sábado,Sáb,6,1,2025-12-29,29/12 - 04/01/2026,SANTANA,DELIVERY,3138.28
2026-01-03,2026,1,3,Jan,Janeiro,2026-01,Jan/2026,Sábado,Sáb,6,1,2025-12-29,29/12 - 04/01/2026,SANTO ANDRÉ,CASA,16625.34
2026-01-03,2026,1,3,Jan,Janeiro,2026-01,Jan/2026,Sábado,Sáb,6,1,2025-12-29,29/12 - 04/01/2026,SANTO ANDRÉ,DELIVERY,731.89
2026-01-03,2026,1,3,Jan,Janeiro,2026-01,Jan/2026,Sábado,Sáb,6,1,2025-12-29,29/12 - 04/01/2026,TATUAPÉ,CASA,33679.04
2026-01-03,2026,1,3,Jan,Janeiro,2026-01,Jan/2026,Sábado,Sáb,6,1,2025-12-29,29/12 - 04/01/2026,TATUAPÉ,DELIVERY,2302.4
2026-01-03,2026,1,3,Jan,Janeiro,2026-01,Jan/2026,Sábado,Sáb,6,1,2025-12-29,29/12 - 04/01/2026,VILA MADALENA,CASA,11348.18
2026-01-03,2026,1,3,Jan,Janeiro,2026-01,Jan/2026,Sábado,Sáb,6,1,2025-12-29,29/12 - 04/01/2026,VILA MADALENA,DELIVERY,826.89
2026-01-03,2026,1,3,Jan,Janeiro,2026-01,Jan/2026,Sábado,Sáb,6,1,2025-12-29,29/12 - 04/01/2026,VILA MARIANA,CASA,32285.47
2026-01-03,2026,1,3,Jan,Janeiro,2026-01,Jan/2026,Sábado,Sáb,6,1,2025-12-29,29/12 - 04/01/2026,VILA MARIANA,DELIVERY,3400.2
2026-01-04,2026,1,4,Jan,Janeiro,2026-01,Jan/2026,Domingo,Dom,7,1,2025-12-29,29/12 - 04/01/2026,CARINAS,CASA,9409.84
2026-01-04,2026,1,4,Jan,Janeiro,2026-01,Jan/2026,Domingo,Dom,7,1,2025-12-29,29/12 - 04/01/2026,CARINAS,DELIVERY,7696.19
2026-01-04,2026,1,4,Jan,Janeiro,2026-01,Jan/2026,Domingo,Dom,7,1,2025-12-29,29/12 - 04/01/2026,CHÁCARA,CASA,2031.12
2026-01-04,2026,1,4,Jan,Janeiro,2026-01,Jan/2026,Domingo,Dom,7,1,2025-12-29,29/12 - 04/01/2026,CHÁCARA,DELIVERY,1699.5
2026-01-04,2026,1,4,Jan,Janeiro,2026-01,Jan/2026,Domingo,Dom,7,1,2025-12-29,29/12 - 04/01/2026,LAPA,CASA,9098.2
2026-01-04,2026,1,4,Jan,Janeiro,2026-01,Jan/2026,Domingo,Dom,7,1,2025-12-29,29/12 - 04/01/2026,LAPA,DELIVERY,4199.4
2026-01-04,2026,1,4,Jan,Janeiro,2026-01,Jan/2026,Domingo,Dom,7,1,2025-12-29,29/12 - 04/01/2026,PAVÃO,CASA,6147.39
2026-01-04,2026,1,4,Jan,Janeiro,2026-01,Jan/2026,Domingo,Dom,7,1,2025-12-29,29/12 - 04/01/2026,PAVÃO,DELIVERY,977.9
2026-01-04,2026,1,4,Jan,Janeiro,2026-01,Jan/2026,Domingo,Dom,7,1,2025-12-29,29/12 - 04/01/2026,PERDIZES,CASA,8464.07
2026-01-04,2026,1,4,Jan,Janeiro,2026-01,Jan/2026,Domingo,Dom,7,1,2025-12-29,29/12 - 04/01/2026,PERDIZES,DELIVERY,2446.0
2026-01-04,2026,1,4,Jan,Janeiro,2026-01,Jan/2026,Domingo,Dom,7,1,2025-12-29,29/12 - 04/01/2026,SANTANA,CASA,10082.47
2026-01-04,2026,1,4,Jan,Janeiro,2026-01,Jan/2026,Domingo,Dom,7,1,2025-12-29,29/12 - 04/01/2026,SANTANA,DELIVERY,4915.77
2026-01-04,2026,1,4,Jan,Janeiro,2026-01,Jan/2026,Domingo,Dom,7,1,2025-12-29,29/12 - 04/01/2026,SANTO ANDRÉ,CASA,12364.56
2026-01-04,2026,1,4,Jan,Janeiro,2026-01,Jan/2026,Domingo,Dom,7,1,2025-12-29,29/12 - 04/01/2026,SANTO ANDRÉ,DELIVERY,429.3
2026-01-04,2026,1,4,Jan,Janeiro,2026-01,Jan/2026,Domingo,Dom,7,1,2025-12-29,29/12 - 04/01/2026,TATUAPÉ,CASA,9454.38
2026-01-04,2026,1,4,Jan,Janeiro,2026-01,Jan/2026,Domingo,Dom,7,1,2025-12-29,29/12 - 04/01/2026,TATUAPÉ,DELIVERY,3054.15
2026-01-04,2026,1,4,Jan,Janeiro,2026-01,Jan/2026,Domingo,Dom,7,1,2025-12-29,29/12 - 04/01/2026,VILA MADALENA,CASA,31857.19
2026-01-04,2026,1,4,Jan,Janeiro,2026-01,Jan/2026,Domingo,Dom,7,1,2025-12-29,29/12 - 04/01/2026,VILA MADALENA,DELIVERY,1098.8
2026-01-04,2026,1,4,Jan,Janeiro,2026-01,Jan/2026,Domingo,Dom,7,1,2025-12-29,29/12 - 04/01/2026,VILA MARIANA,CASA,18076.02
2026-01-04,2026,1,4,Jan,Janeiro,2026-01,Jan/2026,Domingo,Dom,7,1,2025-12-29,29/12 - 04/01/2026,VILA MARIANA,DELIVERY,4412.35
2026-01-05,2026,1,5,Jan,Janeiro,2026-01,Jan/2026,Segunda,Seg,1,2,2026-01-05,05/01 - 11/01/2026,TATUAPÉ,DELIVERY,60.59
2026-01-05,2026,1,5,Jan,Janeiro,2026-01,Jan/2026,Segunda,Seg,1,2,2026-01-05,05/01 - 11/01/2026,VILA MADALENA,CASA,30203.48
2026-01-06,2026,1,6,Jan,Janeiro,2026-01,Jan/2026,Terça,Ter,2,2,2026-01-05,05/01 - 11/01/2026,CARINAS,CASA,15226.02
2026-01-06,2026,1,6,Jan,Janeiro,2026-01,Jan/2026,Terça,Ter,2,2,2026-01-05,05/01 - 11/01/2026,CARINAS,DELIVERY,1504.16
2026-01-06,2026,1,6,Jan,Janeiro,2026-01,Jan/2026,Terça,Ter,2,2,2026-01-05,05/01 - 11/01/2026,CHÁCARA,CASA,129.29
2026-01-06,2026,1,6,Jan,Janeiro,2026-01,Jan/2026,Terça,Ter,2,2,2026-01-05,05/01 - 11/01/2026,CHÁCARA,DELIVERY,1454.0
2026-01-06,2026,1,6,Jan,Janeiro,2026-01,Jan/2026,Terça,Ter,2,2,2026-01-05,05/01 - 11/01/2026,LAPA,CASA,6883.2
2026-01-06,2026,1,6,Jan,Janeiro,2026-01,Jan/2026,Terça,Ter,2,2,2026-01-05,05/01 - 11/01/2026,LAPA,DELIVERY,1257.8
2026-01-06,2026,1,6,Jan,Janeiro,2026-01,Jan/2026,Terça,Ter,2,2,2026-01-05,05/01 - 11/01/2026,PAVÃO,CASA,2087.03
2026-01-06,2026,1,6,Jan,Janeiro,2026-01,Jan/2026,Terça,Ter,2,2,2026-01-05,05/01 - 11/01/2026,PAVÃO,DELIVERY,903.7
2026-01-06,2026,1,6,Jan,Janeiro,2026-01,Jan/2026,Terça,Ter,2,2,2026-01-05,05/01 - 11/01/2026,PERDIZES,CASA,4910.75
2026-01-06,2026,1,6,Jan,Janeiro,2026-01,Jan/2026,Terça,Ter,2,2,2026-01-05,05/01 - 11/01/2026,PERDIZES,DELIVERY,813.1
2026-01-06,2026,1,6,Jan,Janeiro,2026-01,Jan/2026,Terça,Ter,2,2,2026-01-05,05/01 - 11/01/2026,SANTANA,CASA,13124.88
2026-01-06,2026,1,6,Jan,Janeiro,2026-01,Jan/2026,Terça,Ter,2,2,2026-01-05,05/01 - 11/01/2026,SANTANA,DELIVERY,839.29
2026-01-06,2026,1,6,Jan,Janeiro,2026-01,Jan/2026,Terça,Ter,2,2,2026-01-05,05/01 - 11/01/2026,TATUAPÉ,CASA,14610.28
2026-01-06,2026,1,6,Jan,Janeiro,2026-01,Jan/2026,Terça,Ter,2,2,2026-01-05,05/01 - 11/01/2026,TATUAPÉ,DELIVERY,1050.09
2026-01-06,2026,1,6,Jan,Janeiro,2026-01,Jan/2026,Terça,Ter,2,2,2026-01-05,05/01 - 11/01/2026,VILA MADALENA,CASA,933.02
2026-01-06,2026,1,6,Jan,Janeiro,2026-01,Jan/2026,Terça,Ter,2,2,2026-01-05,05/01 - 11/01/2026,VILA MADALENA,DELIVERY,588.3
2026-01-06,2026,1,6,Jan,Janeiro,2026-01,Jan/2026,Terça,Ter,2,2,2026-01-05,05/01 - 11/01/2026,VILA MARIANA,CASA,7112.28
2026-01-06,2026,1,6,Jan,Janeiro,2026-01,Jan/2026,Terça,Ter,2,2,2026-01-05,05/01 - 11/01/2026,VILA MARIANA,DELIVERY,2852.5
2026-01-07,2026,1,7,Jan,Janeiro,2026-01,Jan/2026,Quarta,Qua,3,2,2026-01-05,05/01 - 11/01/2026,CARINAS,CASA,3779.7
2026-01-07,2026,1,7,Jan,Janeiro,2026-01,Jan/2026,Quarta,Qua,3,2,2026-01-05,05/01 - 11/01/2026,CARINAS,DELIVERY,2686.39
2026-01-07,2026,1,7,Jan,Janeiro,2026-01,Jan/2026,Quarta,Qua,3,2,2026-01-05,05/01 - 11/01/2026,CHÁCARA,CASA,1493.37
2026-01-07,2026,1,7,Jan,Janeiro,2026-01,Jan/2026,Quarta,Qua,3,2,2026-01-05,05/01 - 11/01/2026,LAPA,CASA,2189.52
2026-01-07,2026,1,7,Jan,Janeiro,2026-01,Jan/2026,Quarta,Qua,3,2,2026-01-05,05/01 - 11/01/2026,LAPA,DELIVERY,1376.4
2026-01-07,2026,1,7,Jan,Janeiro,2026-01,Jan/2026,Quarta,Qua,3,2,2026-01-05,05/01 - 11/01/2026,PAVÃO,CASA,7989.62
2026-01-07,2026,1,7,Jan,Janeiro,2026-01,Jan/2026,Quarta,Qua,3,2,2026-01-05,05/01 - 11/01/2026,PAVÃO,DELIVERY,361.34
2026-01-07,2026,1,7,Jan,Janeiro,2026-01,Jan/2026,Quarta,Qua,3,2,2026-01-05,05/01 - 11/01/2026,PERDIZES,CASA,1545.58
2026-01-07,2026,1,7,Jan,Janeiro,2026-01,Jan/2026,Quarta,Qua,3,2,2026-01-05,05/01 - 11/01/2026,PERDIZES,DELIVERY,498.19
2026-01-07,2026,1,7,Jan,Janeiro,2026-01,Jan/2026,Quarta,Qua,3,2,2026-01-05,05/01 - 11/01/2026,SANTANA,CASA,5583.52
2026-01-07,2026,1,7,Jan,Janeiro,2026-01,Jan/2026,Quarta,Qua,3,2,2026-01-05,05/01 - 11/01/2026,SANTANA,DELIVERY,962.0
2026-01-07,2026,1,7,Jan,Janeiro,2026-01,Jan/2026,Quarta,Qua,3,2,2026-01-05,05/01 - 11/01/2026,SANTO ANDRÉ,CASA,11713.45
2026-01-07,2026,1,7,Jan,Janeiro,2026-01,Jan/2026,Quarta,Qua,3,2,2026-01-05,05/01 - 11/01/2026,SANTO ANDRÉ,DELIVERY,550.09
2026-01-07,2026,1,7,Jan,Janeiro,2026-01,Jan/2026,Quarta,Qua,3,2,2026-01-05,05/01 - 11/01/2026,TATUAPÉ,CASA,11048.21
2026-01-07,2026,1,7,Jan,Janeiro,2026-01,Jan/2026,Quarta,Qua,3,2,2026-01-05,05/01 - 11/01/2026,TATUAPÉ,DELIVERY,596.91
2026-01-07,2026,1,7,Jan,Janeiro,2026-01,Jan/2026,Quarta,Qua,3,2,2026-01-05,05/01 - 11/01/2026,VILA MADALENA,CASA,2710.75
2026-01-07,2026,1,7,Jan,Janeiro,2026-01,Jan/2026,Quarta,Qua,3,2,2026-01-05,05/01 - 11/01/2026,VILA MADALENA,DELIVERY,722.4
2026-01-07,2026,1,7,Jan,Janeiro,2026-01,Jan/2026,Quarta,Qua,3,2,2026-01-05,05/01 - 11/01/2026,VILA MARIANA,CASA,5747.16
2026-01-07,2026,1,7,Jan,Janeiro,2026-01,Jan/2026,Quarta,Qua,3,2,2026-01-05,05/01 - 11/01/2026,VILA MARIANA,DELIVERY,4356.08
2026-01-08,2026,1,8,Jan,Janeiro,2026-01,Jan/2026,Quinta,Qui,4,2,2026-01-05,05/01 - 11/01/2026,CARINAS,CASA,9691.14
2026-01-08,2026,1,8,Jan,Janeiro,2026-01,Jan/2026,Quinta,Qui,4,2,2026-01-05,05/01 - 11/01/2026,CARINAS,DELIVERY,958.9
2026-01-08,2026,1,8,Jan,Janeiro,2026-01,Jan/2026,Quinta,Qui,4,2,2026-01-05,05/01 - 11/01/2026,CHÁCARA,CASA,5118.88
2026-01-08,2026,1,8,Jan,Janeiro,2026-01,Jan/2026,Quinta,Qui,4,2,2026-01-05,05/01 - 11/01/2026,CHÁCARA,DELIVERY,1266.2
2026-01-08,2026,1,8,Jan,Janeiro,2026-01,Jan/2026,Quinta,Qui,4,2,2026-01-05,05/01 - 11/01/2026,LAPA,CASA,6759.35
2026-01-08,2026,1,8,Jan,Janeiro,2026-01,Jan/2026,Quinta,Qui,4,2,2026-01-05,05/01 - 11/01/2026,LAPA,DELIVERY,1274.1
2026-01-08,2026,1,8,Jan,Janeiro,2026-01,Jan/2026,Quinta,Qui,4,2,2026-01-05,05/01 - 11/01/2026,PAVÃO,CASA,2467.89
2026-01-08,2026,1,8,Jan,Janeiro,2026-01,Jan/2026,Quinta,Qui,4,2,2026-01-05,05/01 - 11/01/2026,PAVÃO,DELIVERY,1177.72
2026-01-08,2026,1,8,Jan,Janeiro,2026-01,Jan/2026,Quinta,Qui,4,2,2026-01-05,05/01 - 11/01/2026,PERDIZES,CASA,8970.52
2026-01-08,2026,1,8,Jan,Janeiro,2026-01,Jan/2026,Quinta,Qui,4,2,2026-01-05,05/01 - 11/01/2026,PERDIZES,DELIVERY,1300.9
2026-01-08,2026,1,8,Jan,Janeiro,2026-01,Jan/2026,Quinta,Qui,4,2,2026-01-05,05/01 - 11/01/2026,SANTANA,CASA,6757.51
2026-01-08,2026,1,8,Jan,Janeiro,2026-01,Jan/2026,Quinta,Qui,4,2,2026-01-05,05/01 - 11/01/2026,SANTANA,DELIVERY,1538.19
2026-01-08,2026,1,8,Jan,Janeiro,2026-01,Jan/2026,Quinta,Qui,4,2,2026-01-05,05/01 - 11/01/2026,SANTO ANDRÉ,CASA,7192.46
2026-01-08,2026,1,8,Jan,Janeiro,2026-01,Jan/2026,Quinta,Qui,4,2,2026-01-05,05/01 - 11/01/2026,SANTO ANDRÉ,DELIVERY,682.5
2026-01-08,2026,1,8,Jan,Janeiro,2026-01,Jan/2026,Quinta,Qui,4,2,2026-01-05,05/01 - 11/01/2026,TATUAPÉ,CASA,2771.74
2026-01-08,2026,1,8,Jan,Janeiro,2026-01,Jan/2026,Quinta,Qui,4,2,2026-01-05,05/01 - 11/01/2026,TATUAPÉ,DELIVERY,1139.14
2026-01-08,2026,1,8,Jan,Janeiro,2026-01,Jan/2026,Quinta,Qui,4,2,2026-01-05,05/01 - 11/01/2026,VILA MADALENA,CASA,9301.43
2026-01-08,2026,1,8,Jan,Janeiro,2026-01,Jan/2026,Quinta,Qui,4,2,2026-01-05,05/01 - 11/01/2026,VILA MADALENA,DELIVERY,513.7
2026-01-08,2026,1,8,Jan,Janeiro,2026-01,Jan/2026,Quinta,Qui,4,2,2026-01-05,05/01 - 11/01/2026,VILA MARIANA,CASA,6988.32
2026-01-08,2026,1,8,Jan,Janeiro,2026-01,Jan/2026,Quinta,Qui,4,2,2026-01-05,05/01 - 11/01/2026,VILA MARIANA,DELIVERY,1949.0
2026-01-09,2026,1,9,Jan,Janeiro,2026-01,Jan/2026,Sexta,Sex,5,2,2026-01-05,05/01 - 11/01/2026,CARINAS,CASA,28309.72
2026-01-09,2026,1,9,Jan,Janeiro,2026-01,Jan/2026,Sexta,Sex,5,2,2026-01-05,05/01 - 11/01/2026,CARINAS,DELIVERY,1461.29
2026-01-09,2026,1,9,Jan,Janeiro,2026-01,Jan/2026,Sexta,Sex,5,2,2026-01-05,05/01 - 11/01/2026,CHÁCARA,CASA,12018.99
2026-01-09,2026,1,9,Jan,Janeiro,2026-01,Jan/2026,Sexta,Sex,5,2,2026-01-05,05/01 - 11/01/2026,CHÁCARA,DELIVERY,1492.5
2026-01-09,2026,1,9,Jan,Janeiro,2026-01,Jan/2026,Sexta,Sex,5,2,2026-01-05,05/01 - 11/01/2026,LAPA,CASA,13933.74
2026-01-09,2026,1,9,Jan,Janeiro,2026-01,Jan/2026,Sexta,Sex,5,2,2026-01-05,05/01 - 11/01/2026,LAPA,DELIVERY,1873.88
2026-01-09,2026,1,9,Jan,Janeiro,2026-01,Jan/2026,Sexta,Sex,5,2,2026-01-05,05/01 - 11/01/2026,PAVÃO,CASA,10747.74
2026-01-09,2026,1,9,Jan,Janeiro,2026-01,Jan/2026,Sexta,Sex,5,2,2026-01-05,05/01 - 11/01/2026,PAVÃO,DELIVERY,1171.79
2026-01-09,2026,1,9,Jan,Janeiro,2026-01,Jan/2026,Sexta,Sex,5,2,2026-01-05,05/01 - 11/01/2026,PERDIZES,CASA,15160.79
2026-01-09,2026,1,9,Jan,Janeiro,2026-01,Jan/2026,Sexta,Sex,5,2,2026-01-05,05/01 - 11/01/2026,PERDIZES,DELIVERY,1532.79
2026-01-09,2026,1,9,Jan,Janeiro,2026-01,Jan/2026,Sexta,Sex,5,2,2026-01-05,05/01 - 11/01/2026,SANTANA,CASA,35891.52
2026-01-09,2026,1,9,Jan,Janeiro,2026-01,Jan/2026,Sexta,Sex,5,2,2026-01-05,05/01 - 11/01/2026,SANTANA,DELIVERY,3096.5
2026-01-09,2026,1,9,Jan,Janeiro,2026-01,Jan/2026,Sexta,Sex,5,2,2026-01-05,05/01 - 11/01/2026,SANTO ANDRÉ,CASA,23870.4
2026-01-09,2026,1,9,Jan,Janeiro,2026-01,Jan/2026,Sexta,Sex,5,2,2026-01-05,05/01 - 11/01/2026,SANTO ANDRÉ,DELIVERY,614.3
2026-01-09,2026,1,9,Jan,Janeiro,2026-01,Jan/2026,Sexta,Sex,5,2,2026-01-05,05/01 - 11/01/2026,TATUAPÉ,CASA,7421.53
2026-01-09,2026,1,9,Jan,Janeiro,2026-01,Jan/2026,Sexta,Sex,5,2,2026-01-05,05/01 - 11/01/2026,TATUAPÉ,DELIVERY,1198.16
2026-01-09,2026,1,9,Jan,Janeiro,2026-01,Jan/2026,Sexta,Sex,5,2,2026-01-05,05/01 - 11/01/2026,VILA MADALENA,CASA,11943.67
2026-01-09,2026,1,9,Jan,Janeiro,2026-01,Jan/2026,Sexta,Sex,5,2,2026-01-05,05/01 - 11/01/2026,VILA MARIANA,CASA,15008.65
2026-01-09,2026,1,9,Jan,Janeiro,2026-01,Jan/2026,Sexta,Sex,5,2,2026-01-05,05/01 - 11/01/2026,VILA MARIANA,DELIVERY,4121.99
2026-01-10,2026,1,10,Jan,Janeiro,2026-01,Jan/2026,Sábado,Sáb,6,2,2026-01-05,05/01 - 11/01/2026,CARINAS,CASA,151581.61
2026-01-10,2026,1,10,Jan,Janeiro,2026-01,Jan/2026,Sábado,Sáb,6,2,2026-01-05,05/01 - 11/01/2026,CARINAS,DELIVERY,4151.25
2026-01-10,2026,1,10,Jan,Janeiro,2026-01,Jan/2026,Sábado,Sáb,6,2,2026-01-05,05/01 - 11/01/2026,CHÁCARA,CASA,23109.0
2026-01-10,2026,1,10,Jan,Janeiro,2026-01,Jan/2026,Sábado,Sáb,6,2,2026-01-05,05/01 - 11/01/2026,CHÁCARA,DELIVERY,3202.7
2026-01-10,2026,1,10,Jan,Janeiro,2026-01,Jan/2026,Sábado,Sáb,6,2,2026-01-05,05/01 - 11/01/2026,LAPA,CASA,50313.11
2026-01-10,2026,1,10,Jan,Janeiro,2026-01,Jan/2026,Sábado,Sáb,6,2,2026-01-05,05/01 - 11/01/2026,LAPA,DELIVERY,4688.59
2026-01-10,2026,1,10,Jan,Janeiro,2026-01,Jan/2026,Sábado,Sáb,6,2,2026-01-05,05/01 - 11/01/2026,PAVÃO,CASA,23396.3
2026-01-10,2026,1,10,Jan,Janeiro,2026-01,Jan/2026,Sábado,Sáb,6,2,2026-01-05,05/01 - 11/01/2026,PAVÃO,DELIVERY,3874.46
2026-01-10,2026,1,10,Jan,Janeiro,2026-01,Jan/2026,Sábado,Sáb,6,2,2026-01-05,05/01 - 11/01/2026,PERDIZES,CASA,59392.4
2026-01-10,2026,1,10,Jan,Janeiro,2026-01,Jan/2026,Sábado,Sáb,6,2,2026-01-05,05/01 - 11/01/2026,PERDIZES,DELIVERY,4471.49
2026-01-10,2026,1,10,Jan,Janeiro,2026-01,Jan/2026,Sábado,Sáb,6,2,2026-01-05,05/01 - 11/01/2026,SANTANA,CASA,106705.54
2026-01-10,2026,1,10,Jan,Janeiro,2026-01,Jan/2026,Sábado,Sáb,6,2,2026-01-05,05/01 - 11/01/2026,SANTANA,DELIVERY,4376.2
2026-01-10,2026,1,10,Jan,Janeiro,2026-01,Jan/2026,Sábado,Sáb,6,2,2026-01-05,05/01 - 11/01/2026,SANTO ANDRÉ,CASA,108114.52
2026-01-10,2026,1,10,Jan,Janeiro,2026-01,Jan/2026,Sábado,Sáb,6,2,2026-01-05,05/01 - 11/01/2026,SANTO ANDRÉ,DELIVERY,1591.29
2026-01-10,2026,1,10,Jan,Janeiro,2026-01,Jan/2026,Sábado,Sáb,6,2,2026-01-05,05/01 - 11/01/2026,TATUAPÉ,CASA,159953.0
2026-01-10,2026,1,10,Jan,Janeiro,2026-01,Jan/2026,Sábado,Sáb,6,2,2026-01-05,05/01 - 11/01/2026,TATUAPÉ,DELIVERY,2567.52
2026-01-10,2026,1,10,Jan,Janeiro,2026-01,Jan/2026,Sábado,Sáb,6,2,2026-01-05,05/01 - 11/01/2026,VILA MADALENA,DELIVERY,508.0
2026-01-10,2026,1,10,Jan,Janeiro,2026-01,Jan/2026,Sábado,Sáb,6,2,2026-01-05,05/01 - 11/01/2026,VILA MARIANA,CASA,50834.74
2026-01-10,2026,1,10,Jan,Janeiro,2026-01,Jan/2026,Sábado,Sáb,6,2,2026-01-05,05/01 - 11/01/2026,VILA MARIANA,DELIVERY,5786.08
2026-01-11,2026,1,11,Jan,Janeiro,2026-01,Jan/2026,Domingo,Dom,7,2,2026-01-05,05/01 - 11/01/2026,CARINAS,CASA,45250.22
2026-01-11,2026,1,11,Jan,Janeiro,2026-01,Jan/2026,Domingo,Dom,7,2,2026-01-05,05/01 - 11/01/2026,CARINAS,DELIVERY,6148.95
2026-01-11,2026,1,11,Jan,Janeiro,2026-01,Jan/2026,Domingo,Dom,7,2,2026-01-05,05/01 - 11/01/2026,CHÁCARA,CASA,14642.6
2026-01-11,2026,1,11,Jan,Janeiro,2026-01,Jan/2026,Domingo,Dom,7,2,2026-01-05,05/01 - 11/01/2026,LAPA,CASA,25846.88
2026-01-11,2026,1,11,Jan,Janeiro,2026-01,Jan/2026,Domingo,Dom,7,2,2026-01-05,05/01 - 11/01/2026,LAPA,DELIVERY,5694.09
2026-01-11,2026,1,11,Jan,Janeiro,2026-01,Jan/2026,Domingo,Dom,7,2,2026-01-05,05/01 - 11/01/2026,PAVÃO,CASA,11219.57
2026-01-11,2026,1,11,Jan,Janeiro,2026-01,Jan/2026,Domingo,Dom,7,2,2026-01-05,05/01 - 11/01/2026,PAVÃO,DELIVERY,2051.15
2026-01-11,2026,1,11,Jan,Janeiro,2026-01,Jan/2026,Domingo,Dom,7,2,2026-01-05,05/01 - 11/01/2026,PERDIZES,CASA,17488.11
2026-01-11,2026,1,11,Jan,Janeiro,2026-01,Jan/2026,Domingo,Dom,7,2,2026-01-05,05/01 - 11/01/2026,PERDIZES,DELIVERY,3475.8
2026-01-11,2026,1,11,Jan,Janeiro,2026-01,Jan/2026,Domingo,Dom,7,2,2026-01-05,05/01 - 11/01/2026,SANTANA,CASA,42520.12
2026-01-11,2026,1,11,Jan,Janeiro,2026-01,Jan/2026,Domingo,Dom,7,2,2026-01-05,05/01 - 11/01/2026,SANTANA,DELIVERY,5343.79
2026-01-11,2026,1,11,Jan,Janeiro,2026-01,Jan/2026,Domingo,Dom,7,2,2026-01-05,05/01 - 11/01/2026,SANTO ANDRÉ,CASA,46069.68
2026-01-11,2026,1,11,Jan,Janeiro,2026-01,Jan/2026,Domingo,Dom,7,2,2026-01-05,05/01 - 11/01/2026,SANTO ANDRÉ,DELIVERY,1479.7
2026-01-11,2026,1,11,Jan,Janeiro,2026-01,Jan/2026,Domingo,Dom,7,2,2026-01-05,05/01 - 11/01/2026,TATUAPÉ,CASA,42563.6
2026-01-11,2026,1,11,Jan,Janeiro,2026-01,Jan/2026,Domingo,Dom,7,2,2026-01-05,05/01 - 11/01/2026,TATUAPÉ,DELIVERY,4163.18
2026-01-11,2026,1,11,Jan,Janeiro,2026-01,Jan/2026,Domingo,Dom,7,2,2026-01-05,05/01 - 11/01/2026,VILA MADALENA,CASA,10625.39
2026-01-11,2026,1,11,Jan,Janeiro,2026-01,Jan/2026,Domingo,Dom,7,2,2026-01-05,05/01 - 11/01/2026,VILA MADALENA,DELIVERY,2622.66
2026-01-11,2026,1,11,Jan,Janeiro,2026-01,Jan/2026,Domingo,Dom,7,2,2026-01-05,05/01 - 11/01/2026,VILA MARIANA,CASA,37113.17
2026-01-11,2026,1,11,Jan,Janeiro,2026-01,Jan/2026,Domingo,Dom,7,2,2026-01-05,05/01 - 11/01/2026,VILA MARIANA,DELIVERY,5330.2
2026-01-13,2026,1,13,Jan,Janeiro,2026-01,Jan/2026,Terça,Ter,2,3,2026-01-12,12/01 - 18/01/2026,CARINAS,CASA,35558.9
2026-01-13,2026,1,13,Jan,Janeiro,2026-01,Jan/2026,Terça,Ter,2,3,2026-01-12,12/01 - 18/01/2026,CARINAS,DELIVERY,1530.36
2026-01-13,2026,1,13,Jan,Janeiro,2026-01,Jan/2026,Terça,Ter,2,3,2026-01-12,12/01 - 18/01/2026,CHÁCARA,CASA,801.14
2026-01-13,2026,1,13,Jan,Janeiro,2026-01,Jan/2026,Terça,Ter,2,3,2026-01-12,12/01 - 18/01/2026,LAPA,CASA,8060.12
2026-01-13,2026,1,13,Jan,Janeiro,2026-01,Jan/2026,Terça,Ter,2,3,2026-01-12,12/01 - 18/01/2026,LAPA,DELIVERY,1806.2
2026-01-13,2026,1,13,Jan,Janeiro,2026-01,Jan/2026,Terça,Ter,2,3,2026-01-12,12/01 - 18/01/2026,PAVÃO,CASA,2652.8
2026-01-13,2026,1,13,Jan,Janeiro,2026-01,Jan/2026,Terça,Ter,2,3,2026-01-12,12/01 - 18/01/2026,PAVÃO,DELIVERY,569.31
2026-01-13,2026,1,13,Jan,Janeiro,2026-01,Jan/2026,Terça,Ter,2,3,2026-01-12,12/01 - 18/01/2026,PERDIZES,CASA,6077.33
2026-01-13,2026,1,13,Jan,Janeiro,2026-01,Jan/2026,Terça,Ter,2,3,2026-01-12,12/01 - 18/01/2026,PERDIZES,DELIVERY,1102.9
2026-01-13,2026,1,13,Jan,Janeiro,2026-01,Jan/2026,Terça,Ter,2,3,2026-01-12,12/01 - 18/01/2026,SANTANA,CASA,11868.4
2026-01-13,2026,1,13,Jan,Janeiro,2026-01,Jan/2026,Terça,Ter,2,3,2026-01-12,12/01 - 18/01/2026,SANTANA,DELIVERY,1463.88
2026-01-13,2026,1,13,Jan,Janeiro,2026-01,Jan/2026,Terça,Ter,2,3,2026-01-12,12/01 - 18/01/2026,TATUAPÉ,CASA,21563.16
2026-01-13,2026,1,13,Jan,Janeiro,2026-01,Jan/2026,Terça,Ter,2,3,2026-01-12,12/01 - 18/01/2026,TATUAPÉ,DELIVERY,458.15
2026-01-13,2026,1,13,Jan,Janeiro,2026-01,Jan/2026,Terça,Ter,2,3,2026-01-12,12/01 - 18/01/2026,VILA MADALENA,CASA,755.35
2026-01-13,2026,1,13,Jan,Janeiro,2026-01,Jan/2026,Terça,Ter,2,3,2026-01-12,12/01 - 18/01/2026,VILA MADALENA,DELIVERY,457.2
2026-01-13,2026,1,13,Jan,Janeiro,2026-01,Jan/2026,Terça,Ter,2,3,2026-01-12,12/01 - 18/01/2026,VILA MARIANA,CASA,6530.19
2026-01-13,2026,1,13,Jan,Janeiro,2026-01,Jan/2026,Terça,Ter,2,3,2026-01-12,12/01 - 18/01/2026,VILA MARIANA,DELIVERY,3033.8
2026-01-14,2026,1,14,Jan,Janeiro,2026-01,Jan/2026,Quarta,Qua,3,3,2026-01-12,12/01 - 18/01/2026,CARINAS,CASA,169417.08
2026-01-14,2026,1,14,Jan,Janeiro,2026-01,Jan/2026,Quarta,Qua,3,3,2026-01-12,12/01 - 18/01/2026,CARINAS,DELIVERY,1383.42
2026-01-14,2026,1,14,Jan,Janeiro,2026-01,Jan/2026,Quarta,Qua,3,3,2026-01-12,12/01 - 18/01/2026,CHÁCARA,CASA,1142.12
2026-01-14,2026,1,14,Jan,Janeiro,2026-01,Jan/2026,Quarta,Qua,3,3,2026-01-12,12/01 - 18/01/2026,CHÁCARA,DELIVERY,1116.5
2026-01-14,2026,1,14,Jan,Janeiro,2026-01,Jan/2026,Quarta,Qua,3,3,2026-01-12,12/01 - 18/01/2026,LAPA,CASA,1907.79
2026-01-14,2026,1,14,Jan,Janeiro,2026-01,Jan/2026,Quarta,Qua,3,3,2026-01-12,12/01 - 18/01/2026,LAPA,DELIVERY,982.0
2026-01-14,2026,1,14,Jan,Janeiro,2026-01,Jan/2026,Quarta,Qua,3,3,2026-01-12,12/01 - 18/01/2026,PAVÃO,CASA,10769.84
2026-01-14,2026,1,14,Jan,Janeiro,2026-01,Jan/2026,Quarta,Qua,3,3,2026-01-12,12/01 - 18/01/2026,PAVÃO,DELIVERY,765.31
2026-01-14,2026,1,14,Jan,Janeiro,2026-01,Jan/2026,Quarta,Qua,3,3,2026-01-12,12/01 - 18/01/2026,PERDIZES,CASA,3337.27
2026-01-14,2026,1,14,Jan,Janeiro,2026-01,Jan/2026,Quarta,Qua,3,3,2026-01-12,12/01 - 18/01/2026,SANTANA,CASA,7305.51
2026-01-14,2026,1,14,Jan,Janeiro,2026-01,Jan/2026,Quarta,Qua,3,3,2026-01-12,12/01 - 18/01/2026,SANTANA,DELIVERY,1363.3
2026-01-14,2026,1,14,Jan,Janeiro,2026-01,Jan/2026,Quarta,Qua,3,3,2026-01-12,12/01 - 18/01/2026,SANTO ANDRÉ,CASA,17817.03
2026-01-14,2026,1,14,Jan,Janeiro,2026-01,Jan/2026,Quarta,Qua,3,3,2026-01-12,12/01 - 18/01/2026,SANTO ANDRÉ,DELIVERY,1277.29
2026-01-14,2026,1,14,Jan,Janeiro,2026-01,Jan/2026,Quarta,Qua,3,3,2026-01-12,12/01 - 18/01/2026,TATUAPÉ,CASA,1126.91
2026-01-14,2026,1,14,Jan,Janeiro,2026-01,Jan/2026,Quarta,Qua,3,3,2026-01-12,12/01 - 18/01/2026,TATUAPÉ,DELIVERY,1337.8
2026-01-14,2026,1,14,Jan,Janeiro,2026-01,Jan/2026,Quarta,Qua,3,3,2026-01-12,12/01 - 18/01/2026,VILA MADALENA,CASA,6726.08
2026-01-14,2026,1,14,Jan,Janeiro,2026-01,Jan/2026,Quarta,Qua,3,3,2026-01-12,12/01 - 18/01/2026,VILA MARIANA,CASA,11019.61
2026-01-14,2026,1,14,Jan,Janeiro,2026-01,Jan/2026,Quarta,Qua,3,3,2026-01-12,12/01 - 18/01/2026,VILA MARIANA,DELIVERY,2369.39
2026-01-15,2026,1,15,Jan,Janeiro,2026-01,Jan/2026,Quinta,Qui,4,3,2026-01-12,12/01 - 18/01/2026,CARINAS,CASA,20136.04
2026-01-15,2026,1,15,Jan,Janeiro,2026-01,Jan/2026,Quinta,Qui,4,3,2026-01-12,12/01 - 18/01/2026,CARINAS,DELIVERY,1122.29
2026-01-15,2026,1,15,Jan,Janeiro,2026-01,Jan/2026,Quinta,Qui,4,3,2026-01-12,12/01 - 18/01/2026,CHÁCARA,CASA,16664.5
2026-01-15,2026,1,15,Jan,Janeiro,2026-01,Jan/2026,Quinta,Qui,4,3,2026-01-12,12/01 - 18/01/2026,CHÁCARA,DELIVERY,891.0
2026-01-15,2026,1,15,Jan,Janeiro,2026-01,Jan/2026,Quinta,Qui,4,3,2026-01-12,12/01 - 18/01/2026,LAPA,CASA,4195.65
2026-01-15,2026,1,15,Jan,Janeiro,2026-01,Jan/2026,Quinta,Qui,4,3,2026-01-12,12/01 - 18/01/2026,LAPA,DELIVERY,1706.59
2026-01-15,2026,1,15,Jan,Janeiro,2026-01,Jan/2026,Quinta,Qui,4,3,2026-01-12,12/01 - 18/01/2026,PAVÃO,CASA,8946.8
2026-01-15,2026,1,15,Jan,Janeiro,2026-01,Jan/2026,Quinta,Qui,4,3,2026-01-12,12/01 - 18/01/2026,PAVÃO,DELIVERY,737.29
2026-01-15,2026,1,15,Jan,Janeiro,2026-01,Jan/2026,Quinta,Qui,4,3,2026-01-12,12/01 - 18/01/2026,PERDIZES,CASA,12894.24
2026-01-15,2026,1,15,Jan,Janeiro,2026-01,Jan/2026,Quinta,Qui,4,3,2026-01-12,12/01 - 18/01/2026,PERDIZES,DELIVERY,2772.38
2026-01-15,2026,1,15,Jan,Janeiro,2026-01,Jan/2026,Quinta,Qui,4,3,2026-01-12,12/01 - 18/01/2026,SANTANA,CASA,32654.39
2026-01-15,2026,1,15,Jan,Janeiro,2026-01,Jan/2026,Quinta,Qui,4,3,2026-01-12,12/01 - 18/01/2026,SANTANA,DELIVERY,1194.59
2026-01-15,2026,1,15,Jan,Janeiro,2026-01,Jan/2026,Quinta,Qui,4,3,2026-01-12,12/01 - 18/01/2026,SANTO ANDRÉ,CASA,7289.17
2026-01-15,2026,1,15,Jan,Janeiro,2026-01,Jan/2026,Quinta,Qui,4,3,2026-01-12,12/01 - 18/01/2026,SANTO ANDRÉ,DELIVERY,1009.2
2026-01-15,2026,1,15,Jan,Janeiro,2026-01,Jan/2026,Quinta,Qui,4,3,2026-01-12,12/01 - 18/01/2026,TATUAPÉ,CASA,2665.17
2026-01-15,2026,1,15,Jan,Janeiro,2026-01,Jan/2026,Quinta,Qui,4,3,2026-01-12,12/01 - 18/01/2026,TATUAPÉ,DELIVERY,1009.88
2026-01-15,2026,1,15,Jan,Janeiro,2026-01,Jan/2026,Quinta,Qui,4,3,2026-01-12,12/01 - 18/01/2026,VILA MADALENA,CASA,22821.06
2026-01-15,2026,1,15,Jan,Janeiro,2026-01,Jan/2026,Quinta,Qui,4,3,2026-01-12,12/01 - 18/01/2026,VILA MADALENA,DELIVERY,1811.6
2026-01-15,2026,1,15,Jan,Janeiro,2026-01,Jan/2026,Quinta,Qui,4,3,2026-01-12,12/01 - 18/01/2026,VILA MARIANA,CASA,7008.97
2026-01-15,2026,1,15,Jan,Janeiro,2026-01,Jan/2026,Quinta,Qui,4,3,2026-01-12,12/01 - 18/01/2026,VILA MARIANA,DELIVERY,3190.29
2026-01-16,2026,1,16,Jan,Janeiro,2026-01,Jan/2026,Sexta,Sex,5,3,2026-01-12,12/01 - 18/01/2026,CARINAS,CASA,26364.32
2026-01-16,2026,1,16,Jan,Janeiro,2026-01,Jan/2026,Sexta,Sex,5,3,2026-01-12,12/01 - 18/01/2026,CHÁCARA,CASA,4230.6
2026-01-16,2026,1,16,Jan,Janeiro,2026-01,Jan/2026,Sexta,Sex,5,3,2026-01-12,12/01 - 18/01/2026,CHÁCARA,DELIVERY,931.8
2026-01-16,2026,1,16,Jan,Janeiro,2026-01,Jan/2026,Sexta,Sex,5,3,2026-01-12,12/01 - 18/01/2026,LAPA,CASA,16615.98
2026-01-16,2026,1,16,Jan,Janeiro,2026-01,Jan/2026,Sexta,Sex,5,3,2026-01-12,12/01 - 18/01/2026,LAPA,DELIVERY,2104.1
2026-01-16,2026,1,16,Jan,Janeiro,2026-01,Jan/2026,Sexta,Sex,5,3,2026-01-12,12/01 - 18/01/2026,PAVÃO,CASA,13937.01
2026-01-16,2026,1,16,Jan,Janeiro,2026-01,Jan/2026,Sexta,Sex,5,3,2026-01-12,12/01 - 18/01/2026,PAVÃO,DELIVERY,1373.0
2026-01-16,2026,1,16,Jan,Janeiro,2026-01,Jan/2026,Sexta,Sex,5,3,2026-01-12,12/01 - 18/01/2026,PERDIZES,CASA,12165.81
2026-01-16,2026,1,16,Jan,Janeiro,2026-01,Jan/2026,Sexta,Sex,5,3,2026-01-12,12/01 - 18/01/2026,PERDIZES,DELIVERY,1869.8
2026-01-16,2026,1,16,Jan,Janeiro,2026-01,Jan/2026,Sexta,Sex,5,3,2026-01-12,12/01 - 18/01/2026,SANTANA,CASA,18795.94
2026-01-16,2026,1,16,Jan,Janeiro,2026-01,Jan/2026,Sexta,Sex,5,3,2026-01-12,12/01 - 18/01/2026,SANTANA,DELIVERY,2193.4
2026-01-16,2026,1,16,Jan,Janeiro,2026-01,Jan/2026,Sexta,Sex,5,3,2026-01-12,12/01 - 18/01/2026,SANTO ANDRÉ,CASA,84762.83
2026-01-16,2026,1,16,Jan,Janeiro,2026-01,Jan/2026,Sexta,Sex,5,3,2026-01-12,12/01 - 18/01/2026,SANTO ANDRÉ,DELIVERY,138.1
2026-01-16,2026,1,16,Jan,Janeiro,2026-01,Jan/2026,Sexta,Sex,5,3,2026-01-12,12/01 - 18/01/2026,TATUAPÉ,CASA,20262.3
2026-01-16,2026,1,16,Jan,Janeiro,2026-01,Jan/2026,Sexta,Sex,5,3,2026-01-12,12/01 - 18/01/2026,TATUAPÉ,DELIVERY,643.88
2026-01-16,2026,1,16,Jan,Janeiro,2026-01,Jan/2026,Sexta,Sex,5,3,2026-01-12,12/01 - 18/01/2026,VILA MADALENA,CASA,12898.16
2026-01-16,2026,1,16,Jan,Janeiro,2026-01,Jan/2026,Sexta,Sex,5,3,2026-01-12,12/01 - 18/01/2026,VILA MARIANA,CASA,18393.4
2026-01-16,2026,1,16,Jan,Janeiro,2026-01,Jan/2026,Sexta,Sex,5,3,2026-01-12,12/01 - 18/01/2026,VILA MARIANA,DELIVERY,4143.58
2026-01-17,2026,1,17,Jan,Janeiro,2026-01,Jan/2026,Sábado,Sáb,6,3,2026-01-12,12/01 - 18/01/2026,CARINAS,CASA,157958.97
2026-01-17,2026,1,17,Jan,Janeiro,2026-01,Jan/2026,Sábado,Sáb,6,3,2026-01-12,12/01 - 18/01/2026,CARINAS,DELIVERY,7124.02
2026-01-17,2026,1,17,Jan,Janeiro,2026-01,Jan/2026,Sábado,Sáb,6,3,2026-01-12,12/01 - 18/01/2026,CHÁCARA,CASA,25125.83
2026-01-17,2026,1,17,Jan,Janeiro,2026-01,Jan/2026,Sábado,Sáb,6,3,2026-01-12,12/01 - 18/01/2026,CHÁCARA,DELIVERY,2682.7
2026-01-17,2026,1,17,Jan,Janeiro,2026-01,Jan/2026,Sábado,Sáb,6,3,2026-01-12,12/01 - 18/01/2026,LAPA,CASA,62965.91
2026-01-17,2026,1,17,Jan,Janeiro,2026-01,Jan/2026,Sábado,Sáb,6,3,2026-01-12,12/01 - 18/01/2026,LAPA,DELIVERY,4336.29
2026-01-17,2026,1,17,Jan,Janeiro,2026-01,Jan/2026,Sábado,Sáb,6,3,2026-01-12,12/01 - 18/01/2026,PAVÃO,CASA,51326.03
2026-01-17,2026,1,17,Jan,Janeiro,2026-01,Jan/2026,Sábado,Sáb,6,3,2026-01-12,12/01 - 18/01/2026,PAVÃO,DELIVERY,2326.88
2026-01-17,2026,1,17,Jan,Janeiro,2026-01,Jan/2026,Sábado,Sáb,6,3,2026-01-12,12/01 - 18/01/2026,PERDIZES,CASA,57884.14
2026-01-17,2026,1,17,Jan,Janeiro,2026-01,Jan/2026,Sábado,Sáb,6,3,2026-01-12,12/01 - 18/01/2026,PERDIZES,DELIVERY,3764.09
2026-01-17,2026,1,17,Jan,Janeiro,2026-01,Jan/2026,Sábado,Sáb,6,3,2026-01-12,12/01 - 18/01/2026,SANTANA,CASA,163924.12
2026-01-17,2026,1,17,Jan,Janeiro,2026-01,Jan/2026,Sábado,Sáb,6,3,2026-01-12,12/01 - 18/01/2026,SANTANA,DELIVERY,4423.74
2026-01-17,2026,1,17,Jan,Janeiro,2026-01,Jan/2026,Sábado,Sáb,6,3,2026-01-12,12/01 - 18/01/2026,SANTO ANDRÉ,CASA,113953.56
2026-01-17,2026,1,17,Jan,Janeiro,2026-01,Jan/2026,Sábado,Sáb,6,3,2026-01-12,12/01 - 18/01/2026,SANTO ANDRÉ,DELIVERY,1556.49
2026-01-17,2026,1,17,Jan,Janeiro,2026-01,Jan/2026,Sábado,Sáb,6,3,2026-01-12,12/01 - 18/01/2026,TATUAPÉ,CASA,120404.11
2026-01-17,2026,1,17,Jan,Janeiro,2026-01,Jan/2026,Sábado,Sáb,6,3,2026-01-12,12/01 - 18/01/2026,TATUAPÉ,DELIVERY,2595.72
2026-01-17,2026,1,17,Jan,Janeiro,2026-01,Jan/2026,Sábado,Sáb,6,3,2026-01-12,12/01 - 18/01/2026,VILA MADALENA,CASA,43842.57
2026-01-17,2026,1,17,Jan,Janeiro,2026-01,Jan/2026,Sábado,Sáb,6,3,2026-01-12,12/01 - 18/01/2026,VILA MADALENA,DELIVERY,492.9
2026-01-17,2026,1,17,Jan,Janeiro,2026-01,Jan/2026,Sábado,Sáb,6,3,2026-01-12,12/01 - 18/01/2026,VILA MARIANA,CASA,43201.96
2026-01-17,2026,1,17,Jan,Janeiro,2026-01,Jan/2026,Sábado,Sáb,6,3,2026-01-12,12/01 - 18/01/2026,VILA MARIANA,DELIVERY,2874.18
2026-01-18,2026,1,18,Jan,Janeiro,2026-01,Jan/2026,Domingo,Dom,7,3,2026-01-12,12/01 - 18/01/2026,CARINAS,CASA,76643.14
2026-01-18,2026,1,18,Jan,Janeiro,2026-01,Jan/2026,Domingo,Dom,7,3,2026-01-12,12/01 - 18/01/2026,CARINAS,DELIVERY,5758.8
2026-01-18,2026,1,18,Jan,Janeiro,2026-01,Jan/2026,Domingo,Dom,7,3,2026-01-12,12/01 - 18/01/2026,CHÁCARA,CASA,10917.11
2026-01-18,2026,1,18,Jan,Janeiro,2026-01,Jan/2026,Domingo,Dom,7,3,2026-01-12,12/01 - 18/01/2026,CHÁCARA,DELIVERY,1285.9
2026-01-18,2026,1,18,Jan,Janeiro,2026-01,Jan/2026,Domingo,Dom,7,3,2026-01-12,12/01 - 18/01/2026,LAPA,CASA,18534.67
2026-01-18,2026,1,18,Jan,Janeiro,2026-01,Jan/2026,Domingo,Dom,7,3,2026-01-12,12/01 - 18/01/2026,LAPA,DELIVERY,3136.29
2026-01-18,2026,1,18,Jan,Janeiro,2026-01,Jan/2026,Domingo,Dom,7,3,2026-01-12,12/01 - 18/01/2026,PAVÃO,CASA,22420.46
2026-01-18,2026,1,18,Jan,Janeiro,2026-01,Jan/2026,Domingo,Dom,7,3,2026-01-12,12/01 - 18/01/2026,PAVÃO,DELIVERY,2669.88
2026-01-18,2026,1,18,Jan,Janeiro,2026-01,Jan/2026,Domingo,Dom,7,3,2026-01-12,12/01 - 18/01/2026,PERDIZES,CASA,14849.96
2026-01-18,2026,1,18,Jan,Janeiro,2026-01,Jan/2026,Domingo,Dom,7,3,2026-01-12,12/01 - 18/01/2026,PERDIZES,DELIVERY,3113.05
2026-01-18,2026,1,18,Jan,Janeiro,2026-01,Jan/2026,Domingo,Dom,7,3,2026-01-12,12/01 - 18/01/2026,SANTANA,CASA,51345.59
2026-01-18,2026,1,18,Jan,Janeiro,2026-01,Jan/2026,Domingo,Dom,7,3,2026-01-12,12/01 - 18/01/2026,SANTANA,DELIVERY,5488.25
2026-01-18,2026,1,18,Jan,Janeiro,2026-01,Jan/2026,Domingo,Dom,7,3,2026-01-12,12/01 - 18/01/2026,SANTO ANDRÉ,CASA,31639.35
2026-01-18,2026,1,18,Jan,Janeiro,2026-01,Jan/2026,Domingo,Dom,7,3,2026-01-12,12/01 - 18/01/2026,SANTO ANDRÉ,DELIVERY,1137.8
2026-01-18,2026,1,18,Jan,Janeiro,2026-01,Jan/2026,Domingo,Dom,7,3,2026-01-12,12/01 - 18/01/2026,TATUAPÉ,CASA,45723.32
2026-01-18,2026,1,18,Jan,Janeiro,2026-01,Jan/2026,Domingo,Dom,7,3,2026-01-12,12/01 - 18/01/2026,TATUAPÉ,DELIVERY,2041.34
2026-01-18,2026,1,18,Jan,Janeiro,2026-01,Jan/2026,Domingo,Dom,7,3,2026-01-12,12/01 - 18/01/2026,VILA MADALENA,CASA,19042.68
2026-01-18,2026,1,18,Jan,Janeiro,2026-01,Jan/2026,Domingo,Dom,7,3,2026-01-12,12/01 - 18/01/2026,VILA MADALENA,DELIVERY,3288.4
2026-01-18,2026,1,18,Jan,Janeiro,2026-01,Jan/2026,Domingo,Dom,7,3,2026-01-12,12/01 - 18/01/2026,VILA MARIANA,CASA,23543.81
2026-01-18,2026,1,18,Jan,Janeiro,2026-01,Jan/2026,Domingo,Dom,7,3,2026-01-12,12/01 - 18/01/2026,VILA MARIANA,DELIVERY,6135.9
2026-01-19,2026,1,19,Jan,Janeiro,2026-01,Jan/2026,Segunda,Seg,1,4,2026-01-19,19/01 - 25/01/2026,SANTANA,CASA,55738.5
2026-01-19,2026,1,19,Jan,Janeiro,2026-01,Jan/2026,Segunda,Seg,1,4,2026-01-19,19/01 - 25/01/2026,SANTANA,DELIVERY,1044.2
2026-01-19,2026,1,19,Jan,Janeiro,2026-01,Jan/2026,Segunda,Seg,1,4,2026-01-19,19/01 - 25/01/2026,SANTO ANDRÉ,CASA,60225.67
2026-01-19,2026,1,19,Jan,Janeiro,2026-01,Jan/2026,Segunda,Seg,1,4,2026-01-19,19/01 - 25/01/2026,TATUAPÉ,DELIVERY,41.69
2026-01-19,2026,1,19,Jan,Janeiro,2026-01,Jan/2026,Segunda,Seg,1,4,2026-01-19,19/01 - 25/01/2026,VILA MADALENA,CASA,22064.0
2026-01-20,2026,1,20,Jan,Janeiro,2026-01,Jan/2026,Terça,Ter,2,4,2026-01-19,19/01 - 25/01/2026,CARINAS,CASA,103267.86
2026-01-20,2026,1,20,Jan,Janeiro,2026-01,Jan/2026,Terça,Ter,2,4,2026-01-19,19/01 - 25/01/2026,CARINAS,DELIVERY,1003.0
2026-01-20,2026,1,20,Jan,Janeiro,2026-01,Jan/2026,Terça,Ter,2,4,2026-01-19,19/01 - 25/01/2026,CHÁCARA,CASA,7575.21
2026-01-20,2026,1,20,Jan,Janeiro,2026-01,Jan/2026,Terça,Ter,2,4,2026-01-19,19/01 - 25/01/2026,CHÁCARA,DELIVERY,1325.3
2026-01-20,2026,1,20,Jan,Janeiro,2026-01,Jan/2026,Terça,Ter,2,4,2026-01-19,19/01 - 25/01/2026,LAPA,CASA,15880.9
2026-01-20,2026,1,20,Jan,Janeiro,2026-01,Jan/2026,Terça,Ter,2,4,2026-01-19,19/01 - 25/01/2026,LAPA,DELIVERY,1013.5
2026-01-20,2026,1,20,Jan,Janeiro,2026-01,Jan/2026,Terça,Ter,2,4,2026-01-19,19/01 - 25/01/2026,PAVÃO,CASA,1766.81
2026-01-20,2026,1,20,Jan,Janeiro,2026-01,Jan/2026,Terça,Ter,2,4,2026-01-19,19/01 - 25/01/2026,PAVÃO,DELIVERY,1500.05
2026-01-20,2026,1,20,Jan,Janeiro,2026-01,Jan/2026,Terça,Ter,2,4,2026-01-19,19/01 - 25/01/2026,PERDIZES,CASA,2133.78
2026-01-20,2026,1,20,Jan,Janeiro,2026-01,Jan/2026,Terça,Ter,2,4,2026-01-19,19/01 - 25/01/2026,PERDIZES,DELIVERY,1559.6
2026-01-20,2026,1,20,Jan,Janeiro,2026-01,Jan/2026,Terça,Ter,2,4,2026-01-19,19/01 - 25/01/2026,SANTANA,CASA,14946.59
2026-01-20,2026,1,20,Jan,Janeiro,2026-01,Jan/2026,Terça,Ter,2,4,2026-01-19,19/01 - 25/01/2026,SANTANA,DELIVERY,1897.39
2026-01-20,2026,1,20,Jan,Janeiro,2026-01,Jan/2026,Terça,Ter,2,4,2026-01-19,19/01 - 25/01/2026,TATUAPÉ,CASA,28011.17
2026-01-20,2026,1,20,Jan,Janeiro,2026-01,Jan/2026,Terça,Ter,2,4,2026-01-19,19/01 - 25/01/2026,TATUAPÉ,DELIVERY,1293.84
2026-01-20,2026,1,20,Jan,Janeiro,2026-01,Jan/2026,Terça,Ter,2,4,2026-01-19,19/01 - 25/01/2026,VILA MADALENA,CASA,4993.19
2026-01-20,2026,1,20,Jan,Janeiro,2026-01,Jan/2026,Terça,Ter,2,4,2026-01-19,19/01 - 25/01/2026,VILA MADALENA,DELIVERY,339.8
2026-01-20,2026,1,20,Jan,Janeiro,2026-01,Jan/2026,Terça,Ter,2,4,2026-01-19,19/01 - 25/01/2026,VILA MARIANA,CASA,8179.61
2026-01-20,2026,1,20,Jan,Janeiro,2026-01,Jan/2026,Terça,Ter,2,4,2026-01-19,19/01 - 25/01/2026,VILA MARIANA,DELIVERY,2589.29
2026-01-21,2026,1,21,Jan,Janeiro,2026-01,Jan/2026,Quarta,Qua,3,4,2026-01-19,19/01 - 25/01/2026,CARINAS,CASA,62933.72
2026-01-21,2026,1,21,Jan,Janeiro,2026-01,Jan/2026,Quarta,Qua,3,4,2026-01-19,19/01 - 25/01/2026,CARINAS,DELIVERY,1174.3
2026-01-21,2026,1,21,Jan,Janeiro,2026-01,Jan/2026,Quarta,Qua,3,4,2026-01-19,19/01 - 25/01/2026,CHÁCARA,CASA,821.74
2026-01-21,2026,1,21,Jan,Janeiro,2026-01,Jan/2026,Quarta,Qua,3,4,2026-01-19,19/01 - 25/01/2026,CHÁCARA,DELIVERY,4693.0
2026-01-21,2026,1,21,Jan,Janeiro,2026-01,Jan/2026,Quarta,Qua,3,4,2026-01-19,19/01 - 25/01/2026,LAPA,CASA,4484.83
2026-01-21,2026,1,21,Jan,Janeiro,2026-01,Jan/2026,Quarta,Qua,3,4,2026-01-19,19/01 - 25/01/2026,LAPA,DELIVERY,661.2
2026-01-21,2026,1,21,Jan,Janeiro,2026-01,Jan/2026,Quarta,Qua,3,4,2026-01-19,19/01 - 25/01/2026,PAVÃO,CASA,2448.95
2026-01-21,2026,1,21,Jan,Janeiro,2026-01,Jan/2026,Quarta,Qua,3,4,2026-01-19,19/01 - 25/01/2026,PAVÃO,DELIVERY,734.39
2026-01-21,2026,1,21,Jan,Janeiro,2026-01,Jan/2026,Quarta,Qua,3,4,2026-01-19,19/01 - 25/01/2026,PERDIZES,CASA,1542.69
2026-01-21,2026,1,21,Jan,Janeiro,2026-01,Jan/2026,Quarta,Qua,3,4,2026-01-19,19/01 - 25/01/2026,PERDIZES,DELIVERY,1436.57
2026-01-21,2026,1,21,Jan,Janeiro,2026-01,Jan/2026,Quarta,Qua,3,4,2026-01-19,19/01 - 25/01/2026,SANTANA,CASA,25802.37
2026-01-21,2026,1,21,Jan,Janeiro,2026-01,Jan/2026,Quarta,Qua,3,4,2026-01-19,19/01 - 25/01/2026,SANTANA,DELIVERY,1334.35
2026-01-21,2026,1,21,Jan,Janeiro,2026-01,Jan/2026,Quarta,Qua,3,4,2026-01-19,19/01 - 25/01/2026,SANTO ANDRÉ,CASA,14570.01
2026-01-21,2026,1,21,Jan,Janeiro,2026-01,Jan/2026,Quarta,Qua,3,4,2026-01-19,19/01 - 25/01/2026,SANTO ANDRÉ,DELIVERY,451.59
2026-01-21,2026,1,21,Jan,Janeiro,2026-01,Jan/2026,Quarta,Qua,3,4,2026-01-19,19/01 - 25/01/2026,TATUAPÉ,CASA,5226.58
2026-01-21,2026,1,21,Jan,Janeiro,2026-01,Jan/2026,Quarta,Qua,3,4,2026-01-19,19/01 - 25/01/2026,TATUAPÉ,DELIVERY,1211.68
2026-01-21,2026,1,21,Jan,Janeiro,2026-01,Jan/2026,Quarta,Qua,3,4,2026-01-19,19/01 - 25/01/2026,VILA MADALENA,CASA,1966.6
2026-01-21,2026,1,21,Jan,Janeiro,2026-01,Jan/2026,Quarta,Qua,3,4,2026-01-19,19/01 - 25/01/2026,VILA MADALENA,DELIVERY,786.1
2026-01-21,2026,1,21,Jan,Janeiro,2026-01,Jan/2026,Quarta,Qua,3,4,2026-01-19,19/01 - 25/01/2026,VILA MARIANA,CASA,6453.79
2026-01-21,2026,1,21,Jan,Janeiro,2026-01,Jan/2026,Quarta,Qua,3,4,2026-01-19,19/01 - 25/01/2026,VILA MARIANA,DELIVERY,2968.6
2026-01-22,2026,1,22,Jan,Janeiro,2026-01,Jan/2026,Quinta,Qui,4,4,2026-01-19,19/01 - 25/01/2026,CARINAS,CASA,43665.41
2026-01-22,2026,1,22,Jan,Janeiro,2026-01,Jan/2026,Quinta,Qui,4,4,2026-01-19,19/01 - 25/01/2026,CARINAS,DELIVERY,2021.49
2026-01-22,2026,1,22,Jan,Janeiro,2026-01,Jan/2026,Quinta,Qui,4,4,2026-01-19,19/01 - 25/01/2026,CHÁCARA,CASA,44357.91
2026-01-22,2026,1,22,Jan,Janeiro,2026-01,Jan/2026,Quinta,Qui,4,4,2026-01-19,19/01 - 25/01/2026,CHÁCARA,DELIVERY,1119.1
2026-01-22,2026,1,22,Jan,Janeiro,2026-01,Jan/2026,Quinta,Qui,4,4,2026-01-19,19/01 - 25/01/2026,LAPA,CASA,1257.55
2026-01-22,2026,1,22,Jan,Janeiro,2026-01,Jan/2026,Quinta,Qui,4,4,2026-01-19,19/01 - 25/01/2026,LAPA,DELIVERY,2626.2
2026-01-22,2026,1,22,Jan,Janeiro,2026-01,Jan/2026,Quinta,Qui,4,4,2026-01-19,19/01 - 25/01/2026,PAVÃO,CASA,2781.02
2026-01-22,2026,1,22,Jan,Janeiro,2026-01,Jan/2026,Quinta,Qui,4,4,2026-01-19,19/01 - 25/01/2026,PAVÃO,DELIVERY,913.82
2026-01-22,2026,1,22,Jan,Janeiro,2026-01,Jan/2026,Quinta,Qui,4,4,2026-01-19,19/01 - 25/01/2026,PERDIZES,CASA,10309.25
2026-01-22,2026,1,22,Jan,Janeiro,2026-01,Jan/2026,Quinta,Qui,4,4,2026-01-19,19/01 - 25/01/2026,PERDIZES,DELIVERY,1878.38
2026-01-22,2026,1,22,Jan,Janeiro,2026-01,Jan/2026,Quinta,Qui,4,4,2026-01-19,19/01 - 25/01/2026,SANTANA,CASA,168333.4
2026-01-22,2026,1,22,Jan,Janeiro,2026-01,Jan/2026,Quinta,Qui,4,4,2026-01-19,19/01 - 25/01/2026,SANTANA,DELIVERY,1505.99
2026-01-22,2026,1,22,Jan,Janeiro,2026-01,Jan/2026,Quinta,Qui,4,4,2026-01-19,19/01 - 25/01/2026,SANTO ANDRÉ,CASA,158903.82
2026-01-22,2026,1,22,Jan,Janeiro,2026-01,Jan/2026,Quinta,Qui,4,4,2026-01-19,19/01 - 25/01/2026,SANTO ANDRÉ,DELIVERY,904.3
2026-01-22,2026,1,22,Jan,Janeiro,2026-01,Jan/2026,Quinta,Qui,4,4,2026-01-19,19/01 - 25/01/2026,TATUAPÉ,CASA,836.04
2026-01-22,2026,1,22,Jan,Janeiro,2026-01,Jan/2026,Quinta,Qui,4,4,2026-01-19,19/01 - 25/01/2026,TATUAPÉ,DELIVERY,1045.39
2026-01-22,2026,1,22,Jan,Janeiro,2026-01,Jan/2026,Quinta,Qui,4,4,2026-01-19,19/01 - 25/01/2026,VILA MADALENA,CASA,23916.99
2026-01-22,2026,1,22,Jan,Janeiro,2026-01,Jan/2026,Quinta,Qui,4,4,2026-01-19,19/01 - 25/01/2026,VILA MADALENA,DELIVERY,330.78
2026-01-22,2026,1,22,Jan,Janeiro,2026-01,Jan/2026,Quinta,Qui,4,4,2026-01-19,19/01 - 25/01/2026,VILA MARIANA,CASA,8026.56
2026-01-22,2026,1,22,Jan,Janeiro,2026-01,Jan/2026,Quinta,Qui,4,4,2026-01-19,19/01 - 25/01/2026,VILA MARIANA,DELIVERY,3474.33
2026-01-23,2026,1,23,Jan,Janeiro,2026-01,Jan/2026,Sexta,Sex,5,4,2026-01-19,19/01 - 25/01/2026,CARINAS,CASA,42717.05
2026-01-23,2026,1,23,Jan,Janeiro,2026-01,Jan/2026,Sexta,Sex,5,4,2026-01-19,19/01 - 25/01/2026,CARINAS,DELIVERY,1966.5
2026-01-23,2026,1,23,Jan,Janeiro,2026-01,Jan/2026,Sexta,Sex,5,4,2026-01-19,19/01 - 25/01/2026,CHÁCARA,CASA,7179.44
2026-01-23,2026,1,23,Jan,Janeiro,2026-01,Jan/2026,Sexta,Sex,5,4,2026-01-19,19/01 - 25/01/2026,CHÁCARA,DELIVERY,1006.9
2026-01-23,2026,1,23,Jan,Janeiro,2026-01,Jan/2026,Sexta,Sex,5,4,2026-01-19,19/01 - 25/01/2026,LAPA,CASA,11308.3
2026-01-23,2026,1,23,Jan,Janeiro,2026-01,Jan/2026,Sexta,Sex,5,4,2026-01-19,19/01 - 25/01/2026,LAPA,DELIVERY,2531.08
2026-01-23,2026,1,23,Jan,Janeiro,2026-01,Jan/2026,Sexta,Sex,5,4,2026-01-19,19/01 - 25/01/2026,PAVÃO,CASA,11188.88
2026-01-23,2026,1,23,Jan,Janeiro,2026-01,Jan/2026,Sexta,Sex,5,4,2026-01-19,19/01 - 25/01/2026,PAVÃO,DELIVERY,1274.15
2026-01-23,2026,1,23,Jan,Janeiro,2026-01,Jan/2026,Sexta,Sex,5,4,2026-01-19,19/01 - 25/01/2026,PERDIZES,CASA,9003.91
2026-01-23,2026,1,23,Jan,Janeiro,2026-01,Jan/2026,Sexta,Sex,5,4,2026-01-19,19/01 - 25/01/2026,PERDIZES,DELIVERY,1945.58
2026-01-23,2026,1,23,Jan,Janeiro,2026-01,Jan/2026,Sexta,Sex,5,4,2026-01-19,19/01 - 25/01/2026,SANTANA,CASA,58713.09
2026-01-23,2026,1,23,Jan,Janeiro,2026-01,Jan/2026,Sexta,Sex,5,4,2026-01-19,19/01 - 25/01/2026,SANTANA,DELIVERY,2564.89
2026-01-23,2026,1,23,Jan,Janeiro,2026-01,Jan/2026,Sexta,Sex,5,4,2026-01-19,19/01 - 25/01/2026,SANTO ANDRÉ,CASA,279164.99
2026-01-23,2026,1,23,Jan,Janeiro,2026-01,Jan/2026,Sexta,Sex,5,4,2026-01-19,19/01 - 25/01/2026,SANTO ANDRÉ,DELIVERY,1327.09
2026-01-23,2026,1,23,Jan,Janeiro,2026-01,Jan/2026,Sexta,Sex,5,4,2026-01-19,19/01 - 25/01/2026,TATUAPÉ,CASA,28055.84
2026-01-23,2026,1,23,Jan,Janeiro,2026-01,Jan/2026,Sexta,Sex,5,4,2026-01-19,19/01 - 25/01/2026,TATUAPÉ,DELIVERY,689.37
2026-01-23,2026,1,23,Jan,Janeiro,2026-01,Jan/2026,Sexta,Sex,5,4,2026-01-19,19/01 - 25/01/2026,VILA MADALENA,CASA,4912.29
2026-01-23,2026,1,23,Jan,Janeiro,2026-01,Jan/2026,Sexta,Sex,5,4,2026-01-19,19/01 - 25/01/2026,VILA MADALENA,DELIVERY,1369.3
2026-01-23,2026,1,23,Jan,Janeiro,2026-01,Jan/2026,Sexta,Sex,5,4,2026-01-19,19/01 - 25/01/2026,VILA MARIANA,CASA,16940.77
2026-01-23,2026,1,23,Jan,Janeiro,2026-01,Jan/2026,Sexta,Sex,5,4,2026-01-19,19/01 - 25/01/2026,VILA MARIANA,DELIVERY,4925.31
2026-01-24,2026,1,24,Jan,Janeiro,2026-01,Jan/2026,Sábado,Sáb,6,4,2026-01-19,19/01 - 25/01/2026,CARINAS,CASA,150056.36
2026-01-24,2026,1,24,Jan,Janeiro,2026-01,Jan/2026,Sábado,Sáb,6,4,2026-01-19,19/01 - 25/01/2026,CARINAS,DELIVERY,3324.6
2026-01-24,2026,1,24,Jan,Janeiro,2026-01,Jan/2026,Sábado,Sáb,6,4,2026-01-19,19/01 - 25/01/2026,CHÁCARA,CASA,12731.41
2026-01-24,2026,1,24,Jan,Janeiro,2026-01,Jan/2026,Sábado,Sáb,6,4,2026-01-19,19/01 - 25/01/2026,CHÁCARA,DELIVERY,3049.6
2026-01-24,2026,1,24,Jan,Janeiro,2026-01,Jan/2026,Sábado,Sáb,6,4,2026-01-19,19/01 - 25/01/2026,LAPA,CASA,44977.01
2026-01-24,2026,1,24,Jan,Janeiro,2026-01,Jan/2026,Sábado,Sáb,6,4,2026-01-19,19/01 - 25/01/2026,PAVÃO,CASA,31614.45
2026-01-24,2026,1,24,Jan,Janeiro,2026-01,Jan/2026,Sábado,Sáb,6,4,2026-01-19,19/01 - 25/01/2026,PAVÃO,DELIVERY,1518.56
2026-01-24,2026,1,24,Jan,Janeiro,2026-01,Jan/2026,Sábado,Sáb,6,4,2026-01-19,19/01 - 25/01/2026,PERDIZES,CASA,49688.64
2026-01-24,2026,1,24,Jan,Janeiro,2026-01,Jan/2026,Sábado,Sáb,6,4,2026-01-19,19/01 - 25/01/2026,PERDIZES,DELIVERY,3251.69
2026-01-24,2026,1,24,Jan,Janeiro,2026-01,Jan/2026,Sábado,Sáb,6,4,2026-01-19,19/01 - 25/01/2026,SANTANA,CASA,144794.13
2026-01-24,2026,1,24,Jan,Janeiro,2026-01,Jan/2026,Sábado,Sáb,6,4,2026-01-19,19/01 - 25/01/2026,SANTANA,DELIVERY,2725.99
2026-01-24,2026,1,24,Jan,Janeiro,2026-01,Jan/2026,Sábado,Sáb,6,4,2026-01-19,19/01 - 25/01/2026,SANTO ANDRÉ,CASA,107338.78
2026-01-24,2026,1,24,Jan,Janeiro,2026-01,Jan/2026,Sábado,Sáb,6,4,2026-01-19,19/01 - 25/01/2026,SANTO ANDRÉ,DELIVERY,1642.1
2026-01-24,2026,1,24,Jan,Janeiro,2026-01,Jan/2026,Sábado,Sáb,6,4,2026-01-19,19/01 - 25/01/2026,TATUAPÉ,CASA,146922.32
2026-01-24,2026,1,24,Jan,Janeiro,2026-01,Jan/2026,Sábado,Sáb,6,4,2026-01-19,19/01 - 25/01/2026,TATUAPÉ,DELIVERY,2792.26
2026-01-24,2026,1,24,Jan,Janeiro,2026-01,Jan/2026,Sábado,Sáb,6,4,2026-01-19,19/01 - 25/01/2026,VILA MADALENA,CASA,30537.34
2026-01-24,2026,1,24,Jan,Janeiro,2026-01,Jan/2026,Sábado,Sáb,6,4,2026-01-19,19/01 - 25/01/2026,VILA MARIANA,CASA,44748.78
2026-01-24,2026,1,24,Jan,Janeiro,2026-01,Jan/2026,Sábado,Sáb,6,4,2026-01-19,19/01 - 25/01/2026,VILA MARIANA,DELIVERY,4261.06
2026-01-25,2026,1,25,Jan,Janeiro,2026-01,Jan/2026,Domingo,Dom,7,4,2026-01-19,19/01 - 25/01/2026,CARINAS,CASA,73039.72
2026-01-25,2026,1,25,Jan,Janeiro,2026-01,Jan/2026,Domingo,Dom,7,4,2026-01-19,19/01 - 25/01/2026,CARINAS,DELIVERY,3932.99
2026-01-25,2026,1,25,Jan,Janeiro,2026-01,Jan/2026,Domingo,Dom,7,4,2026-01-19,19/01 - 25/01/2026,CHÁCARA,CASA,8534.08
2026-01-25,2026,1,25,Jan,Janeiro,2026-01,Jan/2026,Domingo,Dom,7,4,2026-01-19,19/01 - 25/01/2026,CHÁCARA,DELIVERY,3814.9
2026-01-25,2026,1,25,Jan,Janeiro,2026-01,Jan/2026,Domingo,Dom,7,4,2026-01-19,19/01 - 25/01/2026,LAPA,CASA,27660.63
2026-01-25,2026,1,25,Jan,Janeiro,2026-01,Jan/2026,Domingo,Dom,7,4,2026-01-19,19/01 - 25/01/2026,LAPA,DELIVERY,3301.79
2026-01-25,2026,1,25,Jan,Janeiro,2026-01,Jan/2026,Domingo,Dom,7,4,2026-01-19,19/01 - 25/01/2026,PAVÃO,CASA,12201.74
2026-01-25,2026,1,25,Jan,Janeiro,2026-01,Jan/2026,Domingo,Dom,7,4,2026-01-19,19/01 - 25/01/2026,PAVÃO,DELIVERY,1579.86
2026-01-25,2026,1,25,Jan,Janeiro,2026-01,Jan/2026,Domingo,Dom,7,4,2026-01-19,19/01 - 25/01/2026,PERDIZES,CASA,19128.15
2026-01-25,2026,1,25,Jan,Janeiro,2026-01,Jan/2026,Domingo,Dom,7,4,2026-01-19,19/01 - 25/01/2026,PERDIZES,DELIVERY,4975.19
2026-01-25,2026,1,25,Jan,Janeiro,2026-01,Jan/2026,Domingo,Dom,7,4,2026-01-19,19/01 - 25/01/2026,SANTANA,CASA,46650.59
2026-01-25,2026,1,25,Jan,Janeiro,2026-01,Jan/2026,Domingo,Dom,7,4,2026-01-19,19/01 - 25/01/2026,SANTANA,DELIVERY,4412.18
2026-01-25,2026,1,25,Jan,Janeiro,2026-01,Jan/2026,Domingo,Dom,7,4,2026-01-19,19/01 - 25/01/2026,SANTO ANDRÉ,CASA,41598.47
2026-01-25,2026,1,25,Jan,Janeiro,2026-01,Jan/2026,Domingo,Dom,7,4,2026-01-19,19/01 - 25/01/2026,SANTO ANDRÉ,DELIVERY,1401.68
2026-01-25,2026,1,25,Jan,Janeiro,2026-01,Jan/2026,Domingo,Dom,7,4,2026-01-19,19/01 - 25/01/2026,TATUAPÉ,CASA,45207.93
2026-01-25,2026,1,25,Jan,Janeiro,2026-01,Jan/2026,Domingo,Dom,7,4,2026-01-19,19/01 - 25/01/2026,TATUAPÉ,DELIVERY,2881.7
2026-01-25,2026,1,25,Jan,Janeiro,2026-01,Jan/2026,Domingo,Dom,7,4,2026-01-19,19/01 - 25/01/2026,VILA MADALENA,CASA,12150.53
2026-01-25,2026,1,25,Jan,Janeiro,2026-01,Jan/2026,Domingo,Dom,7,4,2026-01-19,19/01 - 25/01/2026,VILA MADALENA,DELIVERY,3016.47
2026-01-25,2026,1,25,Jan,Janeiro,2026-01,Jan/2026,Domingo,Dom,7,4,2026-01-19,19/01 - 25/01/2026,VILA MARIANA,CASA,48060.56
2026-01-25,2026,1,25,Jan,Janeiro,2026-01,Jan/2026,Domingo,Dom,7,4,2026-01-19,19/01 - 25/01/2026,VILA MARIANA,DELIVERY,4167.38
2026-01-26,2026,1,26,Jan,Janeiro,2026-01,Jan/2026,Segunda,Seg,1,5,2026-01-26,26/01 - 01/02/2026,CARINAS,DELIVERY,1334.0
2026-01-26,2026,1,26,Jan,Janeiro,2026-01,Jan/2026,Segunda,Seg,1,5,2026-01-26,26/01 - 01/02/2026,SANTANA,CASA,38318.41
2026-01-27,2026,1,27,Jan,Janeiro,2026-01,Jan/2026,Terça,Ter,2,5,2026-01-26,26/01 - 01/02/2026,CARINAS,CASA,18910.67
2026-01-27,2026,1,27,Jan,Janeiro,2026-01,Jan/2026,Terça,Ter,2,5,2026-01-26,26/01 - 01/02/2026,CARINAS,DELIVERY,1113.36
2026-01-27,2026,1,27,Jan,Janeiro,2026-01,Jan/2026,Terça,Ter,2,5,2026-01-26,26/01 - 01/02/2026,CHÁCARA,CASA,1313.38
2026-01-27,2026,1,27,Jan,Janeiro,2026-01,Jan/2026,Terça,Ter,2,5,2026-01-26,26/01 - 01/02/2026,LAPA,CASA,18749.91
2026-01-27,2026,1,27,Jan,Janeiro,2026-01,Jan/2026,Terça,Ter,2,5,2026-01-26,26/01 - 01/02/2026,LAPA,DELIVERY,4183.99
2026-01-27,2026,1,27,Jan,Janeiro,2026-01,Jan/2026,Terça,Ter,2,5,2026-01-26,26/01 - 01/02/2026,PAVÃO,CASA,32477.52
2026-01-27,2026,1,27,Jan,Janeiro,2026-01,Jan/2026,Terça,Ter,2,5,2026-01-26,26/01 - 01/02/2026,PAVÃO,DELIVERY,703.28
2026-01-27,2026,1,27,Jan,Janeiro,2026-01,Jan/2026,Terça,Ter,2,5,2026-01-26,26/01 - 01/02/2026,PERDIZES,CASA,2962.68
2026-01-27,2026,1,27,Jan,Janeiro,2026-01,Jan/2026,Terça,Ter,2,5,2026-01-26,26/01 - 01/02/2026,PERDIZES,DELIVERY,1373.2
2026-01-27,2026,1,27,Jan,Janeiro,2026-01,Jan/2026,Terça,Ter,2,5,2026-01-26,26/01 - 01/02/2026,SANTANA,CASA,5113.0
2026-01-27,2026,1,27,Jan,Janeiro,2026-01,Jan/2026,Terça,Ter,2,5,2026-01-26,26/01 - 01/02/2026,SANTANA,DELIVERY,3297.67
2026-01-27,2026,1,27,Jan,Janeiro,2026-01,Jan/2026,Terça,Ter,2,5,2026-01-26,26/01 - 01/02/2026,TATUAPÉ,CASA,28342.7
2026-01-27,2026,1,27,Jan,Janeiro,2026-01,Jan/2026,Terça,Ter,2,5,2026-01-26,26/01 - 01/02/2026,TATUAPÉ,DELIVERY,1111.38
2026-01-27,2026,1,27,Jan,Janeiro,2026-01,Jan/2026,Terça,Ter,2,5,2026-01-26,26/01 - 01/02/2026,VILA MADALENA,CASA,5905.35
2026-01-27,2026,1,27,Jan,Janeiro,2026-01,Jan/2026,Terça,Ter,2,5,2026-01-26,26/01 - 01/02/2026,VILA MADALENA,DELIVERY,696.89
2026-01-27,2026,1,27,Jan,Janeiro,2026-01,Jan/2026,Terça,Ter,2,5,2026-01-26,26/01 - 01/02/2026,VILA MARIANA,CASA,5297.34
2026-01-27,2026,1,27,Jan,Janeiro,2026-01,Jan/2026,Terça,Ter,2,5,2026-01-26,26/01 - 01/02/2026,VILA MARIANA,DELIVERY,2636.04
2026-01-28,2026,1,28,Jan,Janeiro,2026-01,Jan/2026,Quarta,Qua,3,5,2026-01-26,26/01 - 01/02/2026,CARINAS,CASA,32076.47
2026-01-28,2026,1,28,Jan,Janeiro,2026-01,Jan/2026,Quarta,Qua,3,5,2026-01-26,26/01 - 01/02/2026,CARINAS,DELIVERY,2307.5
2026-01-28,2026,1,28,Jan,Janeiro,2026-01,Jan/2026,Quarta,Qua,3,5,2026-01-26,26/01 - 01/02/2026,CHÁCARA,CASA,1147.08
2026-01-28,2026,1,28,Jan,Janeiro,2026-01,Jan/2026,Quarta,Qua,3,5,2026-01-26,26/01 - 01/02/2026,CHÁCARA,DELIVERY,3491.9
2026-01-28,2026,1,28,Jan,Janeiro,2026-01,Jan/2026,Quarta,Qua,3,5,2026-01-26,26/01 - 01/02/2026,LAPA,CASA,5504.5
2026-01-28,2026,1,28,Jan,Janeiro,2026-01,Jan/2026,Quarta,Qua,3,5,2026-01-26,26/01 - 01/02/2026,LAPA,DELIVERY,1246.78
2026-01-28,2026,1,28,Jan,Janeiro,2026-01,Jan/2026,Quarta,Qua,3,5,2026-01-26,26/01 - 01/02/2026,PAVÃO,CASA,6632.29
2026-01-28,2026,1,28,Jan,Janeiro,2026-01,Jan/2026,Quarta,Qua,3,5,2026-01-26,26/01 - 01/02/2026,PAVÃO,DELIVERY,1411.94
2026-01-28,2026,1,28,Jan,Janeiro,2026-01,Jan/2026,Quarta,Qua,3,5,2026-01-26,26/01 - 01/02/2026,PERDIZES,CASA,6274.72
2026-01-28,2026,1,28,Jan,Janeiro,2026-01,Jan/2026,Quarta,Qua,3,5,2026-01-26,26/01 - 01/02/2026,PERDIZES,DELIVERY,1009.99
2026-01-28,2026,1,28,Jan,Janeiro,2026-01,Jan/2026,Quarta,Qua,3,5,2026-01-26,26/01 - 01/02/2026,SANTANA,CASA,10382.78
2026-01-28,2026,1,28,Jan,Janeiro,2026-01,Jan/2026,Quarta,Qua,3,5,2026-01-26,26/01 - 01/02/2026,SANTANA,DELIVERY,1108.68
2026-01-28,2026,1,28,Jan,Janeiro,2026-01,Jan/2026,Quarta,Qua,3,5,2026-01-26,26/01 - 01/02/2026,SANTO ANDRÉ,CASA,10463.22
2026-01-28,2026,1,28,Jan,Janeiro,2026-01,Jan/2026,Quarta,Qua,3,5,2026-01-26,26/01 - 01/02/2026,SANTO ANDRÉ,DELIVERY,131.3
2026-01-28,2026,1,28,Jan,Janeiro,2026-01,Jan/2026,Quarta,Qua,3,5,2026-01-26,26/01 - 01/02/2026,TATUAPÉ,CASA,5661.88
2026-01-28,2026,1,28,Jan,Janeiro,2026-01,Jan/2026,Quarta,Qua,3,5,2026-01-26,26/01 - 01/02/2026,TATUAPÉ,DELIVERY,314.73
2026-01-28,2026,1,28,Jan,Janeiro,2026-01,Jan/2026,Quarta,Qua,3,5,2026-01-26,26/01 - 01/02/2026,VILA MADALENA,CASA,31339.23
2026-01-28,2026,1,28,Jan,Janeiro,2026-01,Jan/2026,Quarta,Qua,3,5,2026-01-26,26/01 - 01/02/2026,VILA MARIANA,CASA,14183.31
2026-01-28,2026,1,28,Jan,Janeiro,2026-01,Jan/2026,Quarta,Qua,3,5,2026-01-26,26/01 - 01/02/2026,VILA MARIANA,DELIVERY,2401.41
2026-01-29,2026,1,29,Jan,Janeiro,2026-01,Jan/2026,Quinta,Qui,4,5,2026-01-26,26/01 - 01/02/2026,CARINAS,CASA,32423.31
2026-01-29,2026,1,29,Jan,Janeiro,2026-01,Jan/2026,Quinta,Qui,4,5,2026-01-26,26/01 - 01/02/2026,CARINAS,DELIVERY,2111.3
2026-01-29,2026,1,29,Jan,Janeiro,2026-01,Jan/2026,Quinta,Qui,4,5,2026-01-26,26/01 - 01/02/2026,CHÁCARA,CASA,24853.41
2026-01-29,2026,1,29,Jan,Janeiro,2026-01,Jan/2026,Quinta,Qui,4,5,2026-01-26,26/01 - 01/02/2026,CHÁCARA,DELIVERY,1111.6
2026-01-29,2026,1,29,Jan,Janeiro,2026-01,Jan/2026,Quinta,Qui,4,5,2026-01-26,26/01 - 01/02/2026,LAPA,CASA,11780.09
2026-01-29,2026,1,29,Jan,Janeiro,2026-01,Jan/2026,Quinta,Qui,4,5,2026-01-26,26/01 - 01/02/2026,LAPA,DELIVERY,1681.15
2026-01-29,2026,1,29,Jan,Janeiro,2026-01,Jan/2026,Quinta,Qui,4,5,2026-01-26,26/01 - 01/02/2026,PAVÃO,CASA,10145.49
2026-01-29,2026,1,29,Jan,Janeiro,2026-01,Jan/2026,Quinta,Qui,4,5,2026-01-26,26/01 - 01/02/2026,PAVÃO,DELIVERY,984.63
2026-01-29,2026,1,29,Jan,Janeiro,2026-01,Jan/2026,Quinta,Qui,4,5,2026-01-26,26/01 - 01/02/2026,PERDIZES,CASA,18870.56
2026-01-29,2026,1,29,Jan,Janeiro,2026-01,Jan/2026,Quinta,Qui,4,5,2026-01-26,26/01 - 01/02/2026,PERDIZES,DELIVERY,748.4
2026-01-29,2026,1,29,Jan,Janeiro,2026-01,Jan/2026,Quinta,Qui,4,5,2026-01-26,26/01 - 01/02/2026,SANTANA,CASA,30589.92
2026-01-29,2026,1,29,Jan,Janeiro,2026-01,Jan/2026,Quinta,Qui,4,5,2026-01-26,26/01 - 01/02/2026,SANTANA,DELIVERY,1598.47
2026-01-29,2026,1,29,Jan,Janeiro,2026-01,Jan/2026,Quinta,Qui,4,5,2026-01-26,26/01 - 01/02/2026,SANTO ANDRÉ,CASA,15130.15
2026-01-29,2026,1,29,Jan,Janeiro,2026-01,Jan/2026,Quinta,Qui,4,5,2026-01-26,26/01 - 01/02/2026,SANTO ANDRÉ,DELIVERY,1245.4
2026-01-29,2026,1,29,Jan,Janeiro,2026-01,Jan/2026,Quinta,Qui,4,5,2026-01-26,26/01 - 01/02/2026,TATUAPÉ,CASA,2133.95
2026-01-29,2026,1,29,Jan,Janeiro,2026-01,Jan/2026,Quinta,Qui,4,5,2026-01-26,26/01 - 01/02/2026,TATUAPÉ,DELIVERY,1194.68
2026-01-29,2026,1,29,Jan,Janeiro,2026-01,Jan/2026,Quinta,Qui,4,5,2026-01-26,26/01 - 01/02/2026,VILA MADALENA,CASA,17989.9
2026-01-29,2026,1,29,Jan,Janeiro,2026-01,Jan/2026,Quinta,Qui,4,5,2026-01-26,26/01 - 01/02/2026,VILA MADALENA,DELIVERY,961.39
2026-01-29,2026,1,29,Jan,Janeiro,2026-01,Jan/2026,Quinta,Qui,4,5,2026-01-26,26/01 - 01/02/2026,VILA MARIANA,CASA,16864.48
2026-01-29,2026,1,29,Jan,Janeiro,2026-01,Jan/2026,Quinta,Qui,4,5,2026-01-26,26/01 - 01/02/2026,VILA MARIANA,DELIVERY,2325.39
2026-01-30,2026,1,30,Jan,Janeiro,2026-01,Jan/2026,Sexta,Sex,5,5,2026-01-26,26/01 - 01/02/2026,CARINAS,CASA,28741.79
2026-01-30,2026,1,30,Jan,Janeiro,2026-01,Jan/2026,Sexta,Sex,5,5,2026-01-26,26/01 - 01/02/2026,CARINAS,DELIVERY,2650.26
2026-01-30,2026,1,30,Jan,Janeiro,2026-01,Jan/2026,Sexta,Sex,5,5,2026-01-26,26/01 - 01/02/2026,CHÁCARA,CASA,6237.81
2026-01-30,2026,1,30,Jan,Janeiro,2026-01,Jan/2026,Sexta,Sex,5,5,2026-01-26,26/01 - 01/02/2026,CHÁCARA,DELIVERY,1352.1
2026-01-30,2026,1,30,Jan,Janeiro,2026-01,Jan/2026,Sexta,Sex,5,5,2026-01-26,26/01 - 01/02/2026,LAPA,CASA,10210.22
2026-01-30,2026,1,30,Jan,Janeiro,2026-01,Jan/2026,Sexta,Sex,5,5,2026-01-26,26/01 - 01/02/2026,LAPA,DELIVERY,2970.98
2026-01-30,2026,1,30,Jan,Janeiro,2026-01,Jan/2026,Sexta,Sex,5,5,2026-01-26,26/01 - 01/02/2026,PAVÃO,CASA,16400.1
2026-01-30,2026,1,30,Jan,Janeiro,2026-01,Jan/2026,Sexta,Sex,5,5,2026-01-26,26/01 - 01/02/2026,PAVÃO,DELIVERY,1730.17
2026-01-30,2026,1,30,Jan,Janeiro,2026-01,Jan/2026,Sexta,Sex,5,5,2026-01-26,26/01 - 01/02/2026,PERDIZES,CASA,21631.26
2026-01-30,2026,1,30,Jan,Janeiro,2026-01,Jan/2026,Sexta,Sex,5,5,2026-01-26,26/01 - 01/02/2026,PERDIZES,DELIVERY,2184.6
2026-01-30,2026,1,30,Jan,Janeiro,2026-01,Jan/2026,Sexta,Sex,5,5,2026-01-26,26/01 - 01/02/2026,SANTANA,CASA,32656.91
2026-01-30,2026,1,30,Jan,Janeiro,2026-01,Jan/2026,Sexta,Sex,5,5,2026-01-26,26/01 - 01/02/2026,SANTANA,DELIVERY,1981.1
2026-01-30,2026,1,30,Jan,Janeiro,2026-01,Jan/2026,Sexta,Sex,5,5,2026-01-26,26/01 - 01/02/2026,SANTO ANDRÉ,CASA,114950.1
2026-01-30,2026,1,30,Jan,Janeiro,2026-01,Jan/2026,Sexta,Sex,5,5,2026-01-26,26/01 - 01/02/2026,SANTO ANDRÉ,DELIVERY,703.09
2026-01-30,2026,1,30,Jan,Janeiro,2026-01,Jan/2026,Sexta,Sex,5,5,2026-01-26,26/01 - 01/02/2026,TATUAPÉ,CASA,33044.53
2026-01-30,2026,1,30,Jan,Janeiro,2026-01,Jan/2026,Sexta,Sex,5,5,2026-01-26,26/01 - 01/02/2026,TATUAPÉ,DELIVERY,1334.42
2026-01-30,2026,1,30,Jan,Janeiro,2026-01,Jan/2026,Sexta,Sex,5,5,2026-01-26,26/01 - 01/02/2026,VILA MADALENA,CASA,10635.8
2026-01-30,2026,1,30,Jan,Janeiro,2026-01,Jan/2026,Sexta,Sex,5,5,2026-01-26,26/01 - 01/02/2026,VILA MADALENA,DELIVERY,2194.99
2026-01-30,2026,1,30,Jan,Janeiro,2026-01,Jan/2026,Sexta,Sex,5,5,2026-01-26,26/01 - 01/02/2026,VILA MARIANA,CASA,23397.86
2026-01-30,2026,1,30,Jan,Janeiro,2026-01,Jan/2026,Sexta,Sex,5,5,2026-01-26,26/01 - 01/02/2026,VILA MARIANA,DELIVERY,4318.01
2026-01-31,2026,1,31,Jan,Janeiro,2026-01,Jan/2026,Sábado,Sáb,6,5,2026-01-26,26/01 - 01/02/2026,CARINAS,CASA,195711.53
2026-01-31,2026,1,31,Jan,Janeiro,2026-01,Jan/2026,Sábado,Sáb,6,5,2026-01-26,26/01 - 01/02/2026,CHÁCARA,CASA,20010.05
2026-01-31,2026,1,31,Jan,Janeiro,2026-01,Jan/2026,Sábado,Sáb,6,5,2026-01-26,26/01 - 01/02/2026,CHÁCARA,DELIVERY,5488.8
2026-01-31,2026,1,31,Jan,Janeiro,2026-01,Jan/2026,Sábado,Sáb,6,5,2026-01-26,26/01 - 01/02/2026,LAPA,CASA,46855.45
2026-01-31,2026,1,31,Jan,Janeiro,2026-01,Jan/2026,Sábado,Sáb,6,5,2026-01-26,26/01 - 01/02/2026,LAPA,DELIVERY,4155.39
2026-01-31,2026,1,31,Jan,Janeiro,2026-01,Jan/2026,Sábado,Sáb,6,5,2026-01-26,26/01 - 01/02/2026,PAVÃO,CASA,29068.1
2026-01-31,2026,1,31,Jan,Janeiro,2026-01,Jan/2026,Sábado,Sáb,6,5,2026-01-26,26/01 - 01/02/2026,PAVÃO,DELIVERY,2311.46
2026-01-31,2026,1,31,Jan,Janeiro,2026-01,Jan/2026,Sábado,Sáb,6,5,2026-01-26,26/01 - 01/02/2026,PERDIZES,CASA,122162.4
2026-01-31,2026,1,31,Jan,Janeiro,2026-01,Jan/2026,Sábado,Sáb,6,5,2026-01-26,26/01 - 01/02/2026,PERDIZES,DELIVERY,3229.8
2026-01-31,2026,1,31,Jan,Janeiro,2026-01,Jan/2026,Sábado,Sáb,6,5,2026-01-26,26/01 - 01/02/2026,SANTANA,CASA,153338.22
2026-01-31,2026,1,31,Jan,Janeiro,2026-01,Jan/2026,Sábado,Sáb,6,5,2026-01-26,26/01 - 01/02/2026,SANTANA,DELIVERY,4015.09
2026-01-31,2026,1,31,Jan,Janeiro,2026-01,Jan/2026,Sábado,Sáb,6,5,2026-01-26,26/01 - 01/02/2026,SANTO ANDRÉ,CASA,137158.5
2026-01-31,2026,1,31,Jan,Janeiro,2026-01,Jan/2026,Sábado,Sáb,6,5,2026-01-26,26/01 - 01/02/2026,SANTO ANDRÉ,DELIVERY,1915.09
2026-01-31,2026,1,31,Jan,Janeiro,2026-01,Jan/2026,Sábado,Sáb,6,5,2026-01-26,26/01 - 01/02/2026,TATUAPÉ,CASA,172211.64
2026-01-31,2026,1,31,Jan,Janeiro,2026-01,Jan/2026,Sábado,Sáb,6,5,2026-01-26,26/01 - 01/02/2026,TATUAPÉ,DELIVERY,3281.98
2026-01-31,2026,1,31,Jan,Janeiro,2026-01,Jan/2026,Sábado,Sáb,6,5,2026-01-26,26/01 - 01/02/2026,VILA MADALENA,CASA,35118.68
2026-01-31,2026,1,31,Jan,Janeiro,2026-01,Jan/2026,Sábado,Sáb,6,5,2026-01-26,26/01 - 01/02/2026,VILA MARIANA,CASA,46239.66
2026-01-31,2026,1,31,Jan,Janeiro,2026-01,Jan/2026,Sábado,Sáb,6,5,2026-01-26,26/01 - 01/02/2026,VILA MARIANA,DELIVERY,4764.65
2026-03-01,2026,3,1,Mar,Março,2026-03,Mar/2026,Domingo,Dom,7,9,2026-02-23,23/02 - 01/03/2026,CARINAS,DELIVERY,6089.78
2026-03-01,2026,3,1,Mar,Março,2026-03,Mar/2026,Domingo,Dom,7,9,2026-02-23,23/02 - 01/03/2026,CHÁCARA,DELIVERY,4307.79
2026-03-01,2026,3,1,Mar,Março,2026-03,Mar/2026,Domingo,Dom,7,9,2026-02-23,23/02 - 01/03/2026,LAPA,DELIVERY,7739.1
2026-03-01,2026,3,1,Mar,Março,2026-03,Mar/2026,Domingo,Dom,7,9,2026-02-23,23/02 - 01/03/2026,PAVÃO,DELIVERY,2596.75
2026-03-01,2026,3,1,Mar,Março,2026-03,Mar/2026,Domingo,Dom,7,9,2026-02-23,23/02 - 01/03/2026,PERDIZES,DELIVERY,4052.18
2026-03-01,2026,3,1,Mar,Março,2026-03,Mar/2026,Domingo,Dom,7,9,2026-02-23,23/02 - 01/03/2026,SANTANA,DELIVERY,7480.04
2026-03-01,2026,3,1,Mar,Março,2026-03,Mar/2026,Domingo,Dom,7,9,2026-02-23,23/02 - 01/03/2026,SANTO ANDRÉ,DELIVERY,2338.99
2026-03-01,2026,3,1,Mar,Março,2026-03,Mar/2026,Domingo,Dom,7,9,2026-02-23,23/02 - 01/03/2026,TATUAPÉ,DELIVERY,4580.95
2026-03-01,2026,3,1,Mar,Março,2026-03,Mar/2026,Domingo,Dom,7,9,2026-02-23,23/02 - 01/03/2026,VILA MARIANA,DELIVERY,7735.65
2026-03-02,2026,3,2,Mar,Março,2026-03,Mar/2026,Segunda,Seg,1,10,2026-03-02,02/03 - 08/03/2026,SANTANA,DELIVERY,3087.62
2026-03-02,2026,3,2,Mar,Março,2026-03,Mar/2026,Segunda,Seg,1,10,2026-03-02,02/03 - 08/03/2026,VILA MADALENA,DELIVERY,2622.26
2026-03-03,2026,3,3,Mar,Março,2026-03,Mar/2026,Terça,Ter,2,10,2026-03-02,02/03 - 08/03/2026,CARINAS,DELIVERY,2366.31
2026-03-03,2026,3,3,Mar,Março,2026-03,Mar/2026,Terça,Ter,2,10,2026-03-02,02/03 - 08/03/2026,CHÁCARA,DELIVERY,3079.01
2026-03-03,2026,3,3,Mar,Março,2026-03,Mar/2026,Terça,Ter,2,10,2026-03-02,02/03 - 08/03/2026,LAPA,DELIVERY,1002.5
2026-03-03,2026,3,3,Mar,Março,2026-03,Mar/2026,Terça,Ter,2,10,2026-03-02,02/03 - 08/03/2026,PAVÃO,DELIVERY,1687.18
2026-03-03,2026,3,3,Mar,Março,2026-03,Mar/2026,Terça,Ter,2,10,2026-03-02,02/03 - 08/03/2026,PERDIZES,DELIVERY,2183.46
2026-03-03,2026,3,3,Mar,Março,2026-03,Mar/2026,Terça,Ter,2,10,2026-03-02,02/03 - 08/03/2026,SANTANA,DELIVERY,2275.31
2026-03-03,2026,3,3,Mar,Março,2026-03,Mar/2026,Terça,Ter,2,10,2026-03-02,02/03 - 08/03/2026,TATUAPÉ,DELIVERY,683.12
2026-03-03,2026,3,3,Mar,Março,2026-03,Mar/2026,Terça,Ter,2,10,2026-03-02,02/03 - 08/03/2026,VILA MADALENA,DELIVERY,1759.8
2026-03-03,2026,3,3,Mar,Março,2026-03,Mar/2026,Terça,Ter,2,10,2026-03-02,02/03 - 08/03/2026,VILA MARIANA,DELIVERY,3671.47
2026-03-04,2026,3,4,Mar,Março,2026-03,Mar/2026,Quarta,Qua,3,10,2026-03-02,02/03 - 08/03/2026,CARINAS,DELIVERY,1338.4
2026-03-04,2026,3,4,Mar,Março,2026-03,Mar/2026,Quarta,Qua,3,10,2026-03-02,02/03 - 08/03/2026,CHÁCARA,DELIVERY,1387.4
2026-03-04,2026,3,4,Mar,Março,2026-03,Mar/2026,Quarta,Qua,3,10,2026-03-02,02/03 - 08/03/2026,LAPA,DELIVERY,1406.8
2026-03-04,2026,3,4,Mar,Março,2026-03,Mar/2026,Quarta,Qua,3,10,2026-03-02,02/03 - 08/03/2026,PAVÃO,DELIVERY,1100.97
2026-03-04,2026,3,4,Mar,Março,2026-03,Mar/2026,Quarta,Qua,3,10,2026-03-02,02/03 - 08/03/2026,PERDIZES,DELIVERY,1335.38
2026-03-04,2026,3,4,Mar,Março,2026-03,Mar/2026,Quarta,Qua,3,10,2026-03-02,02/03 - 08/03/2026,SANTANA,DELIVERY,1790.8
2026-03-04,2026,3,4,Mar,Março,2026-03,Mar/2026,Quarta,Qua,3,10,2026-03-02,02/03 - 08/03/2026,SANTO ANDRÉ,DELIVERY,981.39
2026-03-04,2026,3,4,Mar,Março,2026-03,Mar/2026,Quarta,Qua,3,10,2026-03-02,02/03 - 08/03/2026,TATUAPÉ,DELIVERY,636.61
2026-03-04,2026,3,4,Mar,Março,2026-03,Mar/2026,Quarta,Qua,3,10,2026-03-02,02/03 - 08/03/2026,VILA MADALENA,DELIVERY,1365.2
2026-03-04,2026,3,4,Mar,Março,2026-03,Mar/2026,Quarta,Qua,3,10,2026-03-02,02/03 - 08/03/2026,VILA MARIANA,DELIVERY,4076.42
2026-03-05,2026,3,5,Mar,Março,2026-03,Mar/2026,Quinta,Qui,4,10,2026-03-02,02/03 - 08/03/2026,CARINAS,DELIVERY,2732.59
2026-03-05,2026,3,5,Mar,Março,2026-03,Mar/2026,Quinta,Qui,4,10,2026-03-02,02/03 - 08/03/2026,CHÁCARA,DELIVERY,2083.2
2026-03-05,2026,3,5,Mar,Março,2026-03,Mar/2026,Quinta,Qui,4,10,2026-03-02,02/03 - 08/03/2026,LAPA,DELIVERY,3030.19
2026-03-05,2026,3,5,Mar,Março,2026-03,Mar/2026,Quinta,Qui,4,10,2026-03-02,02/03 - 08/03/2026,PAVÃO,DELIVERY,2227.24
2026-03-05,2026,3,5,Mar,Março,2026-03,Mar/2026,Quinta,Qui,4,10,2026-03-02,02/03 - 08/03/2026,PERDIZES,DELIVERY,1386.9
2026-03-05,2026,3,5,Mar,Março,2026-03,Mar/2026,Quinta,Qui,4,10,2026-03-02,02/03 - 08/03/2026,SANTANA,DELIVERY,1952.71
2026-03-05,2026,3,5,Mar,Março,2026-03,Mar/2026,Quinta,Qui,4,10,2026-03-02,02/03 - 08/03/2026,SANTO ANDRÉ,DELIVERY,1236.8
2026-03-05,2026,3,5,Mar,Março,2026-03,Mar/2026,Quinta,Qui,4,10,2026-03-02,02/03 - 08/03/2026,TATUAPÉ,DELIVERY,1821.09
2026-03-05,2026,3,5,Mar,Março,2026-03,Mar/2026,Quinta,Qui,4,10,2026-03-02,02/03 - 08/03/2026,VILA MADALENA,DELIVERY,2127.7
2026-03-05,2026,3,5,Mar,Março,2026-03,Mar/2026,Quinta,Qui,4,10,2026-03-02,02/03 - 08/03/2026,VILA MARIANA,DELIVERY,4666.83
2026-03-06,2026,3,6,Mar,Março,2026-03,Mar/2026,Sexta,Sex,5,10,2026-03-02,02/03 - 08/03/2026,CARINAS,DELIVERY,3811.78
2026-03-06,2026,3,6,Mar,Março,2026-03,Mar/2026,Sexta,Sex,5,10,2026-03-02,02/03 - 08/03/2026,CHÁCARA,DELIVERY,2231.31
2026-03-06,2026,3,6,Mar,Março,2026-03,Mar/2026,Sexta,Sex,5,10,2026-03-02,02/03 - 08/03/2026,LAPA,DELIVERY,3088.9
2026-03-06,2026,3,6,Mar,Março,2026-03,Mar/2026,Sexta,Sex,5,10,2026-03-02,02/03 - 08/03/2026,PAVÃO,DELIVERY,2121.21
2026-03-06,2026,3,6,Mar,Março,2026-03,Mar/2026,Sexta,Sex,5,10,2026-03-02,02/03 - 08/03/2026,PERDIZES,DELIVERY,1806.3
2026-03-06,2026,3,6,Mar,Março,2026-03,Mar/2026,Sexta,Sex,5,10,2026-03-02,02/03 - 08/03/2026,SANTANA,DELIVERY,3186.03
2026-03-06,2026,3,6,Mar,Março,2026-03,Mar/2026,Sexta,Sex,5,10,2026-03-02,02/03 - 08/03/2026,SANTO ANDRÉ,DELIVERY,1148.94
2026-03-06,2026,3,6,Mar,Março,2026-03,Mar/2026,Sexta,Sex,5,10,2026-03-02,02/03 - 08/03/2026,TATUAPÉ,DELIVERY,1786.43
2026-03-06,2026,3,6,Mar,Março,2026-03,Mar/2026,Sexta,Sex,5,10,2026-03-02,02/03 - 08/03/2026,VILA MADALENA,DELIVERY,919.89
2026-03-06,2026,3,6,Mar,Março,2026-03,Mar/2026,Sexta,Sex,5,10,2026-03-02,02/03 - 08/03/2026,VILA MARIANA,DELIVERY,5437.3
2026-03-07,2026,3,7,Mar,Março,2026-03,Mar/2026,Sábado,Sáb,6,10,2026-03-02,02/03 - 08/03/2026,CARINAS,DELIVERY,3247.81
2026-03-07,2026,3,7,Mar,Março,2026-03,Mar/2026,Sábado,Sáb,6,10,2026-03-02,02/03 - 08/03/2026,CHÁCARA,DELIVERY,4445.89
2026-03-07,2026,3,7,Mar,Março,2026-03,Mar/2026,Sábado,Sáb,6,10,2026-03-02,02/03 - 08/03/2026,LAPA,DELIVERY,4449.07
2026-03-07,2026,3,7,Mar,Março,2026-03,Mar/2026,Sábado,Sáb,6,10,2026-03-02,02/03 - 08/03/2026,PAVÃO,DELIVERY,2830.31
2026-03-07,2026,3,7,Mar,Março,2026-03,Mar/2026,Sábado,Sáb,6,10,2026-03-02,02/03 - 08/03/2026,PERDIZES,DELIVERY,2621.4
2026-03-07,2026,3,7,Mar,Março,2026-03,Mar/2026,Sábado,Sáb,6,10,2026-03-02,02/03 - 08/03/2026,SANTANA,DELIVERY,2539.19
2026-03-07,2026,3,7,Mar,Março,2026-03,Mar/2026,Sábado,Sáb,6,10,2026-03-02,02/03 - 08/03/2026,SANTO ANDRÉ,DELIVERY,1442.68
2026-03-07,2026,3,7,Mar,Março,2026-03,Mar/2026,Sábado,Sáb,6,10,2026-03-02,02/03 - 08/03/2026,TATUAPÉ,DELIVERY,3427.18
2026-03-07,2026,3,7,Mar,Março,2026-03,Mar/2026,Sábado,Sáb,6,10,2026-03-02,02/03 - 08/03/2026,VILA MADALENA,DELIVERY,2900.4
2026-03-07,2026,3,7,Mar,Março,2026-03,Mar/2026,Sábado,Sáb,6,10,2026-03-02,02/03 - 08/03/2026,VILA MARIANA,DELIVERY,5861.24
2026-03-08,2026,3,8,Mar,Março,2026-03,Mar/2026,Domingo,Dom,7,10,2026-03-02,02/03 - 08/03/2026,CARINAS,DELIVERY,3505.87
2026-03-08,2026,3,8,Mar,Março,2026-03,Mar/2026,Domingo,Dom,7,10,2026-03-02,02/03 - 08/03/2026,CHÁCARA,DELIVERY,3609.93
2026-03-08,2026,3,8,Mar,Março,2026-03,Mar/2026,Domingo,Dom,7,10,2026-03-02,02/03 - 08/03/2026,LAPA,DELIVERY,6956.68
2026-03-08,2026,3,8,Mar,Março,2026-03,Mar/2026,Domingo,Dom,7,10,2026-03-02,02/03 - 08/03/2026,PAVÃO,DELIVERY,4026.25
2026-03-08,2026,3,8,Mar,Março,2026-03,Mar/2026,Domingo,Dom,7,10,2026-03-02,02/03 - 08/03/2026,PERDIZES,DELIVERY,3147.8
2026-03-08,2026,3,8,Mar,Março,2026-03,Mar/2026,Domingo,Dom,7,10,2026-03-02,02/03 - 08/03/2026,SANTANA,DELIVERY,7105.84
2026-03-08,2026,3,8,Mar,Março,2026-03,Mar/2026,Domingo,Dom,7,10,2026-03-02,02/03 - 08/03/2026,SANTO ANDRÉ,DELIVERY,2547.15
2026-03-08,2026,3,8,Mar,Março,2026-03,Mar/2026,Domingo,Dom,7,10,2026-03-02,02/03 - 08/03/2026,TATUAPÉ,DELIVERY,4344.19
2026-03-08,2026,3,8,Mar,Março,2026-03,Mar/2026,Domingo,Dom,7,10,2026-03-02,02/03 - 08/03/2026,VILA MARIANA,DELIVERY,5797.21
2026-03-09,2026,3,9,Mar,Março,2026-03,Mar/2026,Segunda,Seg,1,11,2026-03-09,09/03 - 15/03/2026,CARINAS,DELIVERY,1677.07
2026-03-09,2026,3,9,Mar,Março,2026-03,Mar/2026,Segunda,Seg,1,11,2026-03-09,09/03 - 15/03/2026,SANTANA,DELIVERY,2251.94
2026-03-10,2026,3,10,Mar,Março,2026-03,Mar/2026,Terça,Ter,2,11,2026-03-09,09/03 - 15/03/2026,CARINAS,DELIVERY,1412.7
2026-03-10,2026,3,10,Mar,Março,2026-03,Mar/2026,Terça,Ter,2,11,2026-03-09,09/03 - 15/03/2026,CHÁCARA,DELIVERY,1909.8
2026-03-10,2026,3,10,Mar,Março,2026-03,Mar/2026,Terça,Ter,2,11,2026-03-09,09/03 - 15/03/2026,LAPA,DELIVERY,2841.91
2026-03-10,2026,3,10,Mar,Março,2026-03,Mar/2026,Terça,Ter,2,11,2026-03-09,09/03 - 15/03/2026,PAVÃO,DELIVERY,1624.56
2026-03-10,2026,3,10,Mar,Março,2026-03,Mar/2026,Terça,Ter,2,11,2026-03-09,09/03 - 15/03/2026,PERDIZES,DELIVERY,2229.6
2026-03-10,2026,3,10,Mar,Março,2026-03,Mar/2026,Terça,Ter,2,11,2026-03-09,09/03 - 15/03/2026,SANTANA,DELIVERY,2243.98
2026-03-10,2026,3,10,Mar,Março,2026-03,Mar/2026,Terça,Ter,2,11,2026-03-09,09/03 - 15/03/2026,TATUAPÉ,DELIVERY,2943.5
2026-03-10,2026,3,10,Mar,Março,2026-03,Mar/2026,Terça,Ter,2,11,2026-03-09,09/03 - 15/03/2026,VILA MADALENA,DELIVERY,2149.69
2026-03-10,2026,3,10,Mar,Março,2026-03,Mar/2026,Terça,Ter,2,11,2026-03-09,09/03 - 15/03/2026,VILA MARIANA,DELIVERY,2632.3
2026-03-11,2026,3,11,Mar,Março,2026-03,Mar/2026,Quarta,Qua,3,11,2026-03-09,09/03 - 15/03/2026,CARINAS,DELIVERY,2223.46
2026-03-11,2026,3,11,Mar,Março,2026-03,Mar/2026,Quarta,Qua,3,11,2026-03-09,09/03 - 15/03/2026,CHÁCARA,DELIVERY,4310.64
2026-03-11,2026,3,11,Mar,Março,2026-03,Mar/2026,Quarta,Qua,3,11,2026-03-09,09/03 - 15/03/2026,LAPA,DELIVERY,1823.29
2026-03-11,2026,3,11,Mar,Março,2026-03,Mar/2026,Quarta,Qua,3,11,2026-03-09,09/03 - 15/03/2026,PAVÃO,DELIVERY,2173.38
2026-03-11,2026,3,11,Mar,Março,2026-03,Mar/2026,Quarta,Qua,3,11,2026-03-09,09/03 - 15/03/2026,PERDIZES,DELIVERY,1606.98
2026-03-11,2026,3,11,Mar,Março,2026-03,Mar/2026,Quarta,Qua,3,11,2026-03-09,09/03 - 15/03/2026,SANTANA,DELIVERY,1179.53
2026-03-11,2026,3,11,Mar,Março,2026-03,Mar/2026,Quarta,Qua,3,11,2026-03-09,09/03 - 15/03/2026,SANTO ANDRÉ,DELIVERY,772.9
2026-03-11,2026,3,11,Mar,Março,2026-03,Mar/2026,Quarta,Qua,3,11,2026-03-09,09/03 - 15/03/2026,TATUAPÉ,DELIVERY,2148.34
2026-03-11,2026,3,11,Mar,Março,2026-03,Mar/2026,Quarta,Qua,3,11,2026-03-09,09/03 - 15/03/2026,VILA MADALENA,DELIVERY,1466.49
2026-03-11,2026,3,11,Mar,Março,2026-03,Mar/2026,Quarta,Qua,3,11,2026-03-09,09/03 - 15/03/2026,VILA MARIANA,DELIVERY,3858.6
2026-03-12,2026,3,12,Mar,Março,2026-03,Mar/2026,Quinta,Qui,4,11,2026-03-09,09/03 - 15/03/2026,CARINAS,DELIVERY,2335.28
2026-03-12,2026,3,12,Mar,Março,2026-03,Mar/2026,Quinta,Qui,4,11,2026-03-09,09/03 - 15/03/2026,CHÁCARA,DELIVERY,1519.1
2026-03-12,2026,3,12,Mar,Março,2026-03,Mar/2026,Quinta,Qui,4,11,2026-03-09,09/03 - 15/03/2026,LAPA,DELIVERY,1810.59
2026-03-12,2026,3,12,Mar,Março,2026-03,Mar/2026,Quinta,Qui,4,11,2026-03-09,09/03 - 15/03/2026,PAVÃO,DELIVERY,2215.22
2026-03-12,2026,3,12,Mar,Março,2026-03,Mar/2026,Quinta,Qui,4,11,2026-03-09,09/03 - 15/03/2026,PERDIZES,DELIVERY,1407.1
2026-03-12,2026,3,12,Mar,Março,2026-03,Mar/2026,Quinta,Qui,4,11,2026-03-09,09/03 - 15/03/2026,SANTANA,DELIVERY,1825.76
2026-03-12,2026,3,12,Mar,Março,2026-03,Mar/2026,Quinta,Qui,4,11,2026-03-09,09/03 - 15/03/2026,SANTO ANDRÉ,DELIVERY,1437.65
2026-03-12,2026,3,12,Mar,Março,2026-03,Mar/2026,Quinta,Qui,4,11,2026-03-09,09/03 - 15/03/2026,TATUAPÉ,DELIVERY,1397.19
2026-03-12,2026,3,12,Mar,Março,2026-03,Mar/2026,Quinta,Qui,4,11,2026-03-09,09/03 - 15/03/2026,VILA MADALENA,DELIVERY,1664.28
2026-03-12,2026,3,12,Mar,Março,2026-03,Mar/2026,Quinta,Qui,4,11,2026-03-09,09/03 - 15/03/2026,VILA MARIANA,DELIVERY,5982.32
2026-03-13,2026,3,13,Mar,Março,2026-03,Mar/2026,Sexta,Sex,5,11,2026-03-09,09/03 - 15/03/2026,CARINAS,DELIVERY,1810.29
2026-03-13,2026,3,13,Mar,Março,2026-03,Mar/2026,Sexta,Sex,5,11,2026-03-09,09/03 - 15/03/2026,CHÁCARA,DELIVERY,2589.29
2026-03-13,2026,3,13,Mar,Março,2026-03,Mar/2026,Sexta,Sex,5,11,2026-03-09,09/03 - 15/03/2026,LAPA,DELIVERY,3238.68
2026-03-13,2026,3,13,Mar,Março,2026-03,Mar/2026,Sexta,Sex,5,11,2026-03-09,09/03 - 15/03/2026,PAVÃO,DELIVERY,1555.15
2026-03-13,2026,3,13,Mar,Março,2026-03,Mar/2026,Sexta,Sex,5,11,2026-03-09,09/03 - 15/03/2026,PERDIZES,DELIVERY,1783.1
2026-03-13,2026,3,13,Mar,Março,2026-03,Mar/2026,Sexta,Sex,5,11,2026-03-09,09/03 - 15/03/2026,SANTANA,DELIVERY,2180.54
2026-03-13,2026,3,13,Mar,Março,2026-03,Mar/2026,Sexta,Sex,5,11,2026-03-09,09/03 - 15/03/2026,SANTO ANDRÉ,DELIVERY,1122.93
2026-03-13,2026,3,13,Mar,Março,2026-03,Mar/2026,Sexta,Sex,5,11,2026-03-09,09/03 - 15/03/2026,TATUAPÉ,DELIVERY,2183.68
2026-03-13,2026,3,13,Mar,Março,2026-03,Mar/2026,Sexta,Sex,5,11,2026-03-09,09/03 - 15/03/2026,VILA MARIANA,DELIVERY,5357.48
2026-03-14,2026,3,14,Mar,Março,2026-03,Mar/2026,Sábado,Sáb,6,11,2026-03-09,09/03 - 15/03/2026,CARINAS,DELIVERY,5886.25
2026-03-14,2026,3,14,Mar,Março,2026-03,Mar/2026,Sábado,Sáb,6,11,2026-03-09,09/03 - 15/03/2026,CHÁCARA,DELIVERY,5546.21
2026-03-14,2026,3,14,Mar,Março,2026-03,Mar/2026,Sábado,Sáb,6,11,2026-03-09,09/03 - 15/03/2026,LAPA,DELIVERY,6584.81
2026-03-14,2026,3,14,Mar,Março,2026-03,Mar/2026,Sábado,Sáb,6,11,2026-03-09,09/03 - 15/03/2026,PAVÃO,DELIVERY,3031.73
2026-03-14,2026,3,14,Mar,Março,2026-03,Mar/2026,Sábado,Sáb,6,11,2026-03-09,09/03 - 15/03/2026,PERDIZES,DELIVERY,4169.0
2026-03-14,2026,3,14,Mar,Março,2026-03,Mar/2026,Sábado,Sáb,6,11,2026-03-09,09/03 - 15/03/2026,SANTANA,DELIVERY,6902.18
2026-03-14,2026,3,14,Mar,Março,2026-03,Mar/2026,Sábado,Sáb,6,11,2026-03-09,09/03 - 15/03/2026,SANTO ANDRÉ,DELIVERY,2630.12
2026-03-14,2026,3,14,Mar,Março,2026-03,Mar/2026,Sábado,Sáb,6,11,2026-03-09,09/03 - 15/03/2026,TATUAPÉ,DELIVERY,4334.2
2026-03-14,2026,3,14,Mar,Março,2026-03,Mar/2026,Sábado,Sáb,6,11,2026-03-09,09/03 - 15/03/2026,VILA MADALENA,DELIVERY,3388.09
2026-03-14,2026,3,14,Mar,Março,2026-03,Mar/2026,Sábado,Sáb,6,11,2026-03-09,09/03 - 15/03/2026,VILA MARIANA,DELIVERY,5255.22
2026-03-15,2026,3,15,Mar,Março,2026-03,Mar/2026,Domingo,Dom,7,11,2026-03-09,09/03 - 15/03/2026,CARINAS,DELIVERY,5842.62
2026-03-15,2026,3,15,Mar,Março,2026-03,Mar/2026,Domingo,Dom,7,11,2026-03-09,09/03 - 15/03/2026,CHÁCARA,DELIVERY,5163.61
2026-03-15,2026,3,15,Mar,Março,2026-03,Mar/2026,Domingo,Dom,7,11,2026-03-09,09/03 - 15/03/2026,LAPA,DELIVERY,5601.51
2026-03-15,2026,3,15,Mar,Março,2026-03,Mar/2026,Domingo,Dom,7,11,2026-03-09,09/03 - 15/03/2026,PAVÃO,DELIVERY,4149.5
2026-03-15,2026,3,15,Mar,Março,2026-03,Mar/2026,Domingo,Dom,7,11,2026-03-09,09/03 - 15/03/2026,PERDIZES,DELIVERY,3810.15
2026-03-15,2026,3,15,Mar,Março,2026-03,Mar/2026,Domingo,Dom,7,11,2026-03-09,09/03 - 15/03/2026,SANTANA,DELIVERY,6074.66
2026-03-15,2026,3,15,Mar,Março,2026-03,Mar/2026,Domingo,Dom,7,11,2026-03-09,09/03 - 15/03/2026,SANTO ANDRÉ,DELIVERY,2654.72
2026-03-15,2026,3,15,Mar,Março,2026-03,Mar/2026,Domingo,Dom,7,11,2026-03-09,09/03 - 15/03/2026,TATUAPÉ,DELIVERY,4865.14
2026-03-15,2026,3,15,Mar,Março,2026-03,Mar/2026,Domingo,Dom,7,11,2026-03-09,09/03 - 15/03/2026,VILA MADALENA,DELIVERY,2208.3
2026-03-15,2026,3,15,Mar,Março,2026-03,Mar/2026,Domingo,Dom,7,11,2026-03-09,09/03 - 15/03/2026,VILA MARIANA,DELIVERY,6882.34
2026-03-16,2026,3,16,Mar,Março,2026-03,Mar/2026,Segunda,Seg,1,12,2026-03-16,16/03 - 22/03/2026,CARINAS,DELIVERY,3317.8
2026-03-16,2026,3,16,Mar,Março,2026-03,Mar/2026,Segunda,Seg,1,12,2026-03-16,16/03 - 22/03/2026,SANTANA,DELIVERY,2452.73
2026-03-17,2026,3,17,Mar,Março,2026-03,Mar/2026,Terça,Ter,2,12,2026-03-16,16/03 - 22/03/2026,CARINAS,DELIVERY,382.57
2026-03-17,2026,3,17,Mar,Março,2026-03,Mar/2026,Terça,Ter,2,12,2026-03-16,16/03 - 22/03/2026,CHÁCARA,DELIVERY,1784.24
2026-03-17,2026,3,17,Mar,Março,2026-03,Mar/2026,Terça,Ter,2,12,2026-03-16,16/03 - 22/03/2026,PAVÃO,DELIVERY,1951.73
2026-03-17,2026,3,17,Mar,Março,2026-03,Mar/2026,Terça,Ter,2,12,2026-03-16,16/03 - 22/03/2026,PERDIZES,DELIVERY,1657.41
2026-03-17,2026,3,17,Mar,Março,2026-03,Mar/2026,Terça,Ter,2,12,2026-03-16,16/03 - 22/03/2026,SANTANA,DELIVERY,1835.46
2026-03-17,2026,3,17,Mar,Março,2026-03,Mar/2026,Terça,Ter,2,12,2026-03-16,16/03 - 22/03/2026,TATUAPÉ,DELIVERY,1809.34
2026-03-17,2026,3,17,Mar,Março,2026-03,Mar/2026,Terça,Ter,2,12,2026-03-16,16/03 - 22/03/2026,VILA MADALENA,DELIVERY,1366.89
2026-03-17,2026,3,17,Mar,Março,2026-03,Mar/2026,Terça,Ter,2,12,2026-03-16,16/03 - 22/03/2026,VILA MARIANA,DELIVERY,4060.61
2026-03-18,2026,3,18,Mar,Março,2026-03,Mar/2026,Quarta,Qua,3,12,2026-03-16,16/03 - 22/03/2026,CARINAS,DELIVERY,992.06
2026-03-18,2026,3,18,Mar,Março,2026-03,Mar/2026,Quarta,Qua,3,12,2026-03-16,16/03 - 22/03/2026,CHÁCARA,DELIVERY,2407.86
2026-03-18,2026,3,18,Mar,Março,2026-03,Mar/2026,Quarta,Qua,3,12,2026-03-16,16/03 - 22/03/2026,LAPA,DELIVERY,3071.46
2026-03-18,2026,3,18,Mar,Março,2026-03,Mar/2026,Quarta,Qua,3,12,2026-03-16,16/03 - 22/03/2026,PAVÃO,DELIVERY,1469.71
2026-03-18,2026,3,18,Mar,Março,2026-03,Mar/2026,Quarta,Qua,3,12,2026-03-16,16/03 - 22/03/2026,PERDIZES,DELIVERY,1088.79
2026-03-18,2026,3,18,Mar,Março,2026-03,Mar/2026,Quarta,Qua,3,12,2026-03-16,16/03 - 22/03/2026,SANTANA,DELIVERY,2731.34
2026-03-18,2026,3,18,Mar,Março,2026-03,Mar/2026,Quarta,Qua,3,12,2026-03-16,16/03 - 22/03/2026,SANTO ANDRÉ,DELIVERY,2122.32
2026-03-18,2026,3,18,Mar,Março,2026-03,Mar/2026,Quarta,Qua,3,12,2026-03-16,16/03 - 22/03/2026,TATUAPÉ,DELIVERY,1735.54
2026-03-18,2026,3,18,Mar,Março,2026-03,Mar/2026,Quarta,Qua,3,12,2026-03-16,16/03 - 22/03/2026,VILA MADALENA,DELIVERY,2543.8
2026-03-18,2026,3,18,Mar,Março,2026-03,Mar/2026,Quarta,Qua,3,12,2026-03-16,16/03 - 22/03/2026,VILA MARIANA,DELIVERY,2511.9
2026-03-19,2026,3,19,Mar,Março,2026-03,Mar/2026,Quinta,Qui,4,12,2026-03-16,16/03 - 22/03/2026,CARINAS,DELIVERY,2742.48
2026-03-19,2026,3,19,Mar,Março,2026-03,Mar/2026,Quinta,Qui,4,12,2026-03-16,16/03 - 22/03/2026,CHÁCARA,DELIVERY,1962.99
2026-03-19,2026,3,19,Mar,Março,2026-03,Mar/2026,Quinta,Qui,4,12,2026-03-16,16/03 - 22/03/2026,LAPA,DELIVERY,3095.13
2026-03-19,2026,3,19,Mar,Março,2026-03,Mar/2026,Quinta,Qui,4,12,2026-03-16,16/03 - 22/03/2026,PAVÃO,DELIVERY,2939.74
2026-03-19,2026,3,19,Mar,Março,2026-03,Mar/2026,Quinta,Qui,4,12,2026-03-16,16/03 - 22/03/2026,PERDIZES,DELIVERY,999.47
2026-03-19,2026,3,19,Mar,Março,2026-03,Mar/2026,Quinta,Qui,4,12,2026-03-16,16/03 - 22/03/2026,SANTANA,DELIVERY,2017.4
2026-03-19,2026,3,19,Mar,Março,2026-03,Mar/2026,Quinta,Qui,4,12,2026-03-16,16/03 - 22/03/2026,SANTO ANDRÉ,DELIVERY,793.53
2026-03-19,2026,3,19,Mar,Março,2026-03,Mar/2026,Quinta,Qui,4,12,2026-03-16,16/03 - 22/03/2026,TATUAPÉ,DELIVERY,1956.01
2026-03-19,2026,3,19,Mar,Março,2026-03,Mar/2026,Quinta,Qui,4,12,2026-03-16,16/03 - 22/03/2026,VILA MADALENA,DELIVERY,1513.4
2026-03-19,2026,3,19,Mar,Março,2026-03,Mar/2026,Quinta,Qui,4,12,2026-03-16,16/03 - 22/03/2026,VILA MARIANA,DELIVERY,8795.66
2026-03-20,2026,3,20,Mar,Março,2026-03,Mar/2026,Sexta,Sex,5,12,2026-03-16,16/03 - 22/03/2026,CARINAS,DELIVERY,2775.91
2026-03-20,2026,3,20,Mar,Março,2026-03,Mar/2026,Sexta,Sex,5,12,2026-03-16,16/03 - 22/03/2026,CHÁCARA,DELIVERY,2665.53
2026-03-20,2026,3,20,Mar,Março,2026-03,Mar/2026,Sexta,Sex,5,12,2026-03-16,16/03 - 22/03/2026,LAPA,DELIVERY,2603.87
2026-03-20,2026,3,20,Mar,Março,2026-03,Mar/2026,Sexta,Sex,5,12,2026-03-16,16/03 - 22/03/2026,PAVÃO,DELIVERY,2121.48
2026-03-20,2026,3,20,Mar,Março,2026-03,Mar/2026,Sexta,Sex,5,12,2026-03-16,16/03 - 22/03/2026,PERDIZES,DELIVERY,2471.16
2026-03-20,2026,3,20,Mar,Março,2026-03,Mar/2026,Sexta,Sex,5,12,2026-03-16,16/03 - 22/03/2026,SANTANA,DELIVERY,3645.35
2026-03-20,2026,3,20,Mar,Março,2026-03,Mar/2026,Sexta,Sex,5,12,2026-03-16,16/03 - 22/03/2026,SANTO ANDRÉ,DELIVERY,914.29
2026-03-20,2026,3,20,Mar,Março,2026-03,Mar/2026,Sexta,Sex,5,12,2026-03-16,16/03 - 22/03/2026,TATUAPÉ,DELIVERY,2232.37
2026-03-20,2026,3,20,Mar,Março,2026-03,Mar/2026,Sexta,Sex,5,12,2026-03-16,16/03 - 22/03/2026,VILA MARIANA,DELIVERY,6297.16
2026-03-21,2026,3,21,Mar,Março,2026-03,Mar/2026,Sábado,Sáb,6,12,2026-03-16,16/03 - 22/03/2026,CARINAS,DELIVERY,5157.95
2026-03-21,2026,3,21,Mar,Março,2026-03,Mar/2026,Sábado,Sáb,6,12,2026-03-16,16/03 - 22/03/2026,CHÁCARA,DELIVERY,4544.87
2026-03-21,2026,3,21,Mar,Março,2026-03,Mar/2026,Sábado,Sáb,6,12,2026-03-16,16/03 - 22/03/2026,LAPA,DELIVERY,5450.78
2026-03-21,2026,3,21,Mar,Março,2026-03,Mar/2026,Sábado,Sáb,6,12,2026-03-16,16/03 - 22/03/2026,PAVÃO,DELIVERY,4804.34
2026-03-21,2026,3,21,Mar,Março,2026-03,Mar/2026,Sábado,Sáb,6,12,2026-03-16,16/03 - 22/03/2026,PERDIZES,DELIVERY,3140.59
2026-03-21,2026,3,21,Mar,Março,2026-03,Mar/2026,Sábado,Sáb,6,12,2026-03-16,16/03 - 22/03/2026,SANTANA,DELIVERY,4202.62
2026-03-21,2026,3,21,Mar,Março,2026-03,Mar/2026,Sábado,Sáb,6,12,2026-03-16,16/03 - 22/03/2026,SANTO ANDRÉ,DELIVERY,1985.94
2026-03-21,2026,3,21,Mar,Março,2026-03,Mar/2026,Sábado,Sáb,6,12,2026-03-16,16/03 - 22/03/2026,TATUAPÉ,DELIVERY,4326.89
2026-03-21,2026,3,21,Mar,Março,2026-03,Mar/2026,Sábado,Sáb,6,12,2026-03-16,16/03 - 22/03/2026,VILA MADALENA,DELIVERY,2221.1
2026-03-21,2026,3,21,Mar,Março,2026-03,Mar/2026,Sábado,Sáb,6,12,2026-03-16,16/03 - 22/03/2026,VILA MARIANA,DELIVERY,6368.34
2026-03-22,2026,3,22,Mar,Março,2026-03,Mar/2026,Domingo,Dom,7,12,2026-03-16,16/03 - 22/03/2026,CARINAS,DELIVERY,6092.74
2026-03-22,2026,3,22,Mar,Março,2026-03,Mar/2026,Domingo,Dom,7,12,2026-03-16,16/03 - 22/03/2026,CHÁCARA,DELIVERY,5828.01
2026-03-22,2026,3,22,Mar,Março,2026-03,Mar/2026,Domingo,Dom,7,12,2026-03-16,16/03 - 22/03/2026,LAPA,DELIVERY,5155.56
2026-03-22,2026,3,22,Mar,Março,2026-03,Mar/2026,Domingo,Dom,7,12,2026-03-16,16/03 - 22/03/2026,PAVÃO,DELIVERY,3665.36
2026-03-22,2026,3,22,Mar,Março,2026-03,Mar/2026,Domingo,Dom,7,12,2026-03-16,16/03 - 22/03/2026,PERDIZES,DELIVERY,3454.36
2026-03-22,2026,3,22,Mar,Março,2026-03,Mar/2026,Domingo,Dom,7,12,2026-03-16,16/03 - 22/03/2026,SANTANA,DELIVERY,6544.88
2026-03-22,2026,3,22,Mar,Março,2026-03,Mar/2026,Domingo,Dom,7,12,2026-03-16,16/03 - 22/03/2026,SANTO ANDRÉ,DELIVERY,2426.21
2026-03-22,2026,3,22,Mar,Março,2026-03,Mar/2026,Domingo,Dom,7,12,2026-03-16,16/03 - 22/03/2026,TATUAPÉ,DELIVERY,4138.81
2026-03-22,2026,3,22,Mar,Março,2026-03,Mar/2026,Domingo,Dom,7,12,2026-03-16,16/03 - 22/03/2026,VILA MADALENA,DELIVERY,5959.96
2026-03-22,2026,3,22,Mar,Março,2026-03,Mar/2026,Domingo,Dom,7,12,2026-03-16,16/03 - 22/03/2026,VILA MARIANA,DELIVERY,6140.27
2026-03-23,2026,3,23,Mar,Março,2026-03,Mar/2026,Segunda,Seg,1,13,2026-03-23,23/03 - 29/03/2026,SANTANA,DELIVERY,2652.05
2026-03-24,2026,3,24,Mar,Março,2026-03,Mar/2026,Terça,Ter,2,13,2026-03-23,23/03 - 29/03/2026,CARINAS,DELIVERY,861.83
2026-03-24,2026,3,24,Mar,Março,2026-03,Mar/2026,Terça,Ter,2,13,2026-03-23,23/03 - 29/03/2026,CHÁCARA,DELIVERY,3284.2
2026-03-24,2026,3,24,Mar,Março,2026-03,Mar/2026,Terça,Ter,2,13,2026-03-23,23/03 - 29/03/2026,LAPA,DELIVERY,1795.69
2026-03-24,2026,3,24,Mar,Março,2026-03,Mar/2026,Terça,Ter,2,13,2026-03-23,23/03 - 29/03/2026,PAVÃO,DELIVERY,1625.86
2026-03-24,2026,3,24,Mar,Março,2026-03,Mar/2026,Terça,Ter,2,13,2026-03-23,23/03 - 29/03/2026,PERDIZES,DELIVERY,1135.91
2026-03-24,2026,3,24,Mar,Março,2026-03,Mar/2026,Terça,Ter,2,13,2026-03-23,23/03 - 29/03/2026,SANTANA,DELIVERY,1814.47
2026-03-24,2026,3,24,Mar,Março,2026-03,Mar/2026,Terça,Ter,2,13,2026-03-23,23/03 - 29/03/2026,TATUAPÉ,DELIVERY,1387.73
2026-03-24,2026,3,24,Mar,Março,2026-03,Mar/2026,Terça,Ter,2,13,2026-03-23,23/03 - 29/03/2026,VILA MADALENA,DELIVERY,1656.38
2026-03-24,2026,3,24,Mar,Março,2026-03,Mar/2026,Terça,Ter,2,13,2026-03-23,23/03 - 29/03/2026,VILA MARIANA,DELIVERY,3820.09
2026-03-25,2026,3,25,Mar,Março,2026-03,Mar/2026,Quarta,Qua,3,13,2026-03-23,23/03 - 29/03/2026,CARINAS,DELIVERY,1616.31
2026-03-25,2026,3,25,Mar,Março,2026-03,Mar/2026,Quarta,Qua,3,13,2026-03-23,23/03 - 29/03/2026,CHÁCARA,DELIVERY,3574.46
2026-03-25,2026,3,25,Mar,Março,2026-03,Mar/2026,Quarta,Qua,3,13,2026-03-23,23/03 - 29/03/2026,LAPA,DELIVERY,1431.87
2026-03-25,2026,3,25,Mar,Março,2026-03,Mar/2026,Quarta,Qua,3,13,2026-03-23,23/03 - 29/03/2026,PAVÃO,DELIVERY,2028.72
2026-03-25,2026,3,25,Mar,Março,2026-03,Mar/2026,Quarta,Qua,3,13,2026-03-23,23/03 - 29/03/2026,PERDIZES,DELIVERY,920.76
2026-03-25,2026,3,25,Mar,Março,2026-03,Mar/2026,Quarta,Qua,3,13,2026-03-23,23/03 - 29/03/2026,SANTANA,DELIVERY,2344.58
2026-03-25,2026,3,25,Mar,Março,2026-03,Mar/2026,Quarta,Qua,3,13,2026-03-23,23/03 - 29/03/2026,SANTO ANDRÉ,DELIVERY,1874.32
2026-03-25,2026,3,25,Mar,Março,2026-03,Mar/2026,Quarta,Qua,3,13,2026-03-23,23/03 - 29/03/2026,TATUAPÉ,DELIVERY,2398.98
2026-03-25,2026,3,25,Mar,Março,2026-03,Mar/2026,Quarta,Qua,3,13,2026-03-23,23/03 - 29/03/2026,VILA MADALENA,DELIVERY,2155.96
2026-03-25,2026,3,25,Mar,Março,2026-03,Mar/2026,Quarta,Qua,3,13,2026-03-23,23/03 - 29/03/2026,VILA MARIANA,DELIVERY,5735.39
2026-03-26,2026,3,26,Mar,Março,2026-03,Mar/2026,Quinta,Qui,4,13,2026-03-23,23/03 - 29/03/2026,CARINAS,DELIVERY,1638.71
2026-03-26,2026,3,26,Mar,Março,2026-03,Mar/2026,Quinta,Qui,4,13,2026-03-23,23/03 - 29/03/2026,CHÁCARA,DELIVERY,3452.42
2026-03-26,2026,3,26,Mar,Março,2026-03,Mar/2026,Quinta,Qui,4,13,2026-03-23,23/03 - 29/03/2026,LAPA,DELIVERY,1411.99
2026-03-26,2026,3,26,Mar,Março,2026-03,Mar/2026,Quinta,Qui,4,13,2026-03-23,23/03 - 29/03/2026,PAVÃO,DELIVERY,2149.08
2026-03-26,2026,3,26,Mar,Março,2026-03,Mar/2026,Quinta,Qui,4,13,2026-03-23,23/03 - 29/03/2026,PERDIZES,DELIVERY,4719.45
2026-03-26,2026,3,26,Mar,Março,2026-03,Mar/2026,Quinta,Qui,4,13,2026-03-23,23/03 - 29/03/2026,SANTANA,DELIVERY,3913.19
2026-03-26,2026,3,26,Mar,Março,2026-03,Mar/2026,Quinta,Qui,4,13,2026-03-23,23/03 - 29/03/2026,SANTO ANDRÉ,DELIVERY,1214.17
2026-03-26,2026,3,26,Mar,Março,2026-03,Mar/2026,Quinta,Qui,4,13,2026-03-23,23/03 - 29/03/2026,TATUAPÉ,DELIVERY,3444.68
2026-03-26,2026,3,26,Mar,Março,2026-03,Mar/2026,Quinta,Qui,4,13,2026-03-23,23/03 - 29/03/2026,VILA MARIANA,DELIVERY,5200.88
2026-03-27,2026,3,27,Mar,Março,2026-03,Mar/2026,Sexta,Sex,5,13,2026-03-23,23/03 - 29/03/2026,CARINAS,DELIVERY,2195.7
2026-03-27,2026,3,27,Mar,Março,2026-03,Mar/2026,Sexta,Sex,5,13,2026-03-23,23/03 - 29/03/2026,CHÁCARA,DELIVERY,2768.12
2026-03-27,2026,3,27,Mar,Março,2026-03,Mar/2026,Sexta,Sex,5,13,2026-03-23,23/03 - 29/03/2026,LAPA,DELIVERY,2040.44
2026-03-27,2026,3,27,Mar,Março,2026-03,Mar/2026,Sexta,Sex,5,13,2026-03-23,23/03 - 29/03/2026,PAVÃO,DELIVERY,2051.44
2026-03-27,2026,3,27,Mar,Março,2026-03,Mar/2026,Sexta,Sex,5,13,2026-03-23,23/03 - 29/03/2026,PERDIZES,DELIVERY,1745.7
2026-03-27,2026,3,27,Mar,Março,2026-03,Mar/2026,Sexta,Sex,5,13,2026-03-23,23/03 - 29/03/2026,SANTANA,DELIVERY,2150.49
2026-03-27,2026,3,27,Mar,Março,2026-03,Mar/2026,Sexta,Sex,5,13,2026-03-23,23/03 - 29/03/2026,SANTO ANDRÉ,DELIVERY,2059.48
2026-03-27,2026,3,27,Mar,Março,2026-03,Mar/2026,Sexta,Sex,5,13,2026-03-23,23/03 - 29/03/2026,TATUAPÉ,DELIVERY,2937.18
2026-03-27,2026,3,27,Mar,Março,2026-03,Mar/2026,Sexta,Sex,5,13,2026-03-23,23/03 - 29/03/2026,VILA MADALENA,DELIVERY,2758.41
2026-03-27,2026,3,27,Mar,Março,2026-03,Mar/2026,Sexta,Sex,5,13,2026-03-23,23/03 - 29/03/2026,VILA MARIANA,DELIVERY,5694.57
2026-03-28,2026,3,28,Mar,Março,2026-03,Mar/2026,Sábado,Sáb,6,13,2026-03-23,23/03 - 29/03/2026,CARINAS,DELIVERY,4644.48
2026-03-28,2026,3,28,Mar,Março,2026-03,Mar/2026,Sábado,Sáb,6,13,2026-03-23,23/03 - 29/03/2026,CHÁCARA,DELIVERY,6876.91
2026-03-28,2026,3,28,Mar,Março,2026-03,Mar/2026,Sábado,Sáb,6,13,2026-03-23,23/03 - 29/03/2026,LAPA,DELIVERY,3394.59
2026-03-28,2026,3,28,Mar,Março,2026-03,Mar/2026,Sábado,Sáb,6,13,2026-03-23,23/03 - 29/03/2026,PAVÃO,DELIVERY,3698.4
2026-03-28,2026,3,28,Mar,Março,2026-03,Mar/2026,Sábado,Sáb,6,13,2026-03-23,23/03 - 29/03/2026,PERDIZES,DELIVERY,2352.15
2026-03-28,2026,3,28,Mar,Março,2026-03,Mar/2026,Sábado,Sáb,6,13,2026-03-23,23/03 - 29/03/2026,SANTANA,DELIVERY,8440.85
2026-03-28,2026,3,28,Mar,Março,2026-03,Mar/2026,Sábado,Sáb,6,13,2026-03-23,23/03 - 29/03/2026,SANTO ANDRÉ,DELIVERY,2601.97
2026-03-28,2026,3,28,Mar,Março,2026-03,Mar/2026,Sábado,Sáb,6,13,2026-03-23,23/03 - 29/03/2026,TATUAPÉ,DELIVERY,5476.17
2026-03-28,2026,3,28,Mar,Março,2026-03,Mar/2026,Sábado,Sáb,6,13,2026-03-23,23/03 - 29/03/2026,VILA MADALENA,DELIVERY,2149.79
2026-03-28,2026,3,28,Mar,Março,2026-03,Mar/2026,Sábado,Sáb,6,13,2026-03-23,23/03 - 29/03/2026,VILA MARIANA,DELIVERY,8259.97
2026-03-29,2026,3,29,Mar,Março,2026-03,Mar/2026,Domingo,Dom,7,13,2026-03-23,23/03 - 29/03/2026,CARINAS,DELIVERY,8689.85
2026-03-29,2026,3,29,Mar,Março,2026-03,Mar/2026,Domingo,Dom,7,13,2026-03-23,23/03 - 29/03/2026,CHÁCARA,DELIVERY,5360.13
2026-03-29,2026,3,29,Mar,Março,2026-03,Mar/2026,Domingo,Dom,7,13,2026-03-23,23/03 - 29/03/2026,LAPA,DELIVERY,5468.92
2026-03-29,2026,3,29,Mar,Março,2026-03,Mar/2026,Domingo,Dom,7,13,2026-03-23,23/03 - 29/03/2026,PAVÃO,DELIVERY,1736.89
2026-03-29,2026,3,29,Mar,Março,2026-03,Mar/2026,Domingo,Dom,7,13,2026-03-23,23/03 - 29/03/2026,PERDIZES,DELIVERY,1938.59
2026-03-29,2026,3,29,Mar,Março,2026-03,Mar/2026,Domingo,Dom,7,13,2026-03-23,23/03 - 29/03/2026,SANTANA,DELIVERY,8177.26
2026-03-29,2026,3,29,Mar,Março,2026-03,Mar/2026,Domingo,Dom,7,13,2026-03-23,23/03 - 29/03/2026,SANTO ANDRÉ,DELIVERY,3321.32
2026-03-29,2026,3,29,Mar,Março,2026-03,Mar/2026,Domingo,Dom,7,13,2026-03-23,23/03 - 29/03/2026,TATUAPÉ,DELIVERY,4819.26
2026-03-29,2026,3,29,Mar,Março,2026-03,Mar/2026,Domingo,Dom,7,13,2026-03-23,23/03 - 29/03/2026,VILA MADALENA,DELIVERY,7487.59
2026-03-29,2026,3,29,Mar,Março,2026-03,Mar/2026,Domingo,Dom,7,13,2026-03-23,23/03 - 29/03/2026,VILA MARIANA,DELIVERY,6228.15
2026-03-30,2026,3,30,Mar,Março,2026-03,Mar/2026,Segunda,Seg,1,14,2026-03-30,30/03 - 05/04/2026,LAPA,DELIVERY,236.09
2026-03-30,2026,3,30,Mar,Março,2026-03,Mar/2026,Segunda,Seg,1,14,2026-03-30,30/03 - 05/04/2026,SANTANA,DELIVERY,2730.89
2026-03-31,2026,3,31,Mar,Março,2026-03,Mar/2026,Terça,Ter,2,14,2026-03-30,30/03 - 05/04/2026,CARINAS,DELIVERY,2092.39
2026-03-31,2026,3,31,Mar,Março,2026-03,Mar/2026,Terça,Ter,2,14,2026-03-30,30/03 - 05/04/2026,CHÁCARA,DELIVERY,3645.46
2026-03-31,2026,3,31,Mar,Março,2026-03,Mar/2026,Terça,Ter,2,14,2026-03-30,30/03 - 05/04/2026,LAPA,DELIVERY,1947.7
2026-03-31,2026,3,31,Mar,Março,2026-03,Mar/2026,Terça,Ter,2,14,2026-03-30,30/03 - 05/04/2026,PAVÃO,DELIVERY,2122.54
2026-03-31,2026,3,31,Mar,Março,2026-03,Mar/2026,Terça,Ter,2,14,2026-03-30,30/03 - 05/04/2026,PERDIZES,DELIVERY,4689.15
2026-03-31,2026,3,31,Mar,Março,2026-03,Mar/2026,Terça,Ter,2,14,2026-03-30,30/03 - 05/04/2026,SANTANA,DELIVERY,3208.07
2026-03-31,2026,3,31,Mar,Março,2026-03,Mar/2026,Terça,Ter,2,14,2026-03-30,30/03 - 05/04/2026,SANTO ANDRÉ,DELIVERY,1766.41
2026-03-31,2026,3,31,Mar,Março,2026-03,Mar/2026,Terça,Ter,2,14,2026-03-30,30/03 - 05/04/2026,TATUAPÉ,DELIVERY,2420.78
2026-03-31,2026,3,31,Mar,Março,2026-03,Mar/2026,Terça,Ter,2,14,2026-03-30,30/03 - 05/04/2026,VILA MADALENA,DELIVERY,2848.69
2026-03-31,2026,3,31,Mar,Março,2026-03,Mar/2026,Terça,Ter,2,14,2026-03-30,30/03 - 05/04/2026,VILA MARIANA,DELIVERY,4616.62
2026-04-01,2026,4,1,Abr,Abril,2026-04,Abr/2026,Quarta,Qua,3,14,2026-03-30,30/03 - 05/04/2026,CARINAS,DELIVERY,3338.81
2026-04-01,2026,4,1,Abr,Abril,2026-04,Abr/2026,Quarta,Qua,3,14,2026-03-30,30/03 - 05/04/2026,CHÁCARA,DELIVERY,2699.85
2026-04-01,2026,4,1,Abr,Abril,2026-04,Abr/2026,Quarta,Qua,3,14,2026-03-30,30/03 - 05/04/2026,LAPA,DELIVERY,1034.03
2026-04-01,2026,4,1,Abr,Abril,2026-04,Abr/2026,Quarta,Qua,3,14,2026-03-30,30/03 - 05/04/2026,PAVÃO,DELIVERY,1708.96
2026-04-01,2026,4,1,Abr,Abril,2026-04,Abr/2026,Quarta,Qua,3,14,2026-03-30,30/03 - 05/04/2026,PERDIZES,DELIVERY,853.7
2026-04-01,2026,4,1,Abr,Abril,2026-04,Abr/2026,Quarta,Qua,3,14,2026-03-30,30/03 - 05/04/2026,SANTANA,DELIVERY,2601.14
2026-04-01,2026,4,1,Abr,Abril,2026-04,Abr/2026,Quarta,Qua,3,14,2026-03-30,30/03 - 05/04/2026,SANTO ANDRÉ,DELIVERY,1569.15
2026-04-01,2026,4,1,Abr,Abril,2026-04,Abr/2026,Quarta,Qua,3,14,2026-03-30,30/03 - 05/04/2026,TATUAPÉ,DELIVERY,1990.27
2026-04-01,2026,4,1,Abr,Abril,2026-04,Abr/2026,Quarta,Qua,3,14,2026-03-30,30/03 - 05/04/2026,VILA MADALENA,DELIVERY,2123.4
2026-04-01,2026,4,1,Abr,Abril,2026-04,Abr/2026,Quarta,Qua,3,14,2026-03-30,30/03 - 05/04/2026,VILA MARIANA,DELIVERY,4423.59
2026-04-02,2026,4,2,Abr,Abril,2026-04,Abr/2026,Quinta,Qui,4,14,2026-03-30,30/03 - 05/04/2026,CARINAS,DELIVERY,3192.07
2026-04-02,2026,4,2,Abr,Abril,2026-04,Abr/2026,Quinta,Qui,4,14,2026-03-30,30/03 - 05/04/2026,CHÁCARA,DELIVERY,1363.54
2026-04-02,2026,4,2,Abr,Abril,2026-04,Abr/2026,Quinta,Qui,4,14,2026-03-30,30/03 - 05/04/2026,LAPA,DELIVERY,2146.22
2026-04-02,2026,4,2,Abr,Abril,2026-04,Abr/2026,Quinta,Qui,4,14,2026-03-30,30/03 - 05/04/2026,PAVÃO,DELIVERY,1967.32
2026-04-02,2026,4,2,Abr,Abril,2026-04,Abr/2026,Quinta,Qui,4,14,2026-03-30,30/03 - 05/04/2026,PERDIZES,DELIVERY,1160.85
2026-04-02,2026,4,2,Abr,Abril,2026-04,Abr/2026,Quinta,Qui,4,14,2026-03-30,30/03 - 05/04/2026,SANTANA,DELIVERY,2661.56
2026-04-02,2026,4,2,Abr,Abril,2026-04,Abr/2026,Quinta,Qui,4,14,2026-03-30,30/03 - 05/04/2026,SANTO ANDRÉ,DELIVERY,1460.55
2026-04-02,2026,4,2,Abr,Abril,2026-04,Abr/2026,Quinta,Qui,4,14,2026-03-30,30/03 - 05/04/2026,TATUAPÉ,DELIVERY,1487.8
2026-04-02,2026,4,2,Abr,Abril,2026-04,Abr/2026,Quinta,Qui,4,14,2026-03-30,30/03 - 05/04/2026,VILA MADALENA,DELIVERY,888.3
2026-04-02,2026,4,2,Abr,Abril,2026-04,Abr/2026,Quinta,Qui,4,14,2026-03-30,30/03 - 05/04/2026,VILA MARIANA,DELIVERY,5750.08
2026-04-03,2026,4,3,Abr,Abril,2026-04,Abr/2026,Sexta,Sex,5,14,2026-03-30,30/03 - 05/04/2026,CARINAS,DELIVERY,994.49
2026-04-03,2026,4,3,Abr,Abril,2026-04,Abr/2026,Sexta,Sex,5,14,2026-03-30,30/03 - 05/04/2026,CHÁCARA,DELIVERY,1774.3
2026-04-03,2026,4,3,Abr,Abril,2026-04,Abr/2026,Sexta,Sex,5,14,2026-03-30,30/03 - 05/04/2026,LAPA,DELIVERY,1355.57
2026-04-03,2026,4,3,Abr,Abril,2026-04,Abr/2026,Sexta,Sex,5,14,2026-03-30,30/03 - 05/04/2026,PAVÃO,DELIVERY,1166.07
2026-04-03,2026,4,3,Abr,Abril,2026-04,Abr/2026,Sexta,Sex,5,14,2026-03-30,30/03 - 05/04/2026,PERDIZES,DELIVERY,797.91
2026-04-03,2026,4,3,Abr,Abril,2026-04,Abr/2026,Sexta,Sex,5,14,2026-03-30,30/03 - 05/04/2026,SANTANA,DELIVERY,1518.88
2026-04-03,2026,4,3,Abr,Abril,2026-04,Abr/2026,Sexta,Sex,5,14,2026-03-30,30/03 - 05/04/2026,SANTO ANDRÉ,DELIVERY,610.02
2026-04-03,2026,4,3,Abr,Abril,2026-04,Abr/2026,Sexta,Sex,5,14,2026-03-30,30/03 - 05/04/2026,TATUAPÉ,DELIVERY,2652.3
2026-04-03,2026,4,3,Abr,Abril,2026-04,Abr/2026,Sexta,Sex,5,14,2026-03-30,30/03 - 05/04/2026,VILA MADALENA,DELIVERY,1035.2
2026-04-03,2026,4,3,Abr,Abril,2026-04,Abr/2026,Sexta,Sex,5,14,2026-03-30,30/03 - 05/04/2026,VILA MARIANA,DELIVERY,5283.8
2026-04-04,2026,4,4,Abr,Abril,2026-04,Abr/2026,Sábado,Sáb,6,14,2026-03-30,30/03 - 05/04/2026,CARINAS,DELIVERY,4124.08
2026-04-04,2026,4,4,Abr,Abril,2026-04,Abr/2026,Sábado,Sáb,6,14,2026-03-30,30/03 - 05/04/2026,CHÁCARA,DELIVERY,3150.26
2026-04-04,2026,4,4,Abr,Abril,2026-04,Abr/2026,Sábado,Sáb,6,14,2026-03-30,30/03 - 05/04/2026,LAPA,DELIVERY,3870.06
2026-04-04,2026,4,4,Abr,Abril,2026-04,Abr/2026,Sábado,Sáb,6,14,2026-03-30,30/03 - 05/04/2026,PAVÃO,DELIVERY,3808.86
2026-04-04,2026,4,4,Abr,Abril,2026-04,Abr/2026,Sábado,Sáb,6,14,2026-03-30,30/03 - 05/04/2026,PERDIZES,DELIVERY,1763.33
2026-04-04,2026,4,4,Abr,Abril,2026-04,Abr/2026,Sábado,Sáb,6,14,2026-03-30,30/03 - 05/04/2026,SANTANA,DELIVERY,4015.61
2026-04-04,2026,4,4,Abr,Abril,2026-04,Abr/2026,Sábado,Sáb,6,14,2026-03-30,30/03 - 05/04/2026,SANTO ANDRÉ,DELIVERY,1346.82
2026-04-04,2026,4,4,Abr,Abril,2026-04,Abr/2026,Sábado,Sáb,6,14,2026-03-30,30/03 - 05/04/2026,TATUAPÉ,DELIVERY,2941.66
2026-04-04,2026,4,4,Abr,Abril,2026-04,Abr/2026,Sábado,Sáb,6,14,2026-03-30,30/03 - 05/04/2026,VILA MADALENA,DELIVERY,2616.0
2026-04-04,2026,4,4,Abr,Abril,2026-04,Abr/2026,Sábado,Sáb,6,14,2026-03-30,30/03 - 05/04/2026,VILA MARIANA,DELIVERY,6286.26
2026-04-05,2026,4,5,Abr,Abril,2026-04,Abr/2026,Domingo,Dom,7,14,2026-03-30,30/03 - 05/04/2026,CARINAS,DELIVERY,4024.49
2026-04-05,2026,4,5,Abr,Abril,2026-04,Abr/2026,Domingo,Dom,7,14,2026-03-30,30/03 - 05/04/2026,CHÁCARA,DELIVERY,4372.71
2026-04-05,2026,4,5,Abr,Abril,2026-04,Abr/2026,Domingo,Dom,7,14,2026-03-30,30/03 - 05/04/2026,LAPA,DELIVERY,2020.99
2026-04-05,2026,4,5,Abr,Abril,2026-04,Abr/2026,Domingo,Dom,7,14,2026-03-30,30/03 - 05/04/2026,PAVÃO,DELIVERY,3200.48
2026-04-05,2026,4,5,Abr,Abril,2026-04,Abr/2026,Domingo,Dom,7,14,2026-03-30,30/03 - 05/04/2026,PERDIZES,DELIVERY,1871.4
2026-04-05,2026,4,5,Abr,Abril,2026-04,Abr/2026,Domingo,Dom,7,14,2026-03-30,30/03 - 05/04/2026,SANTANA,DELIVERY,5507.29
2026-04-05,2026,4,5,Abr,Abril,2026-04,Abr/2026,Domingo,Dom,7,14,2026-03-30,30/03 - 05/04/2026,SANTO ANDRÉ,DELIVERY,1303.46
2026-04-05,2026,4,5,Abr,Abril,2026-04,Abr/2026,Domingo,Dom,7,14,2026-03-30,30/03 - 05/04/2026,TATUAPÉ,DELIVERY,6011.77
2026-04-05,2026,4,5,Abr,Abril,2026-04,Abr/2026,Domingo,Dom,7,14,2026-03-30,30/03 - 05/04/2026,VILA MADALENA,DELIVERY,2459.0
2026-04-05,2026,4,5,Abr,Abril,2026-04,Abr/2026,Domingo,Dom,7,14,2026-03-30,30/03 - 05/04/2026,VILA MARIANA,DELIVERY,5139.74
2026-04-06,2026,4,6,Abr,Abril,2026-04,Abr/2026,Segunda,Seg,1,15,2026-04-06,06/04 - 12/04/2026,LAPA,DELIVERY,157.98
2026-04-06,2026,4,6,Abr,Abril,2026-04,Abr/2026,Segunda,Seg,1,15,2026-04-06,06/04 - 12/04/2026,SANTANA,DELIVERY,3463.18
2026-04-07,2026,4,7,Abr,Abril,2026-04,Abr/2026,Terça,Ter,2,15,2026-04-06,06/04 - 12/04/2026,CARINAS,DELIVERY,871.22
2026-04-07,2026,4,7,Abr,Abril,2026-04,Abr/2026,Terça,Ter,2,15,2026-04-06,06/04 - 12/04/2026,CHÁCARA,DELIVERY,2450.48
2026-04-07,2026,4,7,Abr,Abril,2026-04,Abr/2026,Terça,Ter,2,15,2026-04-06,06/04 - 12/04/2026,LAPA,DELIVERY,1401.29
2026-04-07,2026,4,7,Abr,Abril,2026-04,Abr/2026,Terça,Ter,2,15,2026-04-06,06/04 - 12/04/2026,PAVÃO,DELIVERY,2161.19
2026-04-07,2026,4,7,Abr,Abril,2026-04,Abr/2026,Terça,Ter,2,15,2026-04-06,06/04 - 12/04/2026,PERDIZES,DELIVERY,1277.75
2026-04-07,2026,4,7,Abr,Abril,2026-04,Abr/2026,Terça,Ter,2,15,2026-04-06,06/04 - 12/04/2026,SANTANA,DELIVERY,2112.0
2026-04-07,2026,4,7,Abr,Abril,2026-04,Abr/2026,Terça,Ter,2,15,2026-04-06,06/04 - 12/04/2026,TATUAPÉ,DELIVERY,2753.08
2026-04-07,2026,4,7,Abr,Abril,2026-04,Abr/2026,Terça,Ter,2,15,2026-04-06,06/04 - 12/04/2026,VILA MADALENA,DELIVERY,2041.69
2026-04-07,2026,4,7,Abr,Abril,2026-04,Abr/2026,Terça,Ter,2,15,2026-04-06,06/04 - 12/04/2026,VILA MARIANA,DELIVERY,4336.9
2026-04-08,2026,4,8,Abr,Abril,2026-04,Abr/2026,Quarta,Qua,3,15,2026-04-06,06/04 - 12/04/2026,CARINAS,DELIVERY,4639.7
2026-04-08,2026,4,8,Abr,Abril,2026-04,Abr/2026,Quarta,Qua,3,15,2026-04-06,06/04 - 12/04/2026,CHÁCARA,DELIVERY,2403.13
2026-04-08,2026,4,8,Abr,Abril,2026-04,Abr/2026,Quarta,Qua,3,15,2026-04-06,06/04 - 12/04/2026,LAPA,DELIVERY,1267.11
2026-04-08,2026,4,8,Abr,Abril,2026-04,Abr/2026,Quarta,Qua,3,15,2026-04-06,06/04 - 12/04/2026,PAVÃO,DELIVERY,2860.99
2026-04-08,2026,4,8,Abr,Abril,2026-04,Abr/2026,Quarta,Qua,3,15,2026-04-06,06/04 - 12/04/2026,PERDIZES,DELIVERY,1402.44
2026-04-08,2026,4,8,Abr,Abril,2026-04,Abr/2026,Quarta,Qua,3,15,2026-04-06,06/04 - 12/04/2026,SANTANA,DELIVERY,3173.17
2026-04-08,2026,4,8,Abr,Abril,2026-04,Abr/2026,Quarta,Qua,3,15,2026-04-06,06/04 - 12/04/2026,SANTO ANDRÉ,DELIVERY,1559.17
2026-04-08,2026,4,8,Abr,Abril,2026-04,Abr/2026,Quarta,Qua,3,15,2026-04-06,06/04 - 12/04/2026,TATUAPÉ,DELIVERY,1881.23
2026-04-08,2026,4,8,Abr,Abril,2026-04,Abr/2026,Quarta,Qua,3,15,2026-04-06,06/04 - 12/04/2026,VILA MADALENA,DELIVERY,1755.5
2026-04-08,2026,4,8,Abr,Abril,2026-04,Abr/2026,Quarta,Qua,3,15,2026-04-06,06/04 - 12/04/2026,VILA MARIANA,DELIVERY,3696.0
2026-04-09,2026,4,9,Abr,Abril,2026-04,Abr/2026,Quinta,Qui,4,15,2026-04-06,06/04 - 12/04/2026,CARINAS,DELIVERY,4523.87
2026-04-09,2026,4,9,Abr,Abril,2026-04,Abr/2026,Quinta,Qui,4,15,2026-04-06,06/04 - 12/04/2026,CHÁCARA,DELIVERY,2812.69
2026-04-09,2026,4,9,Abr,Abril,2026-04,Abr/2026,Quinta,Qui,4,15,2026-04-06,06/04 - 12/04/2026,LAPA,DELIVERY,1587.21
2026-04-09,2026,4,9,Abr,Abril,2026-04,Abr/2026,Quinta,Qui,4,15,2026-04-06,06/04 - 12/04/2026,PAVÃO,DELIVERY,2052.43
2026-04-09,2026,4,9,Abr,Abril,2026-04,Abr/2026,Quinta,Qui,4,15,2026-04-06,06/04 - 12/04/2026,PERDIZES,DELIVERY,1218.92
2026-04-09,2026,4,9,Abr,Abril,2026-04,Abr/2026,Quinta,Qui,4,15,2026-04-06,06/04 - 12/04/2026,SANTANA,DELIVERY,2040.19
2026-04-09,2026,4,9,Abr,Abril,2026-04,Abr/2026,Quinta,Qui,4,15,2026-04-06,06/04 - 12/04/2026,SANTO ANDRÉ,DELIVERY,1687.62
2026-04-09,2026,4,9,Abr,Abril,2026-04,Abr/2026,Quinta,Qui,4,15,2026-04-06,06/04 - 12/04/2026,TATUAPÉ,DELIVERY,2070.62
2026-04-09,2026,4,9,Abr,Abril,2026-04,Abr/2026,Quinta,Qui,4,15,2026-04-06,06/04 - 12/04/2026,VILA MADALENA,DELIVERY,1389.8
2026-04-09,2026,4,9,Abr,Abril,2026-04,Abr/2026,Quinta,Qui,4,15,2026-04-06,06/04 - 12/04/2026,VILA MARIANA,DELIVERY,2668.99
2026-04-10,2026,4,10,Abr,Abril,2026-04,Abr/2026,Sexta,Sex,5,15,2026-04-06,06/04 - 12/04/2026,CARINAS,DELIVERY,5551.14
2026-04-10,2026,4,10,Abr,Abril,2026-04,Abr/2026,Sexta,Sex,5,15,2026-04-06,06/04 - 12/04/2026,CHÁCARA,DELIVERY,2622.93
2026-04-10,2026,4,10,Abr,Abril,2026-04,Abr/2026,Sexta,Sex,5,15,2026-04-06,06/04 - 12/04/2026,LAPA,DELIVERY,3967.1
2026-04-10,2026,4,10,Abr,Abril,2026-04,Abr/2026,Sexta,Sex,5,15,2026-04-06,06/04 - 12/04/2026,PAVÃO,DELIVERY,1394.54
2026-04-10,2026,4,10,Abr,Abril,2026-04,Abr/2026,Sexta,Sex,5,15,2026-04-06,06/04 - 12/04/2026,PERDIZES,DELIVERY,3894.7
2026-04-10,2026,4,10,Abr,Abril,2026-04,Abr/2026,Sexta,Sex,5,15,2026-04-06,06/04 - 12/04/2026,SANTANA,DELIVERY,788.66
2026-04-10,2026,4,10,Abr,Abril,2026-04,Abr/2026,Sexta,Sex,5,15,2026-04-06,06/04 - 12/04/2026,SANTO ANDRÉ,DELIVERY,2425.58
2026-04-10,2026,4,10,Abr,Abril,2026-04,Abr/2026,Sexta,Sex,5,15,2026-04-06,06/04 - 12/04/2026,TATUAPÉ,DELIVERY,1484.22
2026-04-10,2026,4,10,Abr,Abril,2026-04,Abr/2026,Sexta,Sex,5,15,2026-04-06,06/04 - 12/04/2026,VILA MADALENA,DELIVERY,2561.0
2026-04-10,2026,4,10,Abr,Abril,2026-04,Abr/2026,Sexta,Sex,5,15,2026-04-06,06/04 - 12/04/2026,VILA MARIANA,DELIVERY,6670.59
2026-04-11,2026,4,11,Abr,Abril,2026-04,Abr/2026,Sábado,Sáb,6,15,2026-04-06,06/04 - 12/04/2026,CARINAS,DELIVERY,3760.69
2026-04-11,2026,4,11,Abr,Abril,2026-04,Abr/2026,Sábado,Sáb,6,15,2026-04-06,06/04 - 12/04/2026,CHÁCARA,DELIVERY,4400.44
2026-04-11,2026,4,11,Abr,Abril,2026-04,Abr/2026,Sábado,Sáb,6,15,2026-04-06,06/04 - 12/04/2026,LAPA,DELIVERY,1607.78
2026-04-11,2026,4,11,Abr,Abril,2026-04,Abr/2026,Sábado,Sáb,6,15,2026-04-06,06/04 - 12/04/2026,PAVÃO,DELIVERY,3040.39
2026-04-11,2026,4,11,Abr,Abril,2026-04,Abr/2026,Sábado,Sáb,6,15,2026-04-06,06/04 - 12/04/2026,PERDIZES,DELIVERY,1493.16
2026-04-11,2026,4,11,Abr,Abril,2026-04,Abr/2026,Sábado,Sáb,6,15,2026-04-06,06/04 - 12/04/2026,SANTANA,DELIVERY,4828.77
2026-04-11,2026,4,11,Abr,Abril,2026-04,Abr/2026,Sábado,Sáb,6,15,2026-04-06,06/04 - 12/04/2026,SANTO ANDRÉ,DELIVERY,3535.76
2026-04-11,2026,4,11,Abr,Abril,2026-04,Abr/2026,Sábado,Sáb,6,15,2026-04-06,06/04 - 12/04/2026,TATUAPÉ,DELIVERY,3367.99
2026-04-11,2026,4,11,Abr,Abril,2026-04,Abr/2026,Sábado,Sáb,6,15,2026-04-06,06/04 - 12/04/2026,VILA MADALENA,DELIVERY,2574.6
2026-04-11,2026,4,11,Abr,Abril,2026-04,Abr/2026,Sábado,Sáb,6,15,2026-04-06,06/04 - 12/04/2026,VILA MARIANA,DELIVERY,4306.04
2026-04-12,2026,4,12,Abr,Abril,2026-04,Abr/2026,Domingo,Dom,7,15,2026-04-06,06/04 - 12/04/2026,CARINAS,DELIVERY,4176.51
2026-04-12,2026,4,12,Abr,Abril,2026-04,Abr/2026,Domingo,Dom,7,15,2026-04-06,06/04 - 12/04/2026,CHÁCARA,DELIVERY,6655.12
2026-04-12,2026,4,12,Abr,Abril,2026-04,Abr/2026,Domingo,Dom,7,15,2026-04-06,06/04 - 12/04/2026,LAPA,DELIVERY,4983.61
2026-04-12,2026,4,12,Abr,Abril,2026-04,Abr/2026,Domingo,Dom,7,15,2026-04-06,06/04 - 12/04/2026,PAVÃO,DELIVERY,3150.39
2026-04-12,2026,4,12,Abr,Abril,2026-04,Abr/2026,Domingo,Dom,7,15,2026-04-06,06/04 - 12/04/2026,PERDIZES,DELIVERY,2908.25
2026-04-12,2026,4,12,Abr,Abril,2026-04,Abr/2026,Domingo,Dom,7,15,2026-04-06,06/04 - 12/04/2026,SANTANA,DELIVERY,7196.59
2026-04-12,2026,4,12,Abr,Abril,2026-04,Abr/2026,Domingo,Dom,7,15,2026-04-06,06/04 - 12/04/2026,SANTO ANDRÉ,DELIVERY,3760.75
2026-04-12,2026,4,12,Abr,Abril,2026-04,Abr/2026,Domingo,Dom,7,15,2026-04-06,06/04 - 12/04/2026,TATUAPÉ,DELIVERY,4970.28
2026-04-12,2026,4,12,Abr,Abril,2026-04,Abr/2026,Domingo,Dom,7,15,2026-04-06,06/04 - 12/04/2026,VILA MADALENA,DELIVERY,4331.59
2026-04-12,2026,4,12,Abr,Abril,2026-04,Abr/2026,Domingo,Dom,7,15,2026-04-06,06/04 - 12/04/2026,VILA MARIANA,DELIVERY,7175.97
2026-04-13,2026,4,13,Abr,Abril,2026-04,Abr/2026,Segunda,Seg,1,16,2026-04-13,13/04 - 19/04/2026,CARINAS,DELIVERY,1389.09
2026-04-13,2026,4,13,Abr,Abril,2026-04,Abr/2026,Segunda,Seg,1,16,2026-04-13,13/04 - 19/04/2026,SANTANA,DELIVERY,3469.11
2026-04-13,2026,4,13,Abr,Abril,2026-04,Abr/2026,Segunda,Seg,1,16,2026-04-13,13/04 - 19/04/2026,SANTO ANDRÉ,DELIVERY,640.35
2026-04-14,2026,4,14,Abr,Abril,2026-04,Abr/2026,Terça,Ter,2,16,2026-04-13,13/04 - 19/04/2026,CARINAS,DELIVERY,3072.22
2026-04-14,2026,4,14,Abr,Abril,2026-04,Abr/2026,Terça,Ter,2,16,2026-04-13,13/04 - 19/04/2026,CHÁCARA,DELIVERY,1797.8
2026-04-14,2026,4,14,Abr,Abril,2026-04,Abr/2026,Terça,Ter,2,16,2026-04-13,13/04 - 19/04/2026,PAVÃO,DELIVERY,2811.98
2026-04-14,2026,4,14,Abr,Abril,2026-04,Abr/2026,Terça,Ter,2,16,2026-04-13,13/04 - 19/04/2026,PERDIZES,DELIVERY,1331.1
2026-04-14,2026,4,14,Abr,Abril,2026-04,Abr/2026,Terça,Ter,2,16,2026-04-13,13/04 - 19/04/2026,SANTANA,DELIVERY,1974.08
2026-04-14,2026,4,14,Abr,Abril,2026-04,Abr/2026,Terça,Ter,2,16,2026-04-13,13/04 - 19/04/2026,SANTO ANDRÉ,DELIVERY,689.75
2026-04-14,2026,4,14,Abr,Abril,2026-04,Abr/2026,Terça,Ter,2,16,2026-04-13,13/04 - 19/04/2026,TATUAPÉ,DELIVERY,2061.82
2026-04-14,2026,4,14,Abr,Abril,2026-04,Abr/2026,Terça,Ter,2,16,2026-04-13,13/04 - 19/04/2026,VILA MADALENA,DELIVERY,3723.39
2026-04-14,2026,4,14,Abr,Abril,2026-04,Abr/2026,Terça,Ter,2,16,2026-04-13,13/04 - 19/04/2026,VILA MARIANA,DELIVERY,4359.31
2026-04-15,2026,4,15,Abr,Abril,2026-04,Abr/2026,Quarta,Qua,3,16,2026-04-13,13/04 - 19/04/2026,CARINAS,DELIVERY,2671.05
2026-04-15,2026,4,15,Abr,Abril,2026-04,Abr/2026,Quarta,Qua,3,16,2026-04-13,13/04 - 19/04/2026,CHÁCARA,DELIVERY,4539.81
2026-04-15,2026,4,15,Abr,Abril,2026-04,Abr/2026,Quarta,Qua,3,16,2026-04-13,13/04 - 19/04/2026,LAPA,DELIVERY,1528.7
2026-04-15,2026,4,15,Abr,Abril,2026-04,Abr/2026,Quarta,Qua,3,16,2026-04-13,13/04 - 19/04/2026,PAVÃO,DELIVERY,1990.49
2026-04-15,2026,4,15,Abr,Abril,2026-04,Abr/2026,Quarta,Qua,3,16,2026-04-13,13/04 - 19/04/2026,PERDIZES,DELIVERY,499.76
2026-04-15,2026,4,15,Abr,Abril,2026-04,Abr/2026,Quarta,Qua,3,16,2026-04-13,13/04 - 19/04/2026,SANTANA,DELIVERY,1846.69
2026-04-15,2026,4,15,Abr,Abril,2026-04,Abr/2026,Quarta,Qua,3,16,2026-04-13,13/04 - 19/04/2026,SANTO ANDRÉ,DELIVERY,3079.38
2026-04-15,2026,4,15,Abr,Abril,2026-04,Abr/2026,Quarta,Qua,3,16,2026-04-13,13/04 - 19/04/2026,TATUAPÉ,DELIVERY,2999.24
2026-04-15,2026,4,15,Abr,Abril,2026-04,Abr/2026,Quarta,Qua,3,16,2026-04-13,13/04 - 19/04/2026,VILA MADALENA,DELIVERY,2457.69
2026-04-15,2026,4,15,Abr,Abril,2026-04,Abr/2026,Quarta,Qua,3,16,2026-04-13,13/04 - 19/04/2026,VILA MARIANA,DELIVERY,3903.46
2026-04-16,2026,4,16,Abr,Abril,2026-04,Abr/2026,Quinta,Qui,4,16,2026-04-13,13/04 - 19/04/2026,CARINAS,DELIVERY,3153.97
2026-04-16,2026,4,16,Abr,Abril,2026-04,Abr/2026,Quinta,Qui,4,16,2026-04-13,13/04 - 19/04/2026,CHÁCARA,DELIVERY,2385.29
2026-04-16,2026,4,16,Abr,Abril,2026-04,Abr/2026,Quinta,Qui,4,16,2026-04-13,13/04 - 19/04/2026,LAPA,DELIVERY,2359.5
2026-04-16,2026,4,16,Abr,Abril,2026-04,Abr/2026,Quinta,Qui,4,16,2026-04-13,13/04 - 19/04/2026,PAVÃO,DELIVERY,1443.85
2026-04-16,2026,4,16,Abr,Abril,2026-04,Abr/2026,Quinta,Qui,4,16,2026-04-13,13/04 - 19/04/2026,PERDIZES,DELIVERY,2045.26
2026-04-16,2026,4,16,Abr,Abril,2026-04,Abr/2026,Quinta,Qui,4,16,2026-04-13,13/04 - 19/04/2026,SANTANA,DELIVERY,2792.87
2026-04-16,2026,4,16,Abr,Abril,2026-04,Abr/2026,Quinta,Qui,4,16,2026-04-13,13/04 - 19/04/2026,SANTO ANDRÉ,DELIVERY,2720.05
2026-04-16,2026,4,16,Abr,Abril,2026-04,Abr/2026,Quinta,Qui,4,16,2026-04-13,13/04 - 19/04/2026,TATUAPÉ,DELIVERY,2050.09
2026-04-16,2026,4,16,Abr,Abril,2026-04,Abr/2026,Quinta,Qui,4,16,2026-04-13,13/04 - 19/04/2026,VILA MADALENA,DELIVERY,1852.8
2026-04-16,2026,4,16,Abr,Abril,2026-04,Abr/2026,Quinta,Qui,4,16,2026-04-13,13/04 - 19/04/2026,VILA MARIANA,DELIVERY,3822.71
2026-04-17,2026,4,17,Abr,Abril,2026-04,Abr/2026,Sexta,Sex,5,16,2026-04-13,13/04 - 19/04/2026,CARINAS,DELIVERY,4086.53
2026-04-17,2026,4,17,Abr,Abril,2026-04,Abr/2026,Sexta,Sex,5,16,2026-04-13,13/04 - 19/04/2026,CHÁCARA,DELIVERY,3291.47
2026-04-17,2026,4,17,Abr,Abril,2026-04,Abr/2026,Sexta,Sex,5,16,2026-04-13,13/04 - 19/04/2026,LAPA,DELIVERY,3014.48
2026-04-17,2026,4,17,Abr,Abril,2026-04,Abr/2026,Sexta,Sex,5,16,2026-04-13,13/04 - 19/04/2026,PAVÃO,DELIVERY,1803.71
2026-04-17,2026,4,17,Abr,Abril,2026-04,Abr/2026,Sexta,Sex,5,16,2026-04-13,13/04 - 19/04/2026,PERDIZES,DELIVERY,2149.75
2026-04-17,2026,4,17,Abr,Abril,2026-04,Abr/2026,Sexta,Sex,5,16,2026-04-13,13/04 - 19/04/2026,SANTANA,DELIVERY,2788.26
2026-04-17,2026,4,17,Abr,Abril,2026-04,Abr/2026,Sexta,Sex,5,16,2026-04-13,13/04 - 19/04/2026,SANTO ANDRÉ,DELIVERY,2462.22
2026-04-17,2026,4,17,Abr,Abril,2026-04,Abr/2026,Sexta,Sex,5,16,2026-04-13,13/04 - 19/04/2026,TATUAPÉ,DELIVERY,2358.76
2026-04-17,2026,4,17,Abr,Abril,2026-04,Abr/2026,Sexta,Sex,5,16,2026-04-13,13/04 - 19/04/2026,VILA MADALENA,DELIVERY,2556.9
2026-04-17,2026,4,17,Abr,Abril,2026-04,Abr/2026,Sexta,Sex,5,16,2026-04-13,13/04 - 19/04/2026,VILA MARIANA,DELIVERY,4826.71
2026-04-18,2026,4,18,Abr,Abril,2026-04,Abr/2026,Sábado,Sáb,6,16,2026-04-13,13/04 - 19/04/2026,CARINAS,DELIVERY,5635.75
2026-04-18,2026,4,18,Abr,Abril,2026-04,Abr/2026,Sábado,Sáb,6,16,2026-04-13,13/04 - 19/04/2026,CHÁCARA,DELIVERY,6479.06
2026-04-18,2026,4,18,Abr,Abril,2026-04,Abr/2026,Sábado,Sáb,6,16,2026-04-13,13/04 - 19/04/2026,LAPA,DELIVERY,3551.71
2026-04-18,2026,4,18,Abr,Abril,2026-04,Abr/2026,Sábado,Sáb,6,16,2026-04-13,13/04 - 19/04/2026,PAVÃO,DELIVERY,3021.13
2026-04-18,2026,4,18,Abr,Abril,2026-04,Abr/2026,Sábado,Sáb,6,16,2026-04-13,13/04 - 19/04/2026,PERDIZES,DELIVERY,3399.78
2026-04-18,2026,4,18,Abr,Abril,2026-04,Abr/2026,Sábado,Sáb,6,16,2026-04-13,13/04 - 19/04/2026,SANTANA,DELIVERY,4987.15
2026-04-18,2026,4,18,Abr,Abril,2026-04,Abr/2026,Sábado,Sáb,6,16,2026-04-13,13/04 - 19/04/2026,SANTO ANDRÉ,DELIVERY,4442.65
2026-04-18,2026,4,18,Abr,Abril,2026-04,Abr/2026,Sábado,Sáb,6,16,2026-04-13,13/04 - 19/04/2026,TATUAPÉ,DELIVERY,3919.83
2026-04-18,2026,4,18,Abr,Abril,2026-04,Abr/2026,Sábado,Sáb,6,16,2026-04-13,13/04 - 19/04/2026,VILA MADALENA,DELIVERY,2428.7
2026-04-18,2026,4,18,Abr,Abril,2026-04,Abr/2026,Sábado,Sáb,6,16,2026-04-13,13/04 - 19/04/2026,VILA MARIANA,DELIVERY,4951.47
2026-04-19,2026,4,19,Abr,Abril,2026-04,Abr/2026,Domingo,Dom,7,16,2026-04-13,13/04 - 19/04/2026,CARINAS,DELIVERY,4976.08
2026-04-19,2026,4,19,Abr,Abril,2026-04,Abr/2026,Domingo,Dom,7,16,2026-04-13,13/04 - 19/04/2026,CHÁCARA,DELIVERY,5930.54
2026-04-19,2026,4,19,Abr,Abril,2026-04,Abr/2026,Domingo,Dom,7,16,2026-04-13,13/04 - 19/04/2026,LAPA,DELIVERY,4080.94
2026-04-19,2026,4,19,Abr,Abril,2026-04,Abr/2026,Domingo,Dom,7,16,2026-04-13,13/04 - 19/04/2026,PAVÃO,DELIVERY,3039.76
2026-04-19,2026,4,19,Abr,Abril,2026-04,Abr/2026,Domingo,Dom,7,16,2026-04-13,13/04 - 19/04/2026,PERDIZES,DELIVERY,4778.71
2026-04-19,2026,4,19,Abr,Abril,2026-04,Abr/2026,Domingo,Dom,7,16,2026-04-13,13/04 - 19/04/2026,SANTANA,DELIVERY,3565.22
2026-04-19,2026,4,19,Abr,Abril,2026-04,Abr/2026,Domingo,Dom,7,16,2026-04-13,13/04 - 19/04/2026,SANTO ANDRÉ,DELIVERY,4823.39
2026-04-19,2026,4,19,Abr,Abril,2026-04,Abr/2026,Domingo,Dom,7,16,2026-04-13,13/04 - 19/04/2026,TATUAPÉ,DELIVERY,6617.44
2026-04-19,2026,4,19,Abr,Abril,2026-04,Abr/2026,Domingo,Dom,7,16,2026-04-13,13/04 - 19/04/2026,VILA MADALENA,DELIVERY,4187.6
2026-04-19,2026,4,19,Abr,Abril,2026-04,Abr/2026,Domingo,Dom,7,16,2026-04-13,13/04 - 19/04/2026,VILA MARIANA,DELIVERY,3167.64
2026-04-20,2026,4,20,Abr,Abril,2026-04,Abr/2026,Segunda,Seg,1,17,2026-04-20,20/04 - 26/04/2026,CARINAS,DELIVERY,4614.58
2026-04-20,2026,4,20,Abr,Abril,2026-04,Abr/2026,Segunda,Seg,1,17,2026-04-20,20/04 - 26/04/2026,CHÁCARA,DELIVERY,5145.6
2026-04-20,2026,4,20,Abr,Abril,2026-04,Abr/2026,Segunda,Seg,1,17,2026-04-20,20/04 - 26/04/2026,LAPA,DELIVERY,2497.25
2026-04-20,2026,4,20,Abr,Abril,2026-04,Abr/2026,Segunda,Seg,1,17,2026-04-20,20/04 - 26/04/2026,PAVÃO,DELIVERY,1334.66
2026-04-20,2026,4,20,Abr,Abril,2026-04,Abr/2026,Segunda,Seg,1,17,2026-04-20,20/04 - 26/04/2026,PERDIZES,DELIVERY,3706.09
2026-04-20,2026,4,20,Abr,Abril,2026-04,Abr/2026,Segunda,Seg,1,17,2026-04-20,20/04 - 26/04/2026,SANTANA,DELIVERY,4637.31
2026-04-20,2026,4,20,Abr,Abril,2026-04,Abr/2026,Segunda,Seg,1,17,2026-04-20,20/04 - 26/04/2026,SANTO ANDRÉ,DELIVERY,2532.58
2026-04-20,2026,4,20,Abr,Abril,2026-04,Abr/2026,Segunda,Seg,1,17,2026-04-20,20/04 - 26/04/2026,TATUAPÉ,DELIVERY,4615.14
2026-04-20,2026,4,20,Abr,Abril,2026-04,Abr/2026,Segunda,Seg,1,17,2026-04-20,20/04 - 26/04/2026,VILA MADALENA,DELIVERY,3629.69
2026-04-20,2026,4,20,Abr,Abril,2026-04,Abr/2026,Segunda,Seg,1,17,2026-04-20,20/04 - 26/04/2026,VILA MARIANA,DELIVERY,4763.06
2026-04-21,2026,4,21,Abr,Abril,2026-04,Abr/2026,Terça,Ter,2,17,2026-04-20,20/04 - 26/04/2026,CARINAS,DELIVERY,5910.51
2026-04-21,2026,4,21,Abr,Abril,2026-04,Abr/2026,Terça,Ter,2,17,2026-04-20,20/04 - 26/04/2026,CHÁCARA,DELIVERY,6776.58
2026-04-21,2026,4,21,Abr,Abril,2026-04,Abr/2026,Terça,Ter,2,17,2026-04-20,20/04 - 26/04/2026,LAPA,DELIVERY,2605.47
2026-04-21,2026,4,21,Abr,Abril,2026-04,Abr/2026,Terça,Ter,2,17,2026-04-20,20/04 - 26/04/2026,PAVÃO,DELIVERY,3406.72
2026-04-21,2026,4,21,Abr,Abril,2026-04,Abr/2026,Terça,Ter,2,17,2026-04-20,20/04 - 26/04/2026,PERDIZES,DELIVERY,3138.91
2026-04-21,2026,4,21,Abr,Abril,2026-04,Abr/2026,Terça,Ter,2,17,2026-04-20,20/04 - 26/04/2026,SANTANA,DELIVERY,7029.96
2026-04-21,2026,4,21,Abr,Abril,2026-04,Abr/2026,Terça,Ter,2,17,2026-04-20,20/04 - 26/04/2026,SANTO ANDRÉ,DELIVERY,5491.58
2026-04-21,2026,4,21,Abr,Abril,2026-04,Abr/2026,Terça,Ter,2,17,2026-04-20,20/04 - 26/04/2026,TATUAPÉ,DELIVERY,5575.05
2026-04-21,2026,4,21,Abr,Abril,2026-04,Abr/2026,Terça,Ter,2,17,2026-04-20,20/04 - 26/04/2026,VILA MADALENA,DELIVERY,3438.49
2026-04-21,2026,4,21,Abr,Abril,2026-04,Abr/2026,Terça,Ter,2,17,2026-04-20,20/04 - 26/04/2026,VILA MARIANA,DELIVERY,5404.65
2026-04-22,2026,4,22,Abr,Abril,2026-04,Abr/2026,Quarta,Qua,3,17,2026-04-20,20/04 - 26/04/2026,CARINAS,DELIVERY,3967.79
2026-04-22,2026,4,22,Abr,Abril,2026-04,Abr/2026,Quarta,Qua,3,17,2026-04-20,20/04 - 26/04/2026,CHÁCARA,DELIVERY,2543.09
2026-04-22,2026,4,22,Abr,Abril,2026-04,Abr/2026,Quarta,Qua,3,17,2026-04-20,20/04 - 26/04/2026,LAPA,DELIVERY,441.53
2026-04-22,2026,4,22,Abr,Abril,2026-04,Abr/2026,Quarta,Qua,3,17,2026-04-20,20/04 - 26/04/2026,PAVÃO,DELIVERY,1903.31
2026-04-22,2026,4,22,Abr,Abril,2026-04,Abr/2026,Quarta,Qua,3,17,2026-04-20,20/04 - 26/04/2026,PERDIZES,DELIVERY,1638.52
2026-04-22,2026,4,22,Abr,Abril,2026-04,Abr/2026,Quarta,Qua,3,17,2026-04-20,20/04 - 26/04/2026,SANTANA,DELIVERY,2142.94
2026-04-22,2026,4,22,Abr,Abril,2026-04,Abr/2026,Quarta,Qua,3,17,2026-04-20,20/04 - 26/04/2026,SANTO ANDRÉ,DELIVERY,1357.57
2026-04-22,2026,4,22,Abr,Abril,2026-04,Abr/2026,Quarta,Qua,3,17,2026-04-20,20/04 - 26/04/2026,TATUAPÉ,DELIVERY,1700.66
2026-04-22,2026,4,22,Abr,Abril,2026-04,Abr/2026,Quarta,Qua,3,17,2026-04-20,20/04 - 26/04/2026,VILA MADALENA,DELIVERY,1344.09
2026-04-22,2026,4,22,Abr,Abril,2026-04,Abr/2026,Quarta,Qua,3,17,2026-04-20,20/04 - 26/04/2026,VILA MARIANA,DELIVERY,2881.71
2026-04-23,2026,4,23,Abr,Abril,2026-04,Abr/2026,Quinta,Qui,4,17,2026-04-20,20/04 - 26/04/2026,CARINAS,DELIVERY,3972.49
2026-04-23,2026,4,23,Abr,Abril,2026-04,Abr/2026,Quinta,Qui,4,17,2026-04-20,20/04 - 26/04/2026,CHÁCARA,DELIVERY,2412.92
2026-04-23,2026,4,23,Abr,Abril,2026-04,Abr/2026,Quinta,Qui,4,17,2026-04-20,20/04 - 26/04/2026,LAPA,DELIVERY,590.11
2026-04-23,2026,4,23,Abr,Abril,2026-04,Abr/2026,Quinta,Qui,4,17,2026-04-20,20/04 - 26/04/2026,PAVÃO,DELIVERY,1595.36
2026-04-23,2026,4,23,Abr,Abril,2026-04,Abr/2026,Quinta,Qui,4,17,2026-04-20,20/04 - 26/04/2026,PERDIZES,DELIVERY,1517.45
2026-04-23,2026,4,23,Abr,Abril,2026-04,Abr/2026,Quinta,Qui,4,17,2026-04-20,20/04 - 26/04/2026,SANTANA,DELIVERY,2994.07
2026-04-23,2026,4,23,Abr,Abril,2026-04,Abr/2026,Quinta,Qui,4,17,2026-04-20,20/04 - 26/04/2026,SANTO ANDRÉ,DELIVERY,2513.82
2026-04-23,2026,4,23,Abr,Abril,2026-04,Abr/2026,Quinta,Qui,4,17,2026-04-20,20/04 - 26/04/2026,TATUAPÉ,DELIVERY,2433.56
2026-04-23,2026,4,23,Abr,Abril,2026-04,Abr/2026,Quinta,Qui,4,17,2026-04-20,20/04 - 26/04/2026,VILA MADALENA,DELIVERY,1843.1
2026-04-23,2026,4,23,Abr,Abril,2026-04,Abr/2026,Quinta,Qui,4,17,2026-04-20,20/04 - 26/04/2026,VILA MARIANA,DELIVERY,3665.9
2026-04-24,2026,4,24,Abr,Abril,2026-04,Abr/2026,Sexta,Sex,5,17,2026-04-20,20/04 - 26/04/2026,CARINAS,DELIVERY,4769.52
2026-04-24,2026,4,24,Abr,Abril,2026-04,Abr/2026,Sexta,Sex,5,17,2026-04-20,20/04 - 26/04/2026,CHÁCARA,DELIVERY,2904.41
2026-04-24,2026,4,24,Abr,Abril,2026-04,Abr/2026,Sexta,Sex,5,17,2026-04-20,20/04 - 26/04/2026,LAPA,DELIVERY,1291.92
2026-04-24,2026,4,24,Abr,Abril,2026-04,Abr/2026,Sexta,Sex,5,17,2026-04-20,20/04 - 26/04/2026,PAVÃO,DELIVERY,2799.66
2026-04-24,2026,4,24,Abr,Abril,2026-04,Abr/2026,Sexta,Sex,5,17,2026-04-20,20/04 - 26/04/2026,PERDIZES,DELIVERY,2309.69
2026-04-24,2026,4,24,Abr,Abril,2026-04,Abr/2026,Sexta,Sex,5,17,2026-04-20,20/04 - 26/04/2026,SANTANA,DELIVERY,3594.51
2026-04-24,2026,4,24,Abr,Abril,2026-04,Abr/2026,Sexta,Sex,5,17,2026-04-20,20/04 - 26/04/2026,SANTO ANDRÉ,DELIVERY,2272.72
2026-04-24,2026,4,24,Abr,Abril,2026-04,Abr/2026,Sexta,Sex,5,17,2026-04-20,20/04 - 26/04/2026,TATUAPÉ,DELIVERY,2033.71
2026-04-24,2026,4,24,Abr,Abril,2026-04,Abr/2026,Sexta,Sex,5,17,2026-04-20,20/04 - 26/04/2026,VILA MADALENA,DELIVERY,3271.59
2026-04-24,2026,4,24,Abr,Abril,2026-04,Abr/2026,Sexta,Sex,5,17,2026-04-20,20/04 - 26/04/2026,VILA MARIANA,DELIVERY,5853.58
2026-04-25,2026,4,25,Abr,Abril,2026-04,Abr/2026,Sábado,Sáb,6,17,2026-04-20,20/04 - 26/04/2026,CARINAS,DELIVERY,4778.53
2026-04-25,2026,4,25,Abr,Abril,2026-04,Abr/2026,Sábado,Sáb,6,17,2026-04-20,20/04 - 26/04/2026,CHÁCARA,DELIVERY,7491.76
2026-04-25,2026,4,25,Abr,Abril,2026-04,Abr/2026,Sábado,Sáb,6,17,2026-04-20,20/04 - 26/04/2026,LAPA,DELIVERY,4604.24
2026-04-25,2026,4,25,Abr,Abril,2026-04,Abr/2026,Sábado,Sáb,6,17,2026-04-20,20/04 - 26/04/2026,PAVÃO,DELIVERY,4109.67
2026-04-25,2026,4,25,Abr,Abril,2026-04,Abr/2026,Sábado,Sáb,6,17,2026-04-20,20/04 - 26/04/2026,PERDIZES,DELIVERY,4381.79
2026-04-25,2026,4,25,Abr,Abril,2026-04,Abr/2026,Sábado,Sáb,6,17,2026-04-20,20/04 - 26/04/2026,SANTANA,DELIVERY,3358.7
2026-04-25,2026,4,25,Abr,Abril,2026-04,Abr/2026,Sábado,Sáb,6,17,2026-04-20,20/04 - 26/04/2026,SANTO ANDRÉ,DELIVERY,4565.82
2026-04-25,2026,4,25,Abr,Abril,2026-04,Abr/2026,Sábado,Sáb,6,17,2026-04-20,20/04 - 26/04/2026,TATUAPÉ,DELIVERY,6418.37
2026-04-25,2026,4,25,Abr,Abril,2026-04,Abr/2026,Sábado,Sáb,6,17,2026-04-20,20/04 - 26/04/2026,VILA MADALENA,DELIVERY,5639.87
2026-04-25,2026,4,25,Abr,Abril,2026-04,Abr/2026,Sábado,Sáb,6,17,2026-04-20,20/04 - 26/04/2026,VILA MARIANA,DELIVERY,5176.34
2026-04-26,2026,4,26,Abr,Abril,2026-04,Abr/2026,Domingo,Dom,7,17,2026-04-20,20/04 - 26/04/2026,CARINAS,DELIVERY,7074.85
2026-04-26,2026,4,26,Abr,Abril,2026-04,Abr/2026,Domingo,Dom,7,17,2026-04-20,20/04 - 26/04/2026,CHÁCARA,DELIVERY,7222.41
2026-04-26,2026,4,26,Abr,Abril,2026-04,Abr/2026,Domingo,Dom,7,17,2026-04-20,20/04 - 26/04/2026,LAPA,DELIVERY,3828.55
2026-04-26,2026,4,26,Abr,Abril,2026-04,Abr/2026,Domingo,Dom,7,17,2026-04-20,20/04 - 26/04/2026,PAVÃO,DELIVERY,2398.24
2026-04-26,2026,4,26,Abr,Abril,2026-04,Abr/2026,Domingo,Dom,7,17,2026-04-20,20/04 - 26/04/2026,PERDIZES,DELIVERY,6896.58
2026-04-26,2026,4,26,Abr,Abril,2026-04,Abr/2026,Domingo,Dom,7,17,2026-04-20,20/04 - 26/04/2026,SANTANA,DELIVERY,10485.01
2026-04-26,2026,4,26,Abr,Abril,2026-04,Abr/2026,Domingo,Dom,7,17,2026-04-20,20/04 - 26/04/2026,SANTO ANDRÉ,DELIVERY,4849.61
2026-04-26,2026,4,26,Abr,Abril,2026-04,Abr/2026,Domingo,Dom,7,17,2026-04-20,20/04 - 26/04/2026,TATUAPÉ,DELIVERY,5318.33
2026-04-26,2026,4,26,Abr,Abril,2026-04,Abr/2026,Domingo,Dom,7,17,2026-04-20,20/04 - 26/04/2026,VILA MADALENA,DELIVERY,5217.66
2026-04-26,2026,4,26,Abr,Abril,2026-04,Abr/2026,Domingo,Dom,7,17,2026-04-20,20/04 - 26/04/2026,VILA MARIANA,DELIVERY,7116.09
2026-04-27,2026,4,27,Abr,Abril,2026-04,Abr/2026,Segunda,Seg,1,18,2026-04-27,27/04 - 03/05/2026,SANTANA,DELIVERY,4615.22
2026-04-27,2026,4,27,Abr,Abril,2026-04,Abr/2026,Segunda,Seg,1,18,2026-04-27,27/04 - 03/05/2026,SANTO ANDRÉ,DELIVERY,1356.67
2026-04-28,2026,4,28,Abr,Abril,2026-04,Abr/2026,Terça,Ter,2,18,2026-04-27,27/04 - 03/05/2026,CARINAS,DELIVERY,2765.47
2026-04-28,2026,4,28,Abr,Abril,2026-04,Abr/2026,Terça,Ter,2,18,2026-04-27,27/04 - 03/05/2026,CHÁCARA,DELIVERY,2917.34
2026-04-28,2026,4,28,Abr,Abril,2026-04,Abr/2026,Terça,Ter,2,18,2026-04-27,27/04 - 03/05/2026,LAPA,DELIVERY,1265.25
2026-04-28,2026,4,28,Abr,Abril,2026-04,Abr/2026,Terça,Ter,2,18,2026-04-27,27/04 - 03/05/2026,PAVÃO,DELIVERY,2360.13
2026-04-28,2026,4,28,Abr,Abril,2026-04,Abr/2026,Terça,Ter,2,18,2026-04-27,27/04 - 03/05/2026,PERDIZES,DELIVERY,1016.59
2026-04-28,2026,4,28,Abr,Abril,2026-04,Abr/2026,Terça,Ter,2,18,2026-04-27,27/04 - 03/05/2026,SANTANA,DELIVERY,1996.48
2026-04-28,2026,4,28,Abr,Abril,2026-04,Abr/2026,Terça,Ter,2,18,2026-04-27,27/04 - 03/05/2026,SANTO ANDRÉ,DELIVERY,1488.92
2026-04-28,2026,4,28,Abr,Abril,2026-04,Abr/2026,Terça,Ter,2,18,2026-04-27,27/04 - 03/05/2026,TATUAPÉ,DELIVERY,2881.55
2026-04-28,2026,4,28,Abr,Abril,2026-04,Abr/2026,Terça,Ter,2,18,2026-04-27,27/04 - 03/05/2026,VILA MADALENA,DELIVERY,3627.7
2026-04-28,2026,4,28,Abr,Abril,2026-04,Abr/2026,Terça,Ter,2,18,2026-04-27,27/04 - 03/05/2026,VILA MARIANA,DELIVERY,2986.25
2026-04-29,2026,4,29,Abr,Abril,2026-04,Abr/2026,Quarta,Qua,3,18,2026-04-27,27/04 - 03/05/2026,CARINAS,DELIVERY,4177.82
2026-04-29,2026,4,29,Abr,Abril,2026-04,Abr/2026,Quarta,Qua,3,18,2026-04-27,27/04 - 03/05/2026,CHÁCARA,DELIVERY,3765.41
2026-04-29,2026,4,29,Abr,Abril,2026-04,Abr/2026,Quarta,Qua,3,18,2026-04-27,27/04 - 03/05/2026,LAPA,DELIVERY,795.6
2026-04-29,2026,4,29,Abr,Abril,2026-04,Abr/2026,Quarta,Qua,3,18,2026-04-27,27/04 - 03/05/2026,PAVÃO,DELIVERY,2626.15
2026-04-29,2026,4,29,Abr,Abril,2026-04,Abr/2026,Quarta,Qua,3,18,2026-04-27,27/04 - 03/05/2026,PERDIZES,DELIVERY,2583.1
2026-04-29,2026,4,29,Abr,Abril,2026-04,Abr/2026,Quarta,Qua,3,18,2026-04-27,27/04 - 03/05/2026,SANTANA,DELIVERY,2436.7
2026-04-29,2026,4,29,Abr,Abril,2026-04,Abr/2026,Quarta,Qua,3,18,2026-04-27,27/04 - 03/05/2026,SANTO ANDRÉ,DELIVERY,2750.79
2026-04-29,2026,4,29,Abr,Abril,2026-04,Abr/2026,Quarta,Qua,3,18,2026-04-27,27/04 - 03/05/2026,TATUAPÉ,DELIVERY,1969.02
2026-04-29,2026,4,29,Abr,Abril,2026-04,Abr/2026,Quarta,Qua,3,18,2026-04-27,27/04 - 03/05/2026,VILA MADALENA,DELIVERY,2443.88
2026-04-29,2026,4,29,Abr,Abril,2026-04,Abr/2026,Quarta,Qua,3,18,2026-04-27,27/04 - 03/05/2026,VILA MARIANA,DELIVERY,4758.28
2026-04-30,2026,4,30,Abr,Abril,2026-04,Abr/2026,Quinta,Qui,4,18,2026-04-27,27/04 - 03/05/2026,CARINAS,DELIVERY,3686.35
2026-04-30,2026,4,30,Abr,Abril,2026-04,Abr/2026,Quinta,Qui,4,18,2026-04-27,27/04 - 03/05/2026,CHÁCARA,DELIVERY,3177.33
2026-04-30,2026,4,30,Abr,Abril,2026-04,Abr/2026,Quinta,Qui,4,18,2026-04-27,27/04 - 03/05/2026,LAPA,DELIVERY,2629.48
2026-04-30,2026,4,30,Abr,Abril,2026-04,Abr/2026,Quinta,Qui,4,18,2026-04-27,27/04 - 03/05/2026,PAVÃO,DELIVERY,2419.56
2026-04-30,2026,4,30,Abr,Abril,2026-04,Abr/2026,Quinta,Qui,4,18,2026-04-27,27/04 - 03/05/2026,PERDIZES,DELIVERY,1812.97
2026-04-30,2026,4,30,Abr,Abril,2026-04,Abr/2026,Quinta,Qui,4,18,2026-04-27,27/04 - 03/05/2026,SANTANA,DELIVERY,3557.62
2026-04-30,2026,4,30,Abr,Abril,2026-04,Abr/2026,Quinta,Qui,4,18,2026-04-27,27/04 - 03/05/2026,SANTO ANDRÉ,DELIVERY,2935.85
2026-04-30,2026,4,30,Abr,Abril,2026-04,Abr/2026,Quinta,Qui,4,18,2026-04-27,27/04 - 03/05/2026,TATUAPÉ,DELIVERY,3605.41
2026-04-30,2026,4,30,Abr,Abril,2026-04,Abr/2026,Quinta,Qui,4,18,2026-04-27,27/04 - 03/05/2026,VILA MARIANA,DELIVERY,6374.59
2026-05-01,2026,5,1,Mai,Maio,2026-05,Mai/2026,Sexta,Sex,5,18,2026-04-27,27/04 - 03/05/2026,CARINAS,DELIVERY,7283.27
2026-05-01,2026,5,1,Mai,Maio,2026-05,Mai/2026,Sexta,Sex,5,18,2026-04-27,27/04 - 03/05/2026,CHÁCARA,DELIVERY,8160.78
2026-05-01,2026,5,1,Mai,Maio,2026-05,Mai/2026,Sexta,Sex,5,18,2026-04-27,27/04 - 03/05/2026,LAPA,DELIVERY,4206.64
2026-05-01,2026,5,1,Mai,Maio,2026-05,Mai/2026,Sexta,Sex,5,18,2026-04-27,27/04 - 03/05/2026,PAVÃO,DELIVERY,2823.08
2026-05-01,2026,5,1,Mai,Maio,2026-05,Mai/2026,Sexta,Sex,5,18,2026-04-27,27/04 - 03/05/2026,PERDIZES,DELIVERY,5297.49
2026-05-01,2026,5,1,Mai,Maio,2026-05,Mai/2026,Sexta,Sex,5,18,2026-04-27,27/04 - 03/05/2026,SANTANA,DELIVERY,6019.04
2026-05-01,2026,5,1,Mai,Maio,2026-05,Mai/2026,Sexta,Sex,5,18,2026-04-27,27/04 - 03/05/2026,SANTO ANDRÉ,DELIVERY,3695.84
2026-05-01,2026,5,1,Mai,Maio,2026-05,Mai/2026,Sexta,Sex,5,18,2026-04-27,27/04 - 03/05/2026,TATUAPÉ,DELIVERY,5659.44
2026-05-01,2026,5,1,Mai,Maio,2026-05,Mai/2026,Sexta,Sex,5,18,2026-04-27,27/04 - 03/05/2026,VILA MADALENA,DELIVERY,6046.7
2026-05-01,2026,5,1,Mai,Maio,2026-05,Mai/2026,Sexta,Sex,5,18,2026-04-27,27/04 - 03/05/2026,VILA MARIANA,DELIVERY,6415.06
2026-05-02,2026,5,2,Mai,Maio,2026-05,Mai/2026,Sábado,Sáb,6,18,2026-04-27,27/04 - 03/05/2026,CARINAS,DELIVERY,5016.77
2026-05-02,2026,5,2,Mai,Maio,2026-05,Mai/2026,Sábado,Sáb,6,18,2026-04-27,27/04 - 03/05/2026,CHÁCARA,DELIVERY,5413.07
2026-05-02,2026,5,2,Mai,Maio,2026-05,Mai/2026,Sábado,Sáb,6,18,2026-04-27,27/04 - 03/05/2026,LAPA,DELIVERY,1513.07
2026-05-02,2026,5,2,Mai,Maio,2026-05,Mai/2026,Sábado,Sáb,6,18,2026-04-27,27/04 - 03/05/2026,PAVÃO,DELIVERY,3564.76
2026-05-02,2026,5,2,Mai,Maio,2026-05,Mai/2026,Sábado,Sáb,6,18,2026-04-27,27/04 - 03/05/2026,PERDIZES,DELIVERY,4337.95
2026-05-02,2026,5,2,Mai,Maio,2026-05,Mai/2026,Sábado,Sáb,6,18,2026-04-27,27/04 - 03/05/2026,SANTANA,DELIVERY,5263.92
2026-05-02,2026,5,2,Mai,Maio,2026-05,Mai/2026,Sábado,Sáb,6,18,2026-04-27,27/04 - 03/05/2026,SANTO ANDRÉ,DELIVERY,2394.14
2026-05-02,2026,5,2,Mai,Maio,2026-05,Mai/2026,Sábado,Sáb,6,18,2026-04-27,27/04 - 03/05/2026,TATUAPÉ,DELIVERY,3751.51
2026-05-02,2026,5,2,Mai,Maio,2026-05,Mai/2026,Sábado,Sáb,6,18,2026-04-27,27/04 - 03/05/2026,VILA MADALENA,DELIVERY,2233.59
2026-05-02,2026,5,2,Mai,Maio,2026-05,Mai/2026,Sábado,Sáb,6,18,2026-04-27,27/04 - 03/05/2026,VILA MARIANA,DELIVERY,6217.73
2026-05-03,2026,5,3,Mai,Maio,2026-05,Mai/2026,Domingo,Dom,7,18,2026-04-27,27/04 - 03/05/2026,CARINAS,DELIVERY,7619.94
2026-05-03,2026,5,3,Mai,Maio,2026-05,Mai/2026,Domingo,Dom,7,18,2026-04-27,27/04 - 03/05/2026,CHÁCARA,DELIVERY,7544.71
2026-05-03,2026,5,3,Mai,Maio,2026-05,Mai/2026,Domingo,Dom,7,18,2026-04-27,27/04 - 03/05/2026,LAPA,DELIVERY,6386.32
2026-05-03,2026,5,3,Mai,Maio,2026-05,Mai/2026,Domingo,Dom,7,18,2026-04-27,27/04 - 03/05/2026,PAVÃO,DELIVERY,3438.21
2026-05-03,2026,5,3,Mai,Maio,2026-05,Mai/2026,Domingo,Dom,7,18,2026-04-27,27/04 - 03/05/2026,PERDIZES,DELIVERY,5676.25
2026-05-03,2026,5,3,Mai,Maio,2026-05,Mai/2026,Domingo,Dom,7,18,2026-04-27,27/04 - 03/05/2026,SANTANA,DELIVERY,7938.87
2026-05-03,2026,5,3,Mai,Maio,2026-05,Mai/2026,Domingo,Dom,7,18,2026-04-27,27/04 - 03/05/2026,SANTO ANDRÉ,DELIVERY,5555.07
2026-05-03,2026,5,3,Mai,Maio,2026-05,Mai/2026,Domingo,Dom,7,18,2026-04-27,27/04 - 03/05/2026,TATUAPÉ,DELIVERY,5098.4
2026-05-03,2026,5,3,Mai,Maio,2026-05,Mai/2026,Domingo,Dom,7,18,2026-04-27,27/04 - 03/05/2026,VILA MADALENA,DELIVERY,5521.08
2026-05-03,2026,5,3,Mai,Maio,2026-05,Mai/2026,Domingo,Dom,7,18,2026-04-27,27/04 - 03/05/2026,VILA MARIANA,DELIVERY,6329.79
2026-05-04,2026,5,4,Mai,Maio,2026-05,Mai/2026,Segunda,Seg,1,19,2026-05-04,04/05 - 10/05/2026,CARINAS,DELIVERY,3784.19
2026-05-04,2026,5,4,Mai,Maio,2026-05,Mai/2026,Segunda,Seg,1,19,2026-05-04,04/05 - 10/05/2026,SANTANA,DELIVERY,1819.89
2026-05-04,2026,5,4,Mai,Maio,2026-05,Mai/2026,Segunda,Seg,1,19,2026-05-04,04/05 - 10/05/2026,SANTO ANDRÉ,DELIVERY,2261.21
2026-05-05,2026,5,5,Mai,Maio,2026-05,Mai/2026,Terça,Ter,2,19,2026-05-04,04/05 - 10/05/2026,CARINAS,DELIVERY,4829.99
2026-05-05,2026,5,5,Mai,Maio,2026-05,Mai/2026,Terça,Ter,2,19,2026-05-04,04/05 - 10/05/2026,CHÁCARA,DELIVERY,2842.9
2026-05-05,2026,5,5,Mai,Maio,2026-05,Mai/2026,Terça,Ter,2,19,2026-05-04,04/05 - 10/05/2026,LAPA,DELIVERY,1038.49
2026-05-05,2026,5,5,Mai,Maio,2026-05,Mai/2026,Terça,Ter,2,19,2026-05-04,04/05 - 10/05/2026,PAVÃO,DELIVERY,3009.5
2026-05-05,2026,5,5,Mai,Maio,2026-05,Mai/2026,Terça,Ter,2,19,2026-05-04,04/05 - 10/05/2026,PERDIZES,DELIVERY,1714.19
2026-05-05,2026,5,5,Mai,Maio,2026-05,Mai/2026,Terça,Ter,2,19,2026-05-04,04/05 - 10/05/2026,SANTANA,DELIVERY,4344.88
2026-05-05,2026,5,5,Mai,Maio,2026-05,Mai/2026,Terça,Ter,2,19,2026-05-04,04/05 - 10/05/2026,SANTO ANDRÉ,DELIVERY,1823.42
2026-05-05,2026,5,5,Mai,Maio,2026-05,Mai/2026,Terça,Ter,2,19,2026-05-04,04/05 - 10/05/2026,TATUAPÉ,DELIVERY,4123.63
2026-05-05,2026,5,5,Mai,Maio,2026-05,Mai/2026,Terça,Ter,2,19,2026-05-04,04/05 - 10/05/2026,VILA MADALENA,DELIVERY,1603.6
2026-05-05,2026,5,5,Mai,Maio,2026-05,Mai/2026,Terça,Ter,2,19,2026-05-04,04/05 - 10/05/2026,VILA MARIANA,DELIVERY,2323.51
2026-05-06,2026,5,6,Mai,Maio,2026-05,Mai/2026,Quarta,Qua,3,19,2026-05-04,04/05 - 10/05/2026,CARINAS,DELIVERY,5212.62
2026-05-06,2026,5,6,Mai,Maio,2026-05,Mai/2026,Quarta,Qua,3,19,2026-05-04,04/05 - 10/05/2026,CHÁCARA,DELIVERY,3352.78
2026-05-06,2026,5,6,Mai,Maio,2026-05,Mai/2026,Quarta,Qua,3,19,2026-05-04,04/05 - 10/05/2026,LAPA,DELIVERY,1919.4
2026-05-06,2026,5,6,Mai,Maio,2026-05,Mai/2026,Quarta,Qua,3,19,2026-05-04,04/05 - 10/05/2026,PAVÃO,DELIVERY,2141.78
2026-05-06,2026,5,6,Mai,Maio,2026-05,Mai/2026,Quarta,Qua,3,19,2026-05-04,04/05 - 10/05/2026,PERDIZES,DELIVERY,3782.64
2026-05-06,2026,5,6,Mai,Maio,2026-05,Mai/2026,Quarta,Qua,3,19,2026-05-04,04/05 - 10/05/2026,SANTANA,DELIVERY,3311.49
2026-05-06,2026,5,6,Mai,Maio,2026-05,Mai/2026,Quarta,Qua,3,19,2026-05-04,04/05 - 10/05/2026,SANTO ANDRÉ,DELIVERY,3147.33
2026-05-06,2026,5,6,Mai,Maio,2026-05,Mai/2026,Quarta,Qua,3,19,2026-05-04,04/05 - 10/05/2026,TATUAPÉ,DELIVERY,1758.12
2026-05-06,2026,5,6,Mai,Maio,2026-05,Mai/2026,Quarta,Qua,3,19,2026-05-04,04/05 - 10/05/2026,VILA MADALENA,DELIVERY,2181.59
2026-05-06,2026,5,6,Mai,Maio,2026-05,Mai/2026,Quarta,Qua,3,19,2026-05-04,04/05 - 10/05/2026,VILA MARIANA,DELIVERY,4297.6
2026-05-07,2026,5,7,Mai,Maio,2026-05,Mai/2026,Quinta,Qui,4,19,2026-05-04,04/05 - 10/05/2026,CARINAS,DELIVERY,4236.75
2026-05-07,2026,5,7,Mai,Maio,2026-05,Mai/2026,Quinta,Qui,4,19,2026-05-04,04/05 - 10/05/2026,CHÁCARA,DELIVERY,3683.38
2026-05-07,2026,5,7,Mai,Maio,2026-05,Mai/2026,Quinta,Qui,4,19,2026-05-04,04/05 - 10/05/2026,LAPA,DELIVERY,2260.49
2026-05-07,2026,5,7,Mai,Maio,2026-05,Mai/2026,Quinta,Qui,4,19,2026-05-04,04/05 - 10/05/2026,PAVÃO,DELIVERY,1819.18
2026-05-07,2026,5,7,Mai,Maio,2026-05,Mai/2026,Quinta,Qui,4,19,2026-05-04,04/05 - 10/05/2026,PERDIZES,DELIVERY,2763.13
2026-05-07,2026,5,7,Mai,Maio,2026-05,Mai/2026,Quinta,Qui,4,19,2026-05-04,04/05 - 10/05/2026,SANTANA,DELIVERY,1323.91
2026-05-07,2026,5,7,Mai,Maio,2026-05,Mai/2026,Quinta,Qui,4,19,2026-05-04,04/05 - 10/05/2026,SANTO ANDRÉ,DELIVERY,3141.83
2026-05-07,2026,5,7,Mai,Maio,2026-05,Mai/2026,Quinta,Qui,4,19,2026-05-04,04/05 - 10/05/2026,TATUAPÉ,DELIVERY,1597.77
2026-05-07,2026,5,7,Mai,Maio,2026-05,Mai/2026,Quinta,Qui,4,19,2026-05-04,04/05 - 10/05/2026,VILA MADALENA,DELIVERY,2991.8
2026-05-07,2026,5,7,Mai,Maio,2026-05,Mai/2026,Quinta,Qui,4,19,2026-05-04,04/05 - 10/05/2026,VILA MARIANA,DELIVERY,6647.01
2026-05-08,2026,5,8,Mai,Maio,2026-05,Mai/2026,Sexta,Sex,5,19,2026-05-04,04/05 - 10/05/2026,CARINAS,DELIVERY,5183.24
2026-05-08,2026,5,8,Mai,Maio,2026-05,Mai/2026,Sexta,Sex,5,19,2026-05-04,04/05 - 10/05/2026,CHÁCARA,DELIVERY,3311.43
2026-05-08,2026,5,8,Mai,Maio,2026-05,Mai/2026,Sexta,Sex,5,19,2026-05-04,04/05 - 10/05/2026,LAPA,DELIVERY,3059.86
2026-05-08,2026,5,8,Mai,Maio,2026-05,Mai/2026,Sexta,Sex,5,19,2026-05-04,04/05 - 10/05/2026,PAVÃO,DELIVERY,1915.15
2026-05-08,2026,5,8,Mai,Maio,2026-05,Mai/2026,Sexta,Sex,5,19,2026-05-04,04/05 - 10/05/2026,PERDIZES,DELIVERY,2355.07
2026-05-08,2026,5,8,Mai,Maio,2026-05,Mai/2026,Sexta,Sex,5,19,2026-05-04,04/05 - 10/05/2026,SANTANA,DELIVERY,3155.85
2026-05-08,2026,5,8,Mai,Maio,2026-05,Mai/2026,Sexta,Sex,5,19,2026-05-04,04/05 - 10/05/2026,SANTO ANDRÉ,DELIVERY,3535.92
2026-05-08,2026,5,8,Mai,Maio,2026-05,Mai/2026,Sexta,Sex,5,19,2026-05-04,04/05 - 10/05/2026,TATUAPÉ,DELIVERY,2805.62
2026-05-08,2026,5,8,Mai,Maio,2026-05,Mai/2026,Sexta,Sex,5,19,2026-05-04,04/05 - 10/05/2026,VILA MADALENA,DELIVERY,2254.5
2026-05-08,2026,5,8,Mai,Maio,2026-05,Mai/2026,Sexta,Sex,5,19,2026-05-04,04/05 - 10/05/2026,VILA MARIANA,DELIVERY,5595.83
2026-05-09,2026,5,9,Mai,Maio,2026-05,Mai/2026,Sábado,Sáb,6,19,2026-05-04,04/05 - 10/05/2026,CARINAS,DELIVERY,4516.11
2026-05-09,2026,5,9,Mai,Maio,2026-05,Mai/2026,Sábado,Sáb,6,19,2026-05-04,04/05 - 10/05/2026,CHÁCARA,DELIVERY,7337.74
2026-05-09,2026,5,9,Mai,Maio,2026-05,Mai/2026,Sábado,Sáb,6,19,2026-05-04,04/05 - 10/05/2026,LAPA,DELIVERY,2694.03
2026-05-09,2026,5,9,Mai,Maio,2026-05,Mai/2026,Sábado,Sáb,6,19,2026-05-04,04/05 - 10/05/2026,PAVÃO,DELIVERY,3779.66
2026-05-09,2026,5,9,Mai,Maio,2026-05,Mai/2026,Sábado,Sáb,6,19,2026-05-04,04/05 - 10/05/2026,PERDIZES,DELIVERY,4022.1
2026-05-09,2026,5,9,Mai,Maio,2026-05,Mai/2026,Sábado,Sáb,6,19,2026-05-04,04/05 - 10/05/2026,SANTANA,DELIVERY,6728.71
2026-05-09,2026,5,9,Mai,Maio,2026-05,Mai/2026,Sábado,Sáb,6,19,2026-05-04,04/05 - 10/05/2026,SANTO ANDRÉ,DELIVERY,4382.52
2026-05-09,2026,5,9,Mai,Maio,2026-05,Mai/2026,Sábado,Sáb,6,19,2026-05-04,04/05 - 10/05/2026,TATUAPÉ,DELIVERY,3252.32
2026-05-09,2026,5,9,Mai,Maio,2026-05,Mai/2026,Sábado,Sáb,6,19,2026-05-04,04/05 - 10/05/2026,VILA MARIANA,DELIVERY,5739.9
2026-05-10,2026,5,10,Mai,Maio,2026-05,Mai/2026,Domingo,Dom,7,19,2026-05-04,04/05 - 10/05/2026,CARINAS,DELIVERY,8930.54
2026-05-10,2026,5,10,Mai,Maio,2026-05,Mai/2026,Domingo,Dom,7,19,2026-05-04,04/05 - 10/05/2026,CHÁCARA,DELIVERY,6064.16
2026-05-10,2026,5,10,Mai,Maio,2026-05,Mai/2026,Domingo,Dom,7,19,2026-05-04,04/05 - 10/05/2026,LAPA,DELIVERY,1624.97
2026-05-10,2026,5,10,Mai,Maio,2026-05,Mai/2026,Domingo,Dom,7,19,2026-05-04,04/05 - 10/05/2026,PAVÃO,DELIVERY,3039.92
2026-05-10,2026,5,10,Mai,Maio,2026-05,Mai/2026,Domingo,Dom,7,19,2026-05-04,04/05 - 10/05/2026,PERDIZES,DELIVERY,4033.84
2026-05-10,2026,5,10,Mai,Maio,2026-05,Mai/2026,Domingo,Dom,7,19,2026-05-04,04/05 - 10/05/2026,SANTANA,DELIVERY,7584.98
2026-05-10,2026,5,10,Mai,Maio,2026-05,Mai/2026,Domingo,Dom,7,19,2026-05-04,04/05 - 10/05/2026,SANTO ANDRÉ,DELIVERY,5038.0
2026-05-10,2026,5,10,Mai,Maio,2026-05,Mai/2026,Domingo,Dom,7,19,2026-05-04,04/05 - 10/05/2026,TATUAPÉ,DELIVERY,6999.43
2026-05-10,2026,5,10,Mai,Maio,2026-05,Mai/2026,Domingo,Dom,7,19,2026-05-04,04/05 - 10/05/2026,VILA MADALENA,DELIVERY,3005.4
2026-05-10,2026,5,10,Mai,Maio,2026-05,Mai/2026,Domingo,Dom,7,19,2026-05-04,04/05 - 10/05/2026,VILA MARIANA,DELIVERY,5874.77
